4 : 1878
5 : 2534
7 : 1062
12 : 3203
17 : 605 644 1010 1033 1155 1455 1502 1541 1565 1571 1698 1856 1938 1960 2138 2629 2644 2820 2850 2876 3066 3080 3145 3150
18 : 675 1170 1489 1805 1878 2106 2195 2297 2319 2378 2692 2719 2795 2862 3087 3139
23 : 1784
24 : 1487 1751 1805 1862 2665 2695 3140
25 : 1529 1553 1874 2245 2625 2807 3057
26 : 1216 3171
27 : 2341
29 : 1469 1678 1747 2684 2705 2851 2931 2940 2950 2958 3000 3031 3103 3105 3128 3133
30 : 1087
31 : 1846 2184 2265 2738 2939 2940 2957 3031 3100 3103
32 : 1749 2470 2709 2931 2939 2957 3100
33 : 2470
34 : 1349 1591 1771 1862 2451 3022 3146
35 : 2181
36 : 1873
37 : 2047
38 : 20
39 : 3025 3182
40 : 2808
41 : 2486
42 : 675 1350 1400 1455 1524 2060 2730
43 : 479 2264 2300 3094
44 : 1398 2572
45 : 123 595 1643 2310
46 : 205 724 1524 1747 2572
47 : 678 1625 1665 1739 1939 1974 2060 2061 2593 3164
48 : 332 827 854 856 972 1032 1194 1412 1552 1641 1724 1750 1792 1976 2018 2082 2106 2138 2150 2202 2358 2372 2377 2438 2452 2490 2493 2496 2516 2536 2558 2622 2626 2631 2643 2765 2816 2817 2828 2849 2869 2926 3002 3024 3053 3081 3105 3147 3156 3176
49 : 2018 2496 2625 3002 3064 3081 3174
50 : 1326 1408 1725 1976 2018 2203 2560 2593 2891 3081 3084 3134
51 : 1194
52 : 1703 2804 2928 3112
53 : 1408 2060 2688 2715 2816
55 : 3182
56 : 2054 2421 2534
58 : 1703
59 : 1884 2913
60 : 1879
61 : 585 981 1165 1439 1516 1624 1632 1665 2036
62 : 531 855 865 1404 1548 1697 2033 2188 2339 2358 2594 3096 3101
63 : 3074
64 : 1309 1353 2246 2559 3032 3152
66 : 1180 1359 1638 2342 2437
67 : 854 1180 1399 1604 1805 2195 2389 2437 2523 2582 2605 2786 2870 2911 2922 3032 3033 3095
68 : 464 759 1354 1412 1792 1855 1911 1960 2125 2263 2420 2808 2969 3005 3024 3105 3113 3138
69 : 1315
70 : 1071 1238 1282 1412 2499 2682
71 : 1475 3142
72 : 144
73 : 1978
74 : 2421
75 : 981 1411 1474 1644 3057
77 : 1052 1333
78 : 1273 1571 1998 2144 2366
79 : 1170
80 : 1420
81 : 1052 1333 1934 2144
82 : 70 111 755 824 1170 1195 1235 1402 1608 1615 1643 1726 1782 1931 2048 2286 2355 2525 2569 2592 2721 2800 2970 2990 3070 3131 3182
83 : 396 727 1028 1048 1052 2245 2470 2754 2829 2833 3070 3104 3166 3167
84 : 1170 1525 1608 1615 1634 1827 2144 2753 2988
86 : 2652 3020
87 : 1146 1167 1188 1352 1470 1647 1978 2062 2286 2380 2483 2524 2664 2665 2692 2753 2810 2944 2951 3001 3023 3024 3036 3038 3040 3047 3141
88 : 1013 1415 1470 1472 1553 1654 1679 1891 2004 2019 2146 2289 2298 2377 2596 2621 2657 2766 2826 2846 2966 3156
89 : 585 2154
90 : 441 2004 2358
91 : 252 417 1703 1743 1907 1928 2858 3041 3151
95 : 3160
99 : 1349 2840 3146
100 : 2536
101 : 1676
102 : 1507
104 : 1155
105 : 1657
106 : 2198
107 : 617 1470 2002 2264 2340 2378 2517 2823 3113 3198
108 : 1160 1456 1470 1665 1827 1988 1989 2277 2453 2483 2492 2753 2944 3034 3181
110 : 2438 3070 3101
111 : 1456 1713 1740 1826 1844 1928 2378 2500 2571 3081
112 : 68 276 441 1295 1349 1382 1628 1723 1749 1854 1862 2052 2187 2233 2308 2315 2485 2515 2915 3003 3197
113 : 78 1144 1295 1427 1517 1628 1685 1769 1828 2170 2204 2265 2732 2951 3039 3072
115 : 3183
116 : 146
117 : 605 730 894 1134 1224 1236 1413 1433 1439 1533 1623 1641 1698 1699 1845 1890 1997 2275 2299 2527 2680 2684 2721 2864 2988 3067 3094
118 : 2931
119 : 1071 1462 1602 1699 1805 1811 1856 2219 2324 2542 2652 2703 2808 2871 2916 2971
120 : 3164
121 : 3164
122 : 1389 2077 2247 2547 2710 2715 2750
126 : 1862 2341
127 : 1413 1958 3152
128 : 441 849 894 1044 2134 2402 2787 2880 3147
129 : 1236 1856 2886 3152
130 : 462 1325 1352 2048 2093 2767 2890
131 : 2471
132 : 761 1007 1046 1679 2744 3032 3138
133 : 497 585 630 1006 1381 1483 1568 1697 1856 1911 1957 2144 2277 2307 2598 2771 2829 2865 2868 3129 3189
135 : 2479
136 : 40
137 : 116 1614 1856 2002 2035 2852 2991 3138
138 : 40 242 696 824 1033 1099 1147 1237 1254 1365 1381 1420 1484 1721 1856 1958 1988 2137 2144 2321 2341 2366 2396 2479 2627 2686 2771 2832 2939 2994 3104 3138 3160
139 : 332 462 464 497 585 1084 1235 1263 1290 1350 1402 1423 1594 1641 1709 1846 1856 1916 2052 2144 2146 2226 2229 2343 2356 2424 2500 2513 2580 2596 2598 2619 2645 2692 2742 2747 2812 2857 2884 2915 2928 2947 3024 3039 3138 3152 3167
141 : 241 1571 1603 2144 2594
142 : 2620
143 : 93 224 278 492 615 1035 1166 1295 1463 1626 1753 2108 2109 2253 2580 2625 2833 2849 2858 2918 2991 3005 3035
144 : 1750 2035
145 : 616 1868 2194 2251 2893 2941 3027 3032
146 : 40 1271 1517 1753 2194 2625 2858 3064 3173
147 : 40 492 796 1869 1879 2060 2194 2358 2377 2501 2541 2625 2858 2860 3053 3083
148 : 2396
150 : 298 670 1553 2195 3100
151 : 1066 1170 1263 1524 1745 1751 2739 3150
152 : 1489 1491 2592 3135
153 : 2938
154 : 3008
155 : 1504 2177 2289 2980
156 : 1925 2189 2857
157 : 1154
159 : 1385
160 : 1519 1644 2499 3145
161 : 2020
162 : 1443
163 : 495 1514
164 : 1572 1975
167 : 2852 3145 3171
168 : 272 2163 2479 3090
169 : 3050
170 : 2181 2584
171 : 321
172 : 224
173 : 1426
174 : 2627 3018 3157
175 : 1846 2876
176 : 679
177 : 1747 2893
178 : 1135 1703 2003 2313
179 : 1770
180 : 1517
185 : 1459 1535 3193
186 : 796 1066 1381 1471 1945 2216 2314 2398 2406 2538 2776 2923 2985 3148
187 : 724 1324
188 : 2305
189 : 1571 1722 3182
190 : 495 824 950 1110 1282 1308 1423 1441 1488 1608 1613 1647 1879 1915 1978 1989 2196 2233 2289 2628 2670 2722 2771 2787 2897 2922 3042 3056 3096 3131
191 : 492 2497 2919 3152
192 : 40 335 630 637 719 1225 1288 1327 1390 1543 1549 1591 1630 1650 1665 1674 1677 1879 1978 2018 2020 2178 2247 2248 2273 2378 2398 2402 2435 2536 2541 2593 2686 2695 2767 2918 2967 3107
193 : 1113 1167 1978
194 : 2542 3096
195 : 2471
196 : 2979
197 : 71 1053
202 : 1383
203 : 1267 1691 2344 2452 2542 2680 2944
204 : 670 3096
205 : 1135 1747
206 : 2060 2302 2535 3081 3085 3154
207 : 1811 2823
208 : 2301
209 : 1265
210 : 2451
211 : 3145
212 : 3142
213 : 531 3090
216 : 619
217 : 2233
218 : 1810
219 : 2341 2957
220 : 3067
221 : 2957
222 : 2741 2957
223 : 3147
224 : 2811
226 : 2233
227 : 1533
228 : 254
229 : 2216 2815
230 : 533
235 : 1098 1252 1255 1391 1445 1457 1467 1533 1589 1651 1908 1974 2016 2233 2300 2343 2665 2750 2812 2841 2848 2865 2925 2961 3102
236 : 1033 1307 2196
237 : 3179
238 : 1043 1098 1099 1161 1445 1646 1926 2035 2106 2749 2900
240 : 949 1346 1435 1674 2723 2878 2951 3020 3049
241 : 1409 2584 2906
242 : 1705
243 : 1469 2922 3027
244 : 104
245 : 1925 3087
247 : 1719
253 : 2167
254 : 3140
256 : 2597
258 : 2847
262 : 417 1711
265 : 1309 2160 2165 2716 2802 3077
266 : 93 964 1029 1214 1223 1253 1258 1334 1365 1394 1397 1453 1471 1543 1589 1824 1975 2054 2164 2165 2166 2167 2323 2547 2645 2802 2809 2931 2958 3031 3071 3077 3078 3189 3199 3202 3203
267 : 284
270 : 124 185 284 558 677 867 950 951 1015 1066 1072 1088 1097 1145 1147 1169 1171 1172 1197 1235 1265 1294 1304 1333 1346 1350 1386 1393 1395 1411 1423 1429 1431 1453 1455 1495 1501 1504 1524 1525 1540 1549 1564 1586 1594 1595 1611 1612 1613 1622 1624 1626 1679 1684 1694 1696 1709 1713 1717 1723 1727 1744 1768 1805 1826 1836 1847 1852 1853 1858 1870 1884 1885 1886 1910 1915 1930 1933 1934 1946 1956 1959 1961 1972 1973 1975 1988 2004 2030 2031 2042 2052 2053 2060 2061 2076 2094 2110 2125 2128 2134 2137 2138 2144 2146 2155 2164 2166 2174 2177 2185 2186 2194 2195 2200 2208 2209 2219 2220 2227 2245 2253 2263 2266 2274 2283 2285 2300 2301 2337 2340 2344 2366 2373 2375 2388 2395 2401 2413 2420 2421 2433 2435 2451 2453 2484 2490 2498 2513 2515 2537 2546 2554 2568 2598 2606 2628 2630 2646 2652 2657 2665 2668 2669 2670 2674 2679 2686 2695 2698 2701 2702 2703 2712 2714 2722 2745 2746 2750 2751 2754 2766 2767 2769 2779 2780 2784 2785 2794 2801 2807 2827 2828 2829 2832 2835 2836 2837 2840 2855 2858 2862 2880 2884 2886 2890 2903 2904 2916 2925 2927 2929 2936 2941 2950 2954 2963 2966 2969 2973 2986 2987 2997 3006 3018 3020 3032 3033 3034 3036 3037 3040 3054 3055 3057 3065 3069 3071 3074 3075 3082 3085 3094 3095 3100 3106 3113 3114 3118 3125 3132 3135 3138 3139 3141 3151 3154 3156 3162 3163 3164 3165 3172 3176
271 : 224 1145 1491 1542 1824 2081 2929 3184 3192
272 : 2323
273 : 321 409 719 950 1145 1171 1237 1265 1294 1392 1397 1411 1423 1468 1529 1551 1572 1592 1609 1619 1658 1728 1752 1787 1877 1886 1924 1948 1957 2035 2053 2092 2094 2110 2111 2114 2142 2146 2167 2189 2200 2216 2226 2231 2232 2263 2267 2272 2273 2276 2283 2289 2314 2324 2337 2366 2389 2402 2421 2433 2454 2483 2484 2490 2498 2499 2522 2541 2570 2579 2598 2627 2630 2646 2665 2674 2692 2715 2722 2751 2766 2767 2771 2819 2833 2834 2855 2863 2884 2902 2903 2904 2912 2913 2924 2936 2948 2950 2955 2963 2973 2986 2997 3018 3032 3038 3055 3116 3118 3131 3132 3143 3152 3153 3163 3164 3165 3166 3187
274 : 2913
275 : 2383
276 : 2051
277 : 2501 3047
280 : 2233
281 : 2233
283 : 1034 1671
284 : 1713
285 : 2020 2359 2522
286 : 1062 1680 1728 1877 2020 2297 2911
287 : 2527 2833
288 : 1735 1879 2734 2911 3112 3129
289 : 272 276 278 849 1098 1247 1282 1503 1506 1517 1525 1535 1552 1587 1626 1735 1751 1754 1877 1879 1901 2020 2128 2162 2176 2181 2433 2435 2438 2454 2482 2499 2500 2522 2559 2579 2596 2720 2734 2750 2768 2845 2900 2902 2911 2954 2969 3006 3117 3153
290 : 2228
292 : 495 961 1002 1210 1214 1262 1390 1416 1530 1534 1552 1626 1703 1783 1856 1989 2078 2106 2130 2138 2153 2193 2201 2273 2314 2377 2389 2699 2723 2732 2754 2785 2843 2857 2897 2898 2928 2940 3067 3097 3192
293 : 1295 1665 2033 2889
294 : 1154 2160 2168 2344 2596 2707 2876 2897
295 : 1399 1862 2033 2083 2201 2247 2358 2396 2851 2883 2922 2956 3110 3193
296 : 3153
299 : 1144
300 : 1084 3175
301 : 144 944 1115 2002
302 : 3196
303 : 1084
305 : 944 1331 1432 1544 2674 2687 2727
308 : 2541 3183
309 : 849 1570
310 : 1902 2245
311 : 675 849 1383 2561
312 : 1259 1425 1752 2049 2232 2890
314 : 677
315 : 104 1087 1470 1485 1691 1706 1805 1844 1868 1912 2078 2152 2247 2400 2491 2644 2710 2732 2740 2753 2812 2882 2921 2922 2977 2981 3008 3040 3048 3077 3180
317 : 1358 1824 2141 2806 2919 2978 3044 3181
322 : 761 1379 1531 2053
323 : 1379 1544 1684 2053 2581
324 : 761 1379 2231 2733
326 : 2317 3148
327 : 2748
328 : 1878
336 : 1051 1071 1088 1154 1272 1315 1326 1327 1441 1525 1658 1728 1828 1886 2019 2030 2033 2162 2169 2196 2219 2246 2289 2302 2424 2455 2499 2646 2669 2680 2703 2742 2828 2829 2876 2883 2907 2996 3066 3072 3081 3091 3097 3111 3203
337 : 1315 1653 2196 2211 2500
339 : 3020
343 : 95 2370
344 : 2705
345 : 759 824 1186 1200 2794 3138
346 : 1323 2215
347 : 2215 2401 2598 2705
348 : 1650 1855 1989 2030 2233 2688 2988 3076 3094
349 : 284 329 396 441 464 533 675 950 974 1002 1003 1012 1014 1034 1045 1062 1083 1135 1160 1170 1225 1234 1235 1236 1260 1271 1308 1325 1344 1365 1366 1381 1398 1404 1408 1423 1435 1482 1497 1498 1507 1515 1517 1572 1605 1611 1613 1623 1632 1637 1650 1684 1709 1748 1782 1807 1855 1858 1911 1916 1930 1956 1974 1989 1997 2017 2030 2050 2062 2127 2176 2181 2188 2216 2286 2289 2310 2325 2387 2396 2437 2447 2471 2494 2516 2522 2542 2560 2605 2645 2657 2667 2701 2739 2741 2764 2798 2811 2812 2819 2820 2835 2846 2871 2877 2890 2916 2923 2937 2944 2945 2947 2968 2970 2977 2988 2989 3001 3032 3047 3059 3069 3083 3086 3092 3176 3194
350 : 1380 1505
352 : 1672 1784 1901 2525 2526 2544 2873 2890 2988 3070 3202
353 : 497 1028 1029 1278 2216 2233 2344 2375 2720 2798 2862 2889 2924 3078
354 : 1278 2107 2862 2938 2988
355 : 1002
356 : 1160 1236 1665 1695 2177 2319 2719 2860 3092
357 : 464 1012 1062 1251 1408 1415 1417 1487 1489 1529 1692 1695 1748 1892 2188 2233 2275 2519 2620 2702 2812 2838 2846 2923 2998 3076 3078 3092 3166
358 : 1012 1350 1855 2113 2698 2795
359 : 63 1564 2198 2716 2859 3150
360 : 1143 1260 1261 1517 1679 1768 1769 1947 2217 2310 2556 2627 2657 2719 2989 3149
362 : 3144
373 : 251 3047
374 : 2692
375 : 1113
376 : 1143
377 : 2826
378 : 2201 2826
379 : 2826
383 : 1771
385 : 414
386 : 2913
387 : 2721
388 : 2915 3006
389 : 1884 2911 3006
390 : 2891 3006
392 : 3195
395 : 1155 1698 1811 1988 2092 2989 3163
396 : 1155
397 : 1155
398 : 1155 1456 2092 2127 2265
399 : 598 2082 2931 3009 3087 3166
400 : 2892
401 : 441 1571 2201 2718
402 : 2646
403 : 281
405 : 1906
406 : 1686
409 : 78 3064
410 : 724 1879
411 : 3058
412 : 1290 2501
413 : 1469
414 : 677 2670
415 : 1233 1487 1549 1976 3003
416 : 1278 1387 1651 1861 1905 1932 2030 2031 2097 2110 2207 2298 2341 2343 2344 2366 2580 2711 2847 2876 3048 3065 3093 3142 3148
418 : 1878
419 : 1654
420 : 2470 3071
421 : 1877
422 : 2301
423 : 63 1003 1159 1346 1518 1691 2020 2517 2580 2860 3054 3104
424 : 96 185 241 678 799 828 856 865 891 944 962 1072 1153 1223 1261 1292 1362 1390 1395 1417 1435 1488 1587 1738 1886 2141 2142 2192 2216 2273 2314 2342 2354 2453 2632 2669 2766 2768 2811 2894 2905 2972 2988 3088 3094 3128
425 : 48 111 276 284 329 462 794 851 892 944 1002 1007 1110 1163 1170 1199 1226 1230 1323 1362 1368 1381 1395 1429 1434 1441 1453 1457 1468 1469 1543 1549 1594 1621 1627 1652 1665 1671 1677 1768 1781 1855 1885 1900 1931 1945 1948 2003 2033 2046 2094 2128 2130 2145 2154 2265 2312 2353 2371 2451 2518 2547 2568 2628 2632 2684 2685 2728 2754 2780 2809 2811 2842 2865 2913 2923 2926 2945 2958 2959 2969 3041 3049 3068 3078 3092 3114 3115 3127 3137 3138 3147
426 : 40 695 724 822 867 1066 1135 1144 1180 1181 1365 1396 1412 1423 1462 1475 1506 1507 1533 1594 1641 1665 1675 1680 1686 1726 1747 1827 1860 1873 2033 2064 2127 2165 2166 2170 2272 2289 2308 2309 2370 2499 2650 2674 2692 2742 2812 2842 2893 2901 2931 2951 2959 2963 3021 3043 3058 3105 3114 3117 3135
427 : 20 78 95 111 298 440 497 942 1003 1008 1051 1110 1143 1169 1180 1216 1233 1307 1382 1383 1425 1433 1438 1441 1453 1535 1554 1563 1625 1631 1637 1678 1703 1707 1721 1809 1811 1834 1886 1925 1930 1947 1948 1956 2000 2019 2046 2062 2065 2137 2185 2186 2203 2210 2217 2263 2423 2437 2470 2494 2499 2523 2555 2622 2668 2682 2705 2726 2753 2810 2811 2826 2836 2866 2900 2903 2931 2953 2972 2985 3013 3014 3020 3059 3068 3120 3165
428 : 1423 2000 2174 2251 2252 2396 2537 2546 2819 3175
429 : 1390 2997 3030 3054 3105
430 : 111 1116 1147 1468 1671 2263 2988 3094 3153
431 : 2538
432 : 1912
433 : 1587
435 : 2181
436 : 2126
437 : 616 3185
438 : 329 462 595 616 824 855 856 1028 1029 1135 1145 1308 1348 1358 1384 1398 1412 1439 1487 1488 1507 1567 1609 1646 1653 1686 1721 1748 1844 1874 1901 1923 2034 2060 2152 2163 2187 2210 2215 2247 2276 2283 2305 2356 2369 2437 2518 2545 2546 2572 2582 2593 2688 2711 2716 2718 2741 2856 2871 2876 2883 2907 2919 2920 2922 2931 2967 3015 3068 3094 3105 3134 3148 3153 3157 3185
439 : 1346
440 : 104 1032 1638 1781 1811 1875 2127 2145 2164 2167 2402 2681 2688 2704 2764 2856 3124
441 : 2423
442 : 940 2139
443 : 1653 2840 3134
444 : 319 1999
445 : 281 951 1439 1568 2135 2195 2409 2556 2568 2606 2610 2859 2929 3052 3056 3059 3200
446 : 1888
447 : 144 533 1098 1113 1523 2050 2146 2471 2525 2535 2569 2664 2734 2885 2911 3003 3112 3142
448 : 1088 2261 2266
449 : 533 1048 1346 1875 2048 2125 2135 2610
450 : 894 1015 1212 1346 1401 1410 1430 1524 1601 1620 1644 1645 1692 1859 1875 1909 1932 1977 1997 2094 2207 2248 2275 2487 2754 3018 3165 3200
451 : 319 867 951 962 1015 1346 1440 1566 1601 1633 1645 1999 2248 2721 3013 3053
455 : 2721
456 : 2252
459 : 675 1326 2051 2168 2851 3106
460 : 278 794 894 1029 1084 1111 1162 1247 1334 1350 1565 1710 1724 1727 2060 2061 2160 2177 2254 2499 2592 2594 2595 2687 2692 2695 2702 2715 2737 2766 2850 2855 2858 2924 3075 3096 3172
468 : 2379 3023
469 : 1507 2230 2379 2624 2765 3005 3026 3028 3048
470 : 3068
471 : 1723 1989 2515 2994
474 : 1290
476 : 1290
477 : 282 435 679 698 1185 1290 1469 1543 1652 1665 1671 1678 1809 1890 1927 1978 2033 2078 2113 2180 2208 2317 2421 2547 2556 2604 2737 2813 2925 3074 3092 3165
478 : 855 1145 1160 1365 1427 1623 1636 1659 1677 1726 1771 1948 2033 2059 2208 2310 2604 2829 2919 2967 3028 3164 3198
479 : 2081
482 : 3154
483 : 1553 1834 2036 2470 2517 2622 2709 2730 2817 3140
484 : 630 2310
485 : 848 1033 1565 1645 3101
486 : 1166 1185 2302 2377 2438 2622 3128
487 : 1364 1365 1387 1810 1959 2130 2253 2277 2486 2670 2787 2850 2953 3017 3120
488 : 48 533 595 2923 3069
489 : 1003 1169 1444 1515 1526 2684
490 : 40 596 695 893 1098 1122 1134 1258 1294 1331 1351 1393 1409 1525 1536 1551 1593 1612 1613 1626 1718 1807 1874 1934 2031 2175 2194 2214 2286 2355 2525 2555 2605 2695 2697 2884 2927 3037 3094 3131 3189 3199
492 : 695 2176
493 : 251
495 : 2233
500 : 1365
503 : 2051 2180
504 : 243 1180 1255 1397 1432 2874 2987 3141
505 : 1267 1409 1677 1750 1844 2078 2748
506 : 1323 1397 2389 3076
507 : 2669
508 : 615 1234 1334 1624 2016 2064 2211 2254 2283 2289 2514 2685 2697 2884 2916 2956 2973 2999 3027 3124 3143
509 : 644 661 759 1033 1390 2064 2289 2488 2973 2999 3008 3124
510 : 974
511 : 2535 2628 2891 3070
512 : 3153
513 : 616 1327 1957 2017
514 : 1906 3055
515 : 104 2247 2878
518 : 1349 1653 2181 2198 2204
519 : 2811
522 : 236 598 1155 1272 1278 1333 1651 1665 2051 2304 2572 2628 2688 2874 3076 3181
523 : 1046
524 : 3130
525 : 462 644 1155 1171 1768 2096 2164 2196 2471 2556 2650
527 : 2002
528 : 2899
532 : 677 861 1643
533 : 1408 2344
535 : 1145 1768
539 : 3120
540 : 2196 3160
541 : 1281
543 : 1684 1770 1885 2377
544 : 71 320 417 670 971 1001 1083 1135 1267 1385 1413 1541 1698 1725 1748 1781 1928 2046 2092 2127 2297 2306 2314 2319 2357 2383 2399 2406 2486 2518 2622 2698 2705 2873 2886 2923 2936 2968 3000 3033 3148 3154 3188
545 : 1264
546 : 1160 1257 1706
547 : 1044 1460 2194
548 : 1002 1785
549 : 3116
550 : 2194
551 : 1006 1108 1160 1162 1166 1255 1257 1332 1460 1464 1471 1902 2202 2246 2423 2620 3054 3192
552 : 1654 2985
553 : 1180 1856 2981
554 : 1856 2851 2871 3014
555 : 1108 2373
556 : 3035 3145
557 : 2198
558 : 1728
559 : 1173 1534 2536 2894 3180
560 : 1159 1235 1279 2888
561 : 605 940 1012 1235 1295 1350 1605 1706 1844 2051 2178 2858 3175
562 : 858 1072 1434 2498
563 : 124 321 990 1331 1540 1747 1886 2060 2134 2174 2178 2202 2680 2858 2884 2943 3199
564 : 2174
565 : 1114 2096 3057
567 : 71 78 1166 1428 1543 1572 2051 2387 2828 3124
568 : 417 2197 2534
570 : 1515
571 : 2486 2820
572 : 2951
573 : 3081
574 : 1465 2147 2277
575 : 1456 2320 3069
576 : 892 1959 2377
577 : 3085
578 : 1409 1456 1725 1860 2625 2722 2928 2967
579 : 3027
580 : 92 3057
581 : 615 1870 1878 2216 2700 2841 2912 3156
582 : 367 1134 1359 1403 1410 1474 1633 1828 1846 2184 2194 2409 2437 2516 2592 2835 2912 3002 3034 3089
583 : 1112 1997 2438 2944
584 : 944 1427 2665 2835 2885 2916 3084
585 : 71 1048 1171 1410 1613 1638 1699 1784 2093 2247 2358 2700 2817 2911 2919 2970 3049
586 : 71 1134 1533 2434 2750 2954
587 : 1384 2214 3068 3181
588 : 2886
593 : 2142 2686
594 : 1997 2595 2801
595 : 2986 3008 3042 3055 3069 3152 3164
596 : 1747 1928 2469 2535 2629 2685 2912
602 : 1636
605 : 2160 2998 3135
606 : 1379
607 : 1146 1169 1264 1590
609 : 1408 2196
610 : 1049 1459
611 : 941
612 : 2805
613 : 1908 2726
614 : 1262
615 : 92 242 730 1087 1145 1159 1253 1265 1385 1392 1505 1523 1571 1834 1908 2020 2053 2135 2148 2208 2305 2322 2558 2631 2656 2922 3045 3116
616 : 616 1415 1433 1564 2342 2882
617 : 71 1862 2233 2622 2993
618 : 1051 1325 1853 2187 2253 2265 2436 2688 2819 3174
619 : 2265
620 : 146
621 : 670 1366 1396 1858 2020 2166 2274 2723 2860 2918 3010 3092 3150
622 : 2913
623 : 724 1113 1341 2922
624 : 724 1885 1908 2302 2985
625 : 670 1278 1642 1647 1874 2451 2665
626 : 3090
627 : 1862
628 : 1961 2160 2547 2884 2886 3134
629 : 724 1349 1691 2742
630 : 2002 2358 2886 3134
631 : 1735
633 : 2054
634 : 2843
636 : 1350 1676 1989 2035 2380 2739 3087
637 : 2519
638 : 3149
644 : 3038
645 : 2622
646 : 2622 2626
648 : 236 435 527 1382 1468 1470 1854 1862 2314 2572 2580 2679 2696
649 : 2233
650 : 1426
651 : 670 2538
652 : 103 616 942 1046 1098 1325 1364 1415 1482 1871 2053 2134 2215 2253 2786 3160
656 : 1637
657 : 1691 2402
658 : 1255
660 : 1154 1665 2061 2112 2327 2449 2931
661 : 1365 1711 1781 2145 2959 3031 3076
662 : 675 1034 1315 1412 1602 1719 2078 2166 2644 2893 3090 3204
663 : 329 585 617 619 675 730 974 1012 1029 1044 1062 1087 1167 1169 1173 1236 1247 1252 1272 1308 1325 1352 1381 1415 1434 1457 1484 1516 1527 1554 1608 1624 1625 1665 1769 1810 1858 1926 2035 2050 2082 2083 2167 2207 2210 2217 2230 2286 2287 2307 2354 2355 2438 2669 2699 2716 2718 2870 2871 2925 2944 2972 2990 3047 3102 3166 3184 3193
664 : 1711 1781 3103
665 : 1030 2302 2307 2959
666 : 972
667 : 2749
668 : 1948
671 : 796
673 : 272 1326 1427 1456 1518 1827 1829 2144 2344 2705 2832 2865 3053 3106 3200
674 : 719 1412 1629 1653 2402 2916 3078
675 : 1415
676 : 2705 2750 3181
677 : 865 1526 1700 1867 1936 1997 2188 2215 2297 2373 2388 2437 2452 2453 2595 2665 2722 2765 2798 2829 2838 2856 2885 2889 2911 2916 2936 2978 2990 2993 2996 3008 3042 3084 3094 3112 3141 3142 3187
678 : 1170
679 : 2152
680 : 616
684 : 71 670 796 1145 1392 1475 1806 2109 2141 2656 3112 3201
685 : 1976 2920 3172
686 : 1703 2625
687 : 964 1423 1727 1855 2219 2696 2923
688 : 1348 1854 1972 2018 2152 2710 2838 2923 3120 3172
689 : 1847
690 : 2197
691 : 322
692 : 1809 2197
694 : 699
695 : 1048
697 : 2865
698 : 2865
699 : 3031
700 : 1834 2420 2865 2869 2943 3031
701 : 2002 2369
712 : 63 1506 1641 1783 2807
714 : 1169
715 : 462 761 1384 1435 1454 1770 1809 1905 2181 2390 2646 3027
717 : 1534 2526
718 : 2707 3040
720 : 1665 3182
722 : 731 1200
725 : 1155 1905 2868
736 : 2283 3042 3059
737 : 46 1344 1540 2455 2968 3088
738 : 1751 1752 3096
744 : 251
748 : 2554
750 : 1891
752 : 2554
755 : 670 671 1412 1844 3105
757 : 670 1412 3180
758 : 670 1309 1412 2046
771 : 1769
779 : 1199 1358 1412 1425 1430 1684 1783 1828 1843 1852 1892 1939 1959 2046 2126 2144 2198 2200 2313 2450 2452 2484 2493 2561 2593 2646 2765
780 : 123 124 243 321 332 409 492 1003 1025 1032 1072 1116 1135 1170 1172 1183 1199 1253 1323 1326 1327 1350 1358 1388 1393 1421 1426 1455 1465 1468 1496 1507 1514 1534 1535 1625 1638 1665 1686 1713 1725 1750 1786 1806 1807 1825 1845 1852 1890 1905 1930 1958 2002 2019 2046 2048 2093 2094 2096 2107 2127 2145 2146 2155 2160 2184 2188 2218 2249 2261 2265 2266 2268 2273 2285 2287 2288 2301 2307 2344 2396 2402 2420 2449 2451 2454 2482 2492 2519 2522 2523 2535 2542 2579 2582 2622 2657 2668 2696 2699 2705 2710 2711 2712 2717 2721 2739 2741 2750 2764 2767 2772 2780 2785 2794 2795 2799 2801 2816 2832 2849 2856 2887 2891 2929 2949 2950 2980 2988 2989 2990 3026 3032 3034 3070 3093 3099 3102 3134 3160 3188
781 : 1959 2092 2561 2710
783 : 71 111 252 585 596 637 670 679 796 942 1015 1026 1066 1113 1166 1170 1238 1290 1304 1345 1379 1392 1404 1409 1411 1415 1425 1429 1431 1470 1497 1503 1505 1528 1564 1566 1588 1589 1611 1616 1652 1659 1693 1699 1705 1748 1751 1753 1754 1768 1769 1854 1905 1923 1960 2002 2030 2184 2189 2275 2277 2299 2438 2547 2646 2716 2816 2826 2843 2919 2922 2924 2978 3017 3049 3072 3073 3077 3096 3143 3150 3157 3199
784 : 397 1108 2229 2357
786 : 282 332 440 492 719 860 973 1072 1173 1235 1432 1455 1487 1496 1516 1524 1570 1589 1652 1677 1684 1829 1854 1906 2076 2082 2160 2198 2200 2249 2341 2402 2450 2455 2484 2579 2625 2632 2634 2706 2750 2787 2794 2841 2911 2953 2977 2980 3038 3068
791 : 1135 1264 1396 1519 1523 1544 1550 1752 1844 1908 2130 2219 2357 2534 2878 3025 3049 3129
792 : 2252
794 : 1647
812 : 3011
813 : 1536 2177 2717
814 : 974
816 : 92 2692
818 : 1166 1638 1892 2097 2486 2820
819 : 2127 2194
820 : 695 2771 3117
821 : 3076
822 : 1698
823 : 1323 1486 1614 1691 1728 1827 1884 1890 2450 2522 2668 2741 2838 2859 2862 2864 2876 2895 2911 2916 3000 3006 3042 3052 3077
824 : 1928 2985
832 : 2106 3052
833 : 1144 1292 2968
834 : 1384
835 : 1159
839 : 2177
840 : 2650
841 : 1425 2196 2219
850 : 2609
852 : 1188 1651 2233 2344 3047 3053
853 : 144 1199 2197 2308 2726 2941 3024 3076
877 : 1034 1810
880 : 3107
886 : 1206 2890
887 : 1469
888 : 2631 2746
889 : 2947
890 : 1771 1927
891 : 1659 1945 1948 3003
892 : 2490
893 : 2696
894 : 1890 2794
895 : 2931
896 : 435 1433
897 : 2353 2408
898 : 2928
901 : 40 63 144 848 849 1153 1188 1259 1327 1385 1652 1725 1741 1784 1870 1935 1936 2113 2185 2200 2216 2231 2388 2401 2421 2484 2525 2702 2722 2769 2787 2834 2839 2880 2955 2968 2987 3008 3041 3058 3095 3096 3115 3143 3163
902 : 1626 3081 3094 3101
904 : 679 1186 2229
906 : 1003
907 : 1002 1398 1507 1571 2402 2567 3135
909 : 2065
911 : 1116 2920 3139
912 : 1410
915 : 941
916 : 265 1162 1870 2162 2211 2451 2665 2846 2927 3074 3096 3097 3115
918 : 298 893 961 1267 1420 1634 1691 1843 2113 2289 2513 2596 2665 2747 2766 2801 2839 2855 2927 2998 3096 3097 3106
921 : 2447 2696 2829
924 : 1424 2180
925 : 1067
928 : 1425
930 : 3202
934 : 1529
935 : 1099 1740
939 : 284 726 794 1062 1614 1665 1677 1724 1835 1869 1888 1890 2137 2230 2341 2596 2684 2732 2768 2845 2902 2911 2955 2958 3097 3106 3152
941 : 1939
942 : 1676 2228 2765
943 : 272 1184 1195 1211 1247 1552 1677 1879 1890 2030 2177 2194 2341 2438 2623 2646 2734 2768 2845 2897 2911 3097
944 : 675 1067
955 : 1906 2471
956 : 2145
959 : 1507 3149
960 : 1280 1516 1788 2198 2470 3015
971 : 670
972 : 2125
977 : 1001
979 : 1025 1184 1257 1315 2162 2742
987 : 2034
988 : 1159 1988
989 : 3165
995 : 2741
1004 : 2680
1005 : 3048
1011 : 536 1154 1523 1635 1931 1997 1998 2031 2049 2110 2402 2555 2571 2701 2710 2784 2837 2921 2925 2927 3050 3082 3086 3118 3152 3156
1012 : 1048 1326 2377 2436 2547
1013 : 78 973 1147 1274 1326 1692 1888 2000 2232 2547 2610 2683 2692 2978 3097 3200
1014 : 1326 1847 2597 2605 2631 2665 2766 2771 2954 3008 3041 3081 3112 3149
1015 : 1672 1997 2827
1016 : 1143 1351 1524 1698 1847 1859 1930 1961 2177 2248 2544 2595 2697 2805 2866 2878 2931 3153
1020 : 1113
1021 : 3057
1026 : 1262
1032 : 1740
1033 : 1264
1034 : 1740
1035 : 2327
1039 : 2497 2850
1040 : 1115 1413 1834 2388
1041 : 1325 1807 2216 2497 2849
1048 : 2941
1049 : 3177
1050 : 1769
1051 : 1108
1052 : 1341
1053 : 1050 1806 2962
1054 : 3175
1068 : 124 332 695 867 1026 1113 1223 1230 1382 1457 1515 1525 1681 1927 1989 2091 2148 2166 2301 2307 2343 2470 2723 2813 2911 2989 3013 3020
1073 : 1385 2145 2390 2741
1074 : 116
1075 : 1099 2197 3146
1077 : 322 1382 1384 1809 2017 2181 2187 2308 2810
1078 : 2849 3032
1079 : 2849
1080 : 3182
1081 : 1083 2020 2499
1082 : 2988
1084 : 867 2175
1092 : 3065
1094 : 1161 1397 1506 2494
1098 : 3087
1103 : 2196
1106 : 1468 3118
1107 : 891
1111 : 1976 2203 2860
1112 : 1976 2991
1113 : 2596 2747 2768 2845 2955
1115 : 2977
1116 : 2977
1117 : 2977
1120 : 1698 1708 2175 2176 2376 2421 2481 2597 2646 2747 2946
1121 : 2421
1122 : 1534 2176 3048
1127 : 1389 1626 1786 2470 2771 2849 3077
1128 : 3042
1129 : 724 1341 1626 1824 2402 2732 2868 2968 3077 3150
1130 : 2581
1131 : 527 796 942 1462 1530 1695 1710 1810 1972 2667 2832 3012 3024 3041 3049
1133 : 1014 1170 1651
1134 : 1223
1136 : 1671
1138 : 46 417
1159 : 417 670 696 1135 1475 1489 1868 2181 2888 2906 2959 2971 3136 3145 3147 3181 3182
1160 : 2906
1168 : 3094 3118
1172 : 282
1173 : 282
1174 : 3080
1175 : 441
1177 : 2744
1178 : 2113 2744 3115
1181 : 3052
1182 : 2832
1191 : 1223
1192 : 980 1363 1721 1741 2342
1193 : 492 536 1344 1345 1411 1524 1526 1616 1643 1956 2232 2668 3047
1194 : 1003 1891
1195 : 1345 1433 1616 1679 1719 1887 2650 2668 2827
1196 : 95 116 241 251 380 492 726 828 1260 1295 1353 1393 1411 1416 1440 1445 1453 1566 1650 1719 1892 1932 2108 2342 2554 2650 2966 3071
1198 : 617 1295 1344 1394 1685 1807 2253 2263 2483 2747 2971
1200 : 2253
1201 : 1045 1155 1381 1404 1543 2081 2217 2265 2732
1205 : 2193 2962 3170
1209 : 417 698 824 1470 1705 1788 2377 2764 3069
1211 : 224 616 857 1012 1145 1155 1164 1180 1231 1282 1358 1432 1460 1464 1470 1491 1506 1515 1530 1625 1627 1641 1652 1676 1706 1836 2060 2065 2078 2081 2082 2106 2179 2245 2263 2265 2341 2398 2423 2433 2483 2497 2555 2593 2596 2609 2632 2645 2684 2688 2710 2716 2749 2846 2850 2851 2863 2876 2903 2919 2921 2957 2971 3081 3087 3094 3095 3097 3128 3146 3150 3201
1213 : 48 731 1869 2470 2961 3069
1214 : 1166 1705 1829 1869 2152 2377 2527 2929 3043
1217 : 251
1219 : 116 1161
1220 : 2370
1222 : 1385
1223 : 3146
1224 : 251
1226 : 2944
1227 : 1590 1720 2581 3135
1229 : 1047 1162 1393 1788 2030
1232 : 1325 1349 1396 1455 1646 1671 1695 1699 1754 1824 1845 1856 1926 1978 2167 2188 2197 2198 2218 2343 2625 2674 2687 2723 2795 2839 2868 2999 3182
1233 : 861 1006 1487 1543 1747 1824 1829 1845 1856 2092 2197 2217 2343 2398 2625 2826 2851 2873 3064
1234 : 71 185 205 731 1262 1345 1553 1616 1825 1856 2106 2692 2718 2737 2951 3024 3194 3199
1235 : 104 1627 2878 3052
1236 : 58
1237 : 495 696 1165 1258 1408 1420 1709 1936 3052
1242 : 2187
1244 : 397 1264 1700
1247 : 2076
1248 : 973
1249 : 2811
1250 : 2423
1251 : 531 1143 1810 3005
1252 : 724
1253 : 40 670 1626 2688 3146
1254 : 46 1665 1827 1924 1962 2572 2740
1262 : 2811
1264 : 3193
1265 : 124 222 1148 1258 1260 1295 1388 1404 1608 1628 2245 2943 3065 3077
1266 : 2061 2358
1267 : 605 1424 2702 2869 3116
1268 : 596 1453 1609 1719 2163 2849
1269 : 1890
1275 : 1333
1276 : 222 224 241 282 531 854 1159 1180 1333 1346 1387 1423 1430 1527 1528 1586 1713 1884 1936 1946 1974 2031 2150 2177 2216 2274 2276 2354 2455 2499 2522 2554 2567 2570 2571 2682 2701 2714 2723 2770 2851 2852 2858 2916 2963 2978 2993 3048 3087 3110 3117 3121 3162 3195 3196
1277 : 278 335 1134 1197 1234 1551 1587 1727 1846 1884 1924 2112 2216 2232 2275 2289 2377 2487 2525 2680 2703 2723 2801 2851 2884 2897 2940 3015 3067 3135 3138
1281 : 3052
1282 : 1210 1589 3087
1284 : 1194 1678 1771
1285 : 1194 1680
1286 : 3121
1289 : 2483
1291 : 2126 2887 2938 3003
1292 : 1166 2311
1293 : 1154 2985
1294 : 2198
1295 : 1427 2994
1298 : 2320
1299 : 1692 1879 1946 2493 2815 2816 2859 3064 3182
1300 : 1719 2421
1312 : 2998
1314 : 2166 3201
1315 : 731 1295 2289 2665 2696 3083 3112
1317 : 1067 1295 1638 1867 1886 2723 2833 2944 3106 3112
1318 : 2289 2882 3165
1319 : 1426
1320 : 849
1321 : 585 1108 1199 1224 1308 1503 1572 1604 1809 2315 3013 3050
1322 : 3132
1323 : 69 462 1199 1630
1324 : 696 972 982 1181 1412 1642 1653 1805 1889 1892 2113 2197 2302 2481 2849 2870 2893 2949 3132 3141 3158
1326 : 2541
1327 : 3013
1330 : 321 2095
1331 : 2042 2870 2923 2945
1335 : 492 1216 1464 2571 3085
1336 : 849 1853
1337 : 332 2359 2991
1338 : 849 2359
1339 : 1764
1340 : 3195
1341 : 2813
1342 : 2289
1343 : 670
1344 : 1468
1348 : 2471
1350 : 2970
1355 : 1366 1379 1445 1722 2187 2302 2485 2535 2559 2876 2985 3195
1357 : 1088 1155 1259 1383 1458 2046 2369
1358 : 1199 1238 1408 1489 1503 1552 1627 2128 3001 3154 3181
1359 : 1652 1742 2499
1360 : 796 1705 3111
1363 : 265 794 1084 1162 1230 1290 1455 1497 1593 1652 1665 1726 1739 1948 2215 2370 2485 2494 2643 2674 2687 2809 2820 2901 2916 2948 3131 3193 3202
1364 : 78 858 1047 1135 1225 1267 1308 1691 2017 2534 2753 2873 2985 3091
1365 : 1257
1366 : 71 694 695 854 855 1034 1098 1170 1226 1267 1304 1366 1433 1457 1463 1476 1507 1526 1604 1628 1695 1752 1805 1808 1925 1936 2003 2108 2151 2185 2187 2218 2297 2383 2433 2492 2667 2682 2688 2720 2816 2860 2892 2928 3000 3091 3135 3136 3182
1367 : 2231 2452
1368 : 1030 1698 1765 2094
1369 : 104 618 1236 1473 1951 2091 2202 2219 2682 2720 2802 2864
1370 : 2265
1371 : 1469 1754
1372 : 144 644 1279 1290 1331 1362 1592 1629 1652 1665 1697 1700 1741 2019 2341 2486 2537 2620 2631 2650 2916 3036 3192 3202
1373 : 670
1374 : 1443 1476
1375 : 2985
1376 : 2499
1381 : 1348 2289 2492
1382 : 320
1384 : 728
1393 : 243 282 2424 2871 2970
1394 : 1025
1395 : 1025
1396 : 2289
1398 : 202 242 396 1458 1646 1684 2264 2265 2372 2820 2939 3105 3116
1401 : 396
1402 : 3089
1403 : 1270 1281 1824 2527
1405 : 1003 2402 2721 3135 3194
1406 : 3135
1412 : 2483
1416 : 679 730 1272 2289
1422 : 116
1423 : 2322
1425 : 397 724 1393 1434 1469 1470 1485 1487 1503 1589 1635 1829 1843 1934 1946 1997 2276 2375 2514 2699 2764 2858 2922 2966 2978 3015
1426 : 2093 2141 2858 3015 3050
1428 : 462 940 1366 1497 2471 2711 3008
1429 : 2631
1430 : 1530 1643 2498 2669 2749 2907 3103
1431 : 2525
1432 : 2267
1433 : 300 940 1265 1507 1517 1587 2051 2106 2125 2139 2188 2692 2702 2717 2753 2767 2829 2971 3012 3077 3192 3204
1441 : 2316
1443 : 2316
1447 : 3173
1449 : 2777
1451 : 1975 2620 2621
1452 : 1975 2620 2621 3175
1454 : 63
1455 : 2519
1456 : 1113
1457 : 1424 1623 1906 2003 2145 2189 2230 2469
1458 : 1424 1725 1961 2189 2726
1459 : 367 1594 1742 2189 2857 2947
1460 : 2703
1461 : 3160
1462 : 1409
1463 : 1354 2130 2318 2354 2711 2741
1464 : 1032 1623
1465 : 111
1466 : 1272
1467 : 671
1468 : 605 1890 2893
1469 : 2308
1471 : 1225 1698 2323 2777 3030
1472 : 2061 2160 2777
1478 : 2154 2457
1479 : 1381
1480 : 2053 2320
1481 : 1121 1381 1463 2020 2232 3191
1482 : 1900 2154 3087
1484 : 1465 2726
1489 : 185 319 321 462 527 719 755 1110 1135 1196 1235 1255 1379 1456 1469 1496 1527 1706 1811 1876 1911 2019 2061 2110 2111 2135 2164 2179 2189 2194 2196 2219 2301 2320 2389 2518 2546 2594 2603 2695 2698 2701 2728 2771 2859 2885 2921 2955 2978 2993 3042 3065 3067 3077 3080 3099 3118 3132 3134 3165 3184
1490 : 1030 1072 1154 1166 1170 1235 1468 1491 1540 1853 2019 2061 2109 2150 2167 2265 2340 2646 2683 2701 2702 2733 2795 2800 2842 2870 2878 2950 3077 3132 3153
1491 : 1152 1441 2709 3058
1492 : 1610 1999 2229 2254 2409 2568 2779 2907 3112 3139
1493 : 2568
1494 : 2887
1495 : 92 462 1610 1659 1771 2113 2165 2870 3047 3071 3106
1496 : 1323
1497 : 1324 2369 2437 2887
1498 : 2215 2471
1499 : 462 2163
1500 : 2950 3132
1501 : 2153
1503 : 3133
1504 : 1415
1506 : 2217 2794
1508 : 2380 2931
1509 : 2523
1510 : 1465 1628 1745 1928 2233 2483 2750
1511 : 417
1512 : 728 1592 2319 2339 2951 3011
1513 : 2497
1519 : 1602
1524 : 417
1529 : 675 1325 1912
1530 : 2692
1531 : 2692
1532 : 2692 2828
1534 : 2706
1535 : 3139
1536 : 2749
1537 : 2016 2193 3082
1538 : 2145 2146 2420 2483 2873 3042 3065 3077
1539 : 867 1379 1434 1473 1936 2135 2454 2547 2656 2712 3153
1540 : 68 619 1154 2499 3010 3114
1541 : 1389 2145
1542 : 2524
1543 : 867 2994
1545 : 2769 3156
1546 : 2523
1549 : 2483
1550 : 2233
1551 : 2494
1552 : 2307
1553 : 2018 2107 2109 2251 2494 2561 2641
1555 : 3033
1557 : 2849
1565 : 48 123 144 1066 1088 1160 1223 1234 1235 1331 1362 1389 1390 1523 1551 1564 1613 1651 1652 1665 1726 1807 1824 1886 1947 2107 2233 2253 2423 2433 2453 2491 2621 2622 2651 2692 2701 2748 2801 2821 2834 2858 2888 2897 2929 2944 2968 3005 3027 3054 3066 3080 3175
1566 : 144 265 322 585 731 961 1258 1334 1387 1464 1738 2314 2648 2787
1567 : 1235
1569 : 243 397 675 1134 1163 1290 1652 1696 1770 2139 2339 2592 2819 2888 3175
1570 : 1677 2064
1571 : 1677 2834
1572 : 2877
1573 : 222 396 585 728 964 1185 1235 1282 1348 1786 1933 1936 1959 1973 1974 2053 2111 2194 2202 2220 2227 2598 2623 2888 3004 3193
1575 : 1430 1514 2620 2697 2734 2911 3071
1576 : 495 951 1109 1365 1386 1387 1393 1672 1784 1977 2217 2567 2827 2984 3015 3199
1578 : 1879
1583 : 2828
1584 : 2632
1588 : 2845 2867
1595 : 2737
1598 : 1084
1599 : 724
1600 : 696 1826
1601 : 1728 2217 2894
1602 : 69 1224 1482 1505 1592 1698 1748 1751 1827 1844 1853 2137 2217 2262 2307 2342 2451 2496 2667 2692 2711 2723 2832 2838 2846 2873 2944 2990 3039 3074 3109
1603 : 1515 2307 2888 2957
1605 : 440 2987
1606 : 1853 1878 1972 2723
1608 : 2163 2634
1609 : 1889 2538 2899
1614 : 3172
1615 : 1786 2109 3116
1618 : 1891 2287 3139
1619 : 2619
1620 : 2302
1621 : 3018
1622 : 2523
1625 : 1433 1651 1725 2194 2289 2372 2557 2695 3138
1626 : 1725 1926
1628 : 1416
1629 : 46 48 1170 1236 1586 1603 1853 1976 1977 2137 2175 2320 2343 2379 2498 2569 2610 2688 2801 2924
1630 : 1261 2289
1631 : 48 1088 1412 1488 1650 1694 1783 1928 1976 2720 2834 2882 2978 3107 3113 3200
1633 : 1009 1368 1948 2202 2707 2712 2804 2836 3008 3018 3040
1634 : 2712
1635 : 1595
1636 : 2273 2321 3081
1637 : 941 1195 1752 1901 1916 2002 2108 2140 2410 2525 2688 2795 2911 2947 2991 3001 3070 3073
1638 : 252 1665 1682 2016 2175 2518 2669 3033
1639 : 1724 1856 2188 2378 2726 3054 3077
1640 : 2106 2113
1641 : 3097 3106
1643 : 298 1517 2829
1646 : 409 972 1341 1409 1470 1671 1681 1824 1923 1937 2035 2483 2629 2947
1647 : 719 1307 1470 1829 2003 2036 2252 2593 2645 2730
1649 : 3191
1651 : 2390
1652 : 531 616 695 1210 1348 1382 1651 1720 1907 2390 2517 2780 3023 3160
1653 : 981 1412 2304 2860 3192
1654 : 2313 3196
1655 : 2033
1656 : 2106
1657 : 146 1397
1658 : 104 144 670 981 1062 1098 1135 1182 1223 1234 1261 1264 1265 1280 1308 1393 1410 1412 1443 1486 1519 1608 1807 1846 1947 1958 2002 2031 2181 2319 2365 2537 2569 2692 2745 2835 2860 2940 2963 2986 3043 3049 3077 3100 3113 3114 3118 3130 3134 3135 3156 3157 3199
1659 : 1171 1255 1293 1620 1645 1846 1929 2311 2450 2579 2667 2807 2936 2950 2981 3024 3049 3060
1660 : 3111
1661 : 1603 1698 1923 2376 2439 3043
1662 : 2289
1663 : 40 1206 1307 1484 2342 2519 2895 3049 3073 3127
1664 : 48 116 728 972 1198 1247 1290 1308 1467 1476 1681 1743 2080 2314 2371 2541 2723 2849 2892 2948 3038 3127 3146 3158
1665 : 144 1680 1745 1951 2083 2220 2321 2890 2948 3111
1668 : 1698 2572
1669 : 1948
1670 : 799 1135 1279 1634 1972 2137 2633 2651 2739 2787 3005 3074 3112
1671 : 2723
1672 : 1972 2643 3112
1673 : 1826
1674 : 40
1675 : 2354 2355 2377
1676 : 1726
1677 : 1199 1402 1630 2062 2186 2263 2317 2543 2567 2628 2807 2947 2962 3131
1678 : 1143 1271 1752 2051 2246 2951 3180
1679 : 1135
1680 : 104 380 1145 1265 1529 1540 1792 2455 2524 2596 2714 2978
1681 : 380 527 694 755 1003 1112 1251 1350 1393 1411 1441 1470 1485 1529 1550 1605 1608 1658 1665 1696 1700 1750 1810 1907 1931 1997 2004 2030 2033 2078 2166 2177 2202 2263 2359 2375 2388 2455 2567 2598 2606 2622 2623 2667 2695 2711 2726 2728 2884 2892 2902 2918 2926 2953 3013 3015 3022 3098 3107 3108 3134
1682 : 1930 2048 2050 2262 2579 2622 2695 2749 2837 2874 2897 2937
1683 : 644 1366 1958 2141 2268 2387 2523 2863 3070 3114
1684 : 850 860 974 1098 1171 1225 1265 1350 1366 1387 1483 1503 1517 1860 1908 1998 2053 2093 2110 2179 2186 2249 2263 2344 2369 2413 2451 2483 2494 2874 2905 2967 2968 2973 2978 3020 3139
1685 : 462 893 1366 1997 2232 2324 2337 2524 2679 2708 2734 2784 2837 2931 2962 2978 3086
1687 : 1161 1164 1179 1206 1626 1647 2534 2684 2826
1688 : 1544 1572 1844 2130 2396 2629 2971 3026
1689 : 78
1691 : 1381
1692 : 971 2320 2522
1693 : 694 2215
1694 : 719 799 1231 1305 1464 1613 1646 1647 1807 1947 1974 2252 2265 2541 2652 3120
1696 : 1179 1234 1237 2053 2320 2820 2923 2939 2944 3189
1697 : 320 1626 2220 2598 2651 2815 2929 3027 3187
1698 : 123 205 321 435 637 678 679 718 719 730 799 990 1083 1135 1162 1173 1183 1215 1223 1247 1314 1460 1465 1542 1551 1613 1629 1646 1647 1676 1706 1739 1788 2054 2061 2194 2433 2534 2537 2667 2786 2815 2835 2897 3024 3080 3189
1699 : 205 254 637 695 1135 1785 1807 2064 2111 2423 2439 2534 2685 2897
1700 : 2645
1701 : 321 1122 1134 1459 1613 1647 2194 2652 2923
1702 : 1695 1874 2109 2200 3014 3026
1703 : 3099
1704 : 2030 2285 2572 2957
1705 : 2200
1706 : 2343
1707 : 1180 1271 1290 1344 1496 1530 1588 1626 1632 1641 1650 1765 1782 1916 2030 2054 2169 2189 2356 2471 2581 2683 2684 2702 2741 2787 2812 2848 2865 2905 2939 3018 3027 3049 3071 3079 3115 3177 3184
1708 : 585 637 962 1900 2233 3060
1709 : 278 441 617 942 1025 1033 1167 1195 1197 1211 1234 1306 1362 1453 1665 2176 2220 2470 3081 3193 3203
1710 : 1684 2081 2709
1711 : 2499 2534
1712 : 1824
1713 : 1295 1506 1550
1714 : 2970
1715 : 321 396 409 679 1028 1043 1135 1172 1349 1359 1381 1383 1412 1415 1454 1456 1462 1524 1525 1536 1571 1588 1614 1679 1769 1806 1860 1988 1998 2020 2198 2263 2314 2343 2366 2544 2598 2687 2692 2723 2742 2771 2815 2826 2979 3010 3020 3027 3077 3087 3121 3150
1716 : 1003 1350 3039
1717 : 1035 1309 2002 2127 2195 2313 2379 2401 2702 2765 2828 2837 2882 2927 2931 2932 2936 2938 2997 3010 3032 3037 3045 3055 3057 3086 3096 3140 3150 3157 3163
1718 : 1365 1390 1394 1423 1454 1612 1726 1738 2253 2378 2594 3163 3176 3202 3203
1719 : 2686 2896
1720 : 1636
1721 : 670 1711
1722 : 1711
1723 : 678 1470 1485 1516 1695 1911 1988 2052 2175 2367 2396 2499 2770 2870 2951 3130 3154
1724 : 322 758 972 974 1002 1066 1344 1470 1485 1695 1750 2145 2325 2490 2732 2772 2820 2826 3049 3087 3101 3105 3116 3156
1726 : 964 1032 1641 1843 2925 3097
1727 : 1307 2113 2341 2580 2716
1728 : 675 1674 2470 2669 2770 2826
1729 : 1425 1470 1677 2148 2383 2609 3073
1730 : 2383 2834
1731 : 2060 2378 2802
1732 : 1856 2167
1734 : 1856
1735 : 1856
1736 : 2247
1737 : 1856 2925
1738 : 1160 1258 1572 1829 1885 2380 2420 2500 2501 2739
1739 : 2141
1740 : 1516 2801 2846 3113
1741 : 2141 2623 3176
1742 : 1516 2141 2819
1743 : 1516
1745 : 1108
1746 : 497
1747 : 1261
1748 : 849 1738 1936 2380 2518 2687 3174
1749 : 2616 2931
1750 : 1083 2931
1751 : 824 1029 1072 1145 1154 1199 1255 1381 1411 1441 1474 1498 1536 1550 1572 1644 1650 1679 1727 1805 1807 1844 1933 1934 1946 2004 2076 2129 2135 2169 2170 2232 2251 2263 2265 2275 2289 2340 2354 2355 2366 2400 2457 2567 2616 2695 2707 2828 2829 2842 2847 2851 2862 2874 2884 2895 2914 2918 2922 2931 2981 2986 2996 3039 3075 3085 3165 3166
1752 : 497 895 1206 1309 1366 1404 1506 1589 1595 1602 1619 1650 1659 1686 1706 1709 1751 1766 1811 1836 2033 2188 2226 2274 2289 2325 2454 2457 2544 2628 2695 2749 2780 2799 2874 2922 2927 3046 3070 3086 3131 3138 3147 3166
1753 : 615 1401 1601 1744 1846 1886 2018 2186 2400 2402 2547 2703 2988 3015 3114 3147
1754 : 942 950 1255 1365 1404 1471 1698 1709 2365 2377 2711 2932 2986 2993 3125 3131 3147
1755 : 222 824 1135 1206 1323 1525 1536 1619 1741 1807 1909 2366 2402 2547 2680 2986 3036 3050 3069 3088
1756 : 241 492 950 1308 1595 1644 1784 1886 1905 1962 2144 2195 2216 2354 2402 2605 2697 2829 2859 2914 2928 2986 3085 3190
1757 : 40 48 58 71 92 93 104 106 144 173 185 202 236 242 251 276 278 282 303 320 322 417 464 495 531 558 585 595 617 644 671 678 695 698 728 758 796 825 828 829 851 854 858 860 865 940 962 963 964 971 1001 1002 1003 1010 1014 1026 1030 1051 1066 1071 1073 1088 1098 1099 1108 1116 1144 1145 1155 1159 1169 1172 1179 1184 1188 1195 1196 1197 1200 1214 1235 1247 1252 1257 1260 1261 1270 1272 1281 1306 1309 1315 1323 1325 1326 1327 1329 1334 1341 1347 1354 1365 1366 1368 1383 1385 1388 1394 1409 1412 1427 1428 1429 1433 1435 1445 1453 1454 1471 1473 1487 1496 1503 1506 1516 1517 1518 1525 1526 1542 1543 1550 1551 1553 1554 1566 1590 1591 1592 1595 1602 1605 1610 1615 1627 1631 1641 1642 1652 1654 1659 1664 1671 1677 1678 1680 1682 1686 1691 1697 1698 1700 1703 1726 1735 1741 1742 1745 1747 1751 1754 1764 1771 1805 1808 1809 1829 1834 1843 1844 1845 1846 1868 1889 1890 1891 1892 1901 1905 1906 1908 1912 1916 1926 1929 1936 1939 1946 1951 1962 1976 1978 1997 2003 2004 2016 2054 2062 2078 2091 2095 2096 2105 2106 2130 2144 2147 2151 2152 2153 2180 2181 2186 2187 2188 2194 2196 2197 2201 2211 2215 2220 2232 2233 2245 2249 2261 2262 2268 2273 2277 2285 2286 2287 2297 2300 2303 2304 2306 2308 2309 2310 2317 2318 2319 2322 2326 2339 2343 2357 2367 2368 2371 2377 2378 2383 2389 2390 2396 2402 2406 2423 2447 2453 2479 2481 2485 2486 2494 2496 2501 2516 2519 2522 2527 2535 2536 2538 2555 2560 2569 2580 2592 2593 2598 2620 2621 2622 2624 2625 2631 2634 2643 2645 2646 2667 2674 2687 2718 2727 2739 2742 2751 2753 2776 2785 2812 2820 2823 2849 2852 2856 2869 2870 2871 2878 2881 2893 2894 2899 2918 2919 2924 2947 2948 2949 2962 2966 2967 2969 2977 2984 2985 2988 2996 3003 3012 3022 3024 3026 3028 3032 3036 3038 3049 3050 3052 3068 3070 3072 3078 3088 3091 3097 3107 3116 3117 3129 3130 3136 3140 3150 3153 3154 3160 3173 3176 3182 3192 3193 3195 3200 3202 3204
1758 : 670
1759 : 2145
1760 : 675 1621 1681 2339 2572 2739 3012 3142
1761 : 46 68 103 251 252 254 462 670 719 950 1002 1154 1272 1331 1366 1381 1462 1515 1528 1530 1543 1676 1691 1711 1750 1765 1767 1769 1808 1844 1854 1862 1929 2147 2163 2194 2302 2304 2307 2308 2312 2321 2367 2402 2557 2685 2948 3024 3110 3197
1762 : 1108 1216 2267 2873
1763 : 69 103 111 300 585 755 759 1010 1014 1031 1109 1170 1186 1224 1262 1349 1363 1381 1411 1417 1438 1469 1471 1525 1544 1571 1604 1747 1784 1810 1811 1844 1852 1862 1873 1889 1915 1946 1997 2020 2060 2081 2125 2130 2147 2169 2197 2311 2355 2398 2454 2605 2610 2615 2656 2680 2741 2769 2780 2808 2810 2840 2849 2883 2947 2951 3011 3025 3035 3067 3077 3086 3138 3148 3158
1765 : 2095
1766 : 644 2897
1767 : 2341
1768 : 1007 2113 3064
1769 : 1915
1770 : 949 1409 2017 2065
1771 : 71 2406
1772 : 3198
1773 : 2886
1774 : 2181
1775 : 1048 2931
1776 : 1003 2377
1777 : 173 329 409 527 644 1051 1066 1194 1200 1306 1409 1423 1455 1462 1482 1627 1845 1854 1959 2046 2220 2232 2341 2482 2491 2541 2582 2597 2717 2741 2851 2864 2977 2989 2990 3043 3067 3081 3082 3087
1778 : 63 982
1779 : 3111
1780 : 693 796 854 855 1051 1290 1362 1380 1381 1385 1476 1491 1505 1588 1611 1745 1753 1959 2114 2184 2264 2313 2316 2320 2378 2396 2794 2817 2842 2843 2867 2906 2971 3011 3028 3073 3143 3150
1781 : 671 1445 1456 2305 2795 2851 2898 2931 2979 3049 3173
1782 : 2931
1783 : 2957
1784 : 1844 2266 2483 3120
1785 : 1384 1747 2020 2186 2406
1786 : 78 276 435 616 724 940 942 1001 1307 1324 1325 1362 1487 1515 1602 1612 1623 1658 2017 2297 2367 2800 2876 3076 3198
1787 : 116 595 670 691 1087 1147 1280 1382 1463 1551 1720 1824 2204 2470 2665 2809 2823 2881 2956 2957 2979 3100
1788 : 962 1528 2181 3006 3142
1789 : 185 1380 2470 2870 3184
1790 : 1836 2921
1791 : 1415 1634 2708 3166
1792 : 1170 1324 1474 1810 2092 2127 2176 2245 2283 2535 2749 3163
1793 : 596 675 1173 1267 1470 1485 1487 2301 2569
1794 : 1098
1795 : 694 1366 1456 2232 2433 2572
1796 : 1155 1170 1699 1861 2096 2163 2204 2227 2263 2302 2593 2916 2918 2929 3020
1798 : 1946
1799 : 1272
1801 : 1012 2082
1802 : 2938
1803 : 46 1854 2320 2379 2541 2898 2912 3043 3048 3128
1804 : 185 1805 2376
1805 : 1272 2181
1806 : 146 619 1264 1764
1807 : 892 1347 1497 1665 2186 2200 2554 2619 2817 2845 2856 2876 2886 2996 3034 3085 3113
1808 : 205 940 1235 1358 1379 1564 1604 1706 1845 2648 2777 2850 2943 2946 3044 3145
1809 : 2152
1811 : 1111 1171 1197 1327 1390 1458 1488 1564 1707 1792 1810 1825 1862 1877 1888 1911 1959 1977 1989 2054 2140 2174 2273 2277 2340 2359 2436 2453 2492 2535 2561 2598 2624 2681 2683 2700 2721 2772 2800 2838 2851 2890 2915 2981 2986 3034 3077 3088 3095 3099 3166 3200
1812 : 2893 3027
1814 : 1108 1699 1765 1792 1908 2147 2339 2620 2682 2776 2936 3022
1815 : 1034 1415 1792 2871
1816 : 1003
1817 : 146 1397 3179
1818 : 1143
1819 : 2945 3158
1820 : 1808
1821 : 1325 1535 1572 1750 1956 2168 2297 2343 2593 2840 2928 3026 3088
1822 : 1519 1844 2168 2175 2188 3048 3147 3173
1823 : 2188 3050
1824 : 3050
1825 : 1348
1826 : 497 2556
1827 : 2945 3128
1828 : 284
1829 : 2436
1830 : 2890 3084
1831 : 3010
1832 : 1788 1906 2052 3018 3142
1833 : 2500
1834 : 1013 1906 1959 3018 3076 3183
1836 : 2739
1837 : 2557
1838 : 2718
1839 : 1162 2985
1840 : 1676
1841 : 2717
1842 : 2971
1846 : 1146
1847 : 1420 1674 1691 1874
1848 : 1638 2881
1849 : 2928
1850 : 2167
1851 : 1200 2803
1852 : 284 396 861 1044 1161 1267 1290 1544 1602 2033 2283 2494 2501 2559 2765 2795 2820
1853 : 2321
1854 : 1108 1844 1891 1925 2052 2490 2499 2501 2516 2568 2610 2904 2948 3118 3156
1855 : 2948
1856 : 284 537 1012 1404 1612 1622 1641 2061 2125 2341 2953 3018
1857 : 698 1748 2145 2803 2888
1864 : 1862
1865 : 1051 1677 1930 2288 2728 2925 2987 2998
1867 : 1390 1878 2804
1868 : 605 3015 3018
1869 : 241
1870 : 320 615 1143 1226 1674 1885 2166 2538 2584 2595 2890
1871 : 322 440 1046 1051 1088 1110 1423 1587 2556 2631 2692 2697 3181 3192
1872 : 1165 1725 2049 2139 2273 2543 2584 2707 2911 2970 3078 3164
1873 : 1098 1274 1314 1724 1784 1853 2020 2111 2175 2181 2321 2644 2726 2776
1874 : 1108 1159 1290 1503 1621 1664 1717 1946 1978 2175 2188 2358 2454 2835 3023
1876 : 278 281 321 322 497 695 849 854 1071 1098 1117 1230 1233 1497 1548 1587 1595 1605 1713 1783 1874 1911 1915 1945 1997 2033 2054 2065 2093 2129 2144 2166 2181 2198 2202 2204 2286 2300 2470 2534 2598 2623 2702 2751 2767 2805 3038 3042 3054 3119 3135
1877 : 254 1468 1727 2750 2765 2799 2921
1878 : 319 867 1454 1936 2451 2643 2750 2816 2860 3110 3129
1879 : 950 1518 2232 2516 3005
1880 : 1194 1397 1764 2275 2298
1881 : 2046 2424 2620 2817 3040
1882 : 1362 1540 2958 3015
1883 : 2002 2376 2494 2514 2682 2947 2967 3088 3153 3154
1884 : 248 464 533 759 824 825 971 1012 1047 1108 1160 1180 1308 1379 1386 1421 1518 1542 1603 1641 1683 1925 2078 2112 2178 2189 2247 2254 2570 2645 2698 2737 2746 2812 2819 2873 2928 2929 2948 3015 3064 3118
1885 : 972 1409 1519 1534 1589 1698 1741 2036 3204
1886 : 972 1506 1698
1888 : 2860
1889 : 2324
1890 : 405 1099 1223 1391 1594 1644 1727 2093 2265 2567 2620 2697 2712 2799 2880 2885 2973 3046 3052 3163
1891 : 1766 2697 2808
1892 : 3135
1893 : 1225 1350 1415
1894 : 1989
1895 : 1491 2003 2318 3092
1896 : 942
1897 : 1001 1030 1788 2864
1898 : 1393
1899 : 1939 2275 2821 2895 2929 2938 2949 2993
1900 : 1884
1901 : 867 1609 3040
1902 : 185 497 1171 1260 1349 1622 1829 1862 1869 1875 2052 2125 2538 2557 2619 2687 2753 3039 3105 3113 3164
1903 : 71 944 1469 1695 1707 1825 1870 1957 2002 2031 2076 2167 2179 2210 2231 2518 2630 2920 2979 2990 3087
1904 : 71 205 675 964 1002 1288 1409 1483 1652 1700 1825 2002 2091 2106 2197 2210 2231 2264 2265 2423 2424 2471 2652 2682 2733 2905 2923 2925 3018 3078
1905 : 637 1116 1188 1354 1431 1568 1693 1723 1825 1936 2076 2189 2227 2264 2482 2484 2515 2651 2682 2746 2836 2925 2958 3048 3103 3138
1906 : 58 185 799 1003 1314 1496 1535 1671 1696 1740 1745 1788 1827 1854 1933 2060 2179 2197 2210 2310 2324 2339 2424 2484 2523 2541 2572 2867 2870 2925 2939 3000 3030 3099 3120 3124 3151 3177
1907 : 824 2740
1908 : 1491
1909 : 1158 1504 1787 2061 2252 2264 2546 2732 2940 2971 3151
1912 : 1738 3092
1913 : 3092
1914 : 3181
1915 : 3142 3182
1916 : 2276 3095
1917 : 671
1918 : 1433
1919 : 58
1920 : 2187 3142
1921 : 1412 1564 1659 1771 1929 2083 2232 2547 2887 3091
1922 : 1315
1924 : 1471
1925 : 1654 1852 2358 3024 3028
1926 : 1788
1927 : 2849
1928 : 1272
1929 : 409 1384 1542 1747 1856 2050 2064 2343 2396 2501 2765 2931 2998
1930 : 2297 3075
1931 : 329 721 1712 2396 2534 2996 3049 3118 3160
1932 : 1182 1359 1544 1548 1553 1682 1708 1874 2017 2030 2060 2184 2603 2651 2754 2832 2947 3028 3076 3081 3087 3153
1933 : 1182 1456 1614 2184 2897
1936 : 1247 2734 2766 2911 3106 3112
1939 : 2727
1940 : 3182
1941 : 252 1003 1719 2307
1942 : 2842
1943 : 2187 2402 2618
1944 : 759 1117 1341 1637 1645 1769 2154 2606
1945 : 2534
1946 : 1381 1594 1595 1771 2147 3130
1947 : 1664 2366
1948 : 284 825 861 1216 1366 1456 1489 1929 2091 2135 2261 2276 2307 2324 2325 2424 2488 2581 2609 2666 2931
1949 : 1363 1587 1741 1805 2035 3014 3112
1950 : 699 1568 1871 1925 2125 2287 2547 2633 2656 2883 2925 3000
1953 : 2883
1954 : 2263
1955 : 1711
1956 : 2809
1958 : 1172
1960 : 677
1961 : 2692 2907 2923 3010 3035
1962 : 2470 3041
1963 : 40 1854 2309 2327
1964 : 1460 2317 3160
1965 : 2138 2810
1966 : 1194 1528 1997 2390 3160
1967 : 2201 2324 3025
1968 : 59 104 251 617 679 691 696 971 972 1033 1034 1108 1113 1135 1199 1213 1290 1304 1308 1331 1348 1362 1385 1409 1432 1463 1476 1542 1552 1589 1591 1603 1621 1652 1671 1680 1747 1805 1844 1858 1906 1916 1929 1947 1962 1974 2000 2003 2059 2060 2080 2083 2202 2254 2287 2307 2314 2320 2344 2366 2370 2433 2438 2439 2499 2514 2571 2626 2651 2668 2701 2709 2821 2826 2851 2876 2877 2878 2888 2893 2901 2922 2923 2928 2939 2940 2985 3011 3014 3034 3035 3048 3050 3072 3081 3101 3105 3120 3128 3131 3153 3154 3183
1969 : 2344
1970 : 224 964 1308 1359 1735 1792 1962 2036 2245 2483 2519 2849 2961 3043 3105
1971 : 3141
1972 : 272 2485 2522 2753 2826 2841 3128 3138
1973 : 1409 1680 2176 2499 2869
1975 : 761 1502 1570 1869 3192
1976 : 3076
1977 : 202 1234 1470 1485 1665 1824 2452 2700 2832 3047
1978 : 224 1390 1536 1685 1706 2905
1979 : 2517 2911
1980 : 615 696 759 1012 1044 1083 1110 1135 1234 1237 1308 1423 1469 1534 1550 1568 1684 1709 1748 1846 1874 1879 1956 1976 2002 2033 2094 2153 2176 2198 2201 2202 2247 2354 2359 2365 2526 2674 2687 2733 2801 2897 2939 2943 3014 3031 3038 3053 3077 3134
1981 : 675 1003 1566 1709 2193
1982 : 322 1233 1454 1465 1469 1548 2517 2786
1983 : 1346
1984 : 20 111 380 1111 1159 1212 1260 1692 1722 1806 2229 2266 2544
1985 : 1109 1401
1986 : 1645
1987 : 20 536 2697 3015
1988 : 1197
1989 : 1324 1487 1553
1990 : 1523 2097 2201 2604 2873 2947
1991 : 2036
1993 : 1281
1994 : 1553
1995 : 40 615 850 1097 1161 1164 1172 1237 1412 1430 1564 1684 1783 1929 2053 2211 2301 2339 2421 2453 2674 2744 2956 3033 3102
1996 : 1213 1783 2616
1997 : 1172 1308 2211 2276 2339 2619 2969
1998 : 961 1315 1783 1845 2456 2921 3165
1999 : 1590
2001 : 850 1354 1430 1726 1928 2053 2220 2301 2410 2523 2598 2616 2856 3113 3198
2002 : 1160 1305 2453 2527
2003 : 1915 2019 2498 2692 2737 2753 2997 3151
2004 : 1977
2005 : 2717
2006 : 68
2007 : 2233
2014 : 1811 2080 2740
2015 : 3039
2018 : 1345 1543 1616 1664 2438 2829 2922 3071 3165
2019 : 1695 2315 3181
2020 : 824 1664 1741 2211 2827
2021 : 2716 3147
2022 : 1911 2922
2024 : 1044 1066 2138
2025 : 2665
2026 : 1856 2900 2954
2027 : 1589 2766 2855 2929
2028 : 1989 2665 2766 2833 3106
2029 : 1001 1711 2822
2030 : 1001
2031 : 1711
2032 : 1001 1711
2037 : 272 276 619 695 796 1035 1173 1179 1225 1260 1392 1433 1456 1506 1525 1587 1626 1641 1647 1708 1738 1750 1930 1956 2033 2113 2211 2421 2423 2516 2669 2764 3046 3098 3130 3201
2041 : 2692
2042 : 1362
2043 : 2314
2046 : 1235
2047 : 1003 1010 1112 1121 1307 1621 1738 1886 2050 2233 2265 2402 2561 2592 2605 2683 2802 2888 2896 3016 3142 3154
2048 : 2887
2049 : 1003 1868 2144 2542 2698
2050 : 48 243 1350
2051 : 243 1272 1292 1411 1497 1590 2111 2455 2650 2871 2887 2948 3187
2052 : 1497 1900 2154
2053 : 2340
2054 : 1527 1590 1856 1868 2527 3047 3080 3081
2055 : 1749 2227 2265 2342 2594 2657 2700 2836 2851 2865 2869 2871 2946 2949 2958 2972 2981 3014 3031 3079 3104 3128 3170
2057 : 2711
2058 : 533 2485
2059 : 1956
2060 : 1411 2911
2062 : 2494
2063 : 824 1768 2015 2523 2619
2064 : 527 1323 1491 2051 2455 2684
2065 : 2051
2066 : 2127
2067 : 1169 1665 1856 2052 2189 2423 2494 2955 3114 3115
2070 : 1182
2071 : 533
2075 : 1948
2076 : 2354 2355
2077 : 96 558 718 1071 1088 1113 1489 1610 1719 1745 1901 1908 1936 2015 2062 2097 2140 2153 2188 2219 2344 2354 2355 2357 2424 2453 2493 2596 2604 2631 2633 2634 2652 2674 2688 2712 2738 2750 2816 2821 2839 2846 2847 2860 2882 2889 2925 2967 2978 2984 3020 3041 3050 3053 3067 3092 3113 3125 3136 3137
2078 : 1619 2542 2847 2970
2079 : 1366 1741 1745 1908 2062 2308 2452 2620 2750 2780 2816 2846 2923 2978 3053 3067 3070 3137 3180
2088 : 1665 2051 2219 2579 2698 2833
2089 : 2884
2090 : 254 3056
2091 : 2413 2881
2093 : 3174
2096 : 3056
2098 : 2977
2099 : 2401 3056 3112
2101 : 106 531 2579 2833 2944 3056 3064
2102 : 2893
2103 : 1412 2402 2849 3077 3096 3148
2104 : 3077
2107 : 1327 1529 1550 1591 1609 1659 1678 1720 1927 2153 2180 2181 2264 2345 2367 2407 2479 2480 2820 2843 2852
2108 : 1384 1540 1609 1659 1678 1771 1945 2147 2163 2345 2367 2407 2480 2538 2584 2852 2899 3003
2111 : 1404 2249 3145
2112 : 1046 1290 1404 2179 2523 2706 3188
2113 : 2050 2739
2114 : 1362 2715
2115 : 1350 2189 2194 2643 3018 3025
2116 : 1135 1185 2308 3023
2124 : 2483 2571 2620 2682
2133 : 1847
2135 : 367 1195 1454 1939 2541 2594 2753 2812 3091 3150
2136 : 1062 1154 1308 1315 1700 1723 1769 1962 2137 2203 2217 2390 2924
2137 : 1439 1518 1723 1856 3164
2138 : 396 1475 1745 1891 2802 2856 3077
2139 : 598 1327 1570 2080 2315 2594 2632
2140 : 2106 2204
2141 : 3180 3191
2142 : 3076
2144 : 3182
2145 : 3160
2146 : 671 675 854 1326 1350 1353 1629 1719 1747 1826 1938 2003 2035 2247 2268 2300 2375 2523 2765 2800 2871 2957 2968 3129
2147 : 1182 1398 1524 2174 2207 2858 2863 2950
2149 : 1226 1746 1781 1806 2320 2542 2582 2656 2741 3097
2150 : 282 1428 2310 2922
2152 : 1605 1845
2153 : 321
2155 : 397 1412 2181
2156 : 2978
2157 : 1643
2158 : 1844
2159 : 1906
2166 : 2433 2865
2168 : 2233
2169 : 1808 3111 3177
2170 : 2233
2173 : 2402
2174 : 2402
2180 : 2447
2183 : 1888 2076 2487 2488 2656
2184 : 1633
2185 : 2076
2186 : 2480
2187 : 2064
2188 : 2081 3084
2192 : 2483
2194 : 585
2195 : 1445 2163 2181
2196 : 2181 2899
2197 : 1381 1659 1889 1927 2180 2187 2345 2407 2479 3130
2200 : 2093
2201 : 94 867 1206 1439 1890 2275 2400 2656 2737 2827 2977 3052
2204 : 1002 2140 2195 2656 2924 2987 3067
2205 : 1543 1664
2206 : 2534
2207 : 492 1273 1722 2137
2208 : 531 1412 2821
2209 : 2454
2210 : 1260 1433
2212 : 2177
2213 : 2051
2214 : 3053
2215 : 1700
2217 : 236
2218 : 1847 1933 2202 2344 2497 2665 2721 3092
2219 : 858 974 1847 2925
2220 : 1369 2665 2954
2221 : 48 2077
2222 : 2189 2993
2225 : 1003 1543 1664
2226 : 2233
2227 : 2233
2235 : 1088 1589
2244 : 1379
2249 : 2117
2251 : 2494
2255 : 1172
2256 : 40 68 95 106 251 252 272 278 409 414 435 533 595 605 616 617 670 675 696 825 849 851 855 892 944 972 981 1003 1012 1034 1043 1066 1088 1098 1108 1135 1143 1161 1180 1181 1195 1206 1224 1226 1247 1252 1260 1270 1271 1281 1290 1307 1309 1326 1327 1359 1385 1389 1410 1412 1417 1431 1433 1435 1439 1457 1465 1470 1476 1485 1489 1507 1517 1527 1533 1543 1548 1552 1570 1587 1588 1604 1614 1626 1627 1637 1649 1650 1651 1671 1677 1681 1693 1695 1710 1711 1719 1728 1742 1753 1768 1769 1811 1827 1828 1835 1860 1861 1868 1902 1916 1929 1937 1947 1959 1973 1977 2002 2016 2033 2046 2051 2060 2062 2064 2065 2078 2081 2083 2092 2113 2138 2141 2147 2155 2169 2176 2178 2184 2188 2196 2198 2202 2204 2211 2217 2218 2233 2245 2252 2253 2254 2275 2286 2299 2310 2313 2314 2320 2341 2342 2358 2366 2372 2406 2421 2424 2433 2450 2451 2452 2470 2484 2485 2493 2494 2516 2522 2547 2561 2582 2593 2594 2620 2622 2646 2651 2667 2688 2699 2710 2715 2716 2717 2718 2722 2727 2734 2750 2765 2779 2787 2798 2799 2815 2817 2819 2821 2822 2823 2832 2846 2849 2851 2864 2877 2882 2887 2888 2893 2894 2906 2911 2912 2923 2931 2939 2940 2951 2956 2957 2958 2962 2966 2969 2971 2977 2993 2999 3002 3008 3012 3022 3031 3032 3039 3048 3049 3066 3067 3068 3069 3087 3095 3101 3103 3104 3105 3109 3115 3120 3124 3132 3133 3138 3147 3149 3151 3152 3158 3165 3166 3167 3177
2257 : 2718 2812 2816 2817 2876 2882 2957 2959 3017 3087 3164
2258 : 2846 2957
2263 : 3147
2265 : 92 329 3024 3117
2266 : 1290 3160
2267 : 63
2269 : 731 3114
2274 : 785
2280 : 2959
2281 : 2228 2482 2500 2851 2920
2282 : 2228 2500
2284 : 265 435 462 759 1280 1408 1455 1588 1685 1697 2317 2319 2940 3047 3069 3077
2285 : 1324 1612 1696 1846 2450 2567 2625 2632 2704 2799
2286 : 2438
2287 : 1333 1551 1628 1885 1890 1928 2184 2721 2738 2923 3064
2288 : 222 1665 1808 1846 2200 3017 3064
2289 : 2450
2291 : 3076
2292 : 3145
2293 : 1179
2294 : 396 728 1028 1029 1043 1098 1099 1247 1257 1264 1464 1550 1738 1792 1824 2111 2616 2850 3023 3204
2296 : 3117
2297 : 1143
2299 : 2536
2300 : 2572 3141
2301 : 1491 2265
2302 : 1527
2303 : 2343 2840
2304 : 1180 2886
2305 : 1711 1988 2580 2726
2306 : 40 848 1153 1259 1430 1634 2605 2801
2307 : 3021
2308 : 92 282 435 1172 1199 1237 1327 1354 1488 1489 1548 1564 1684 1826 2053 2164 2195 2220 2263 2273 2298 2308 2372 2424 2453 2492 2517 2518 2598 2616 2726 2848 2856 2878 2890 2931 2979 3011 3033 3034 3086 3113 3117
2309 : 1199 1325 2096 2204 2424 2680 2893 2957 3011 3181
2310 : 1160 1264 1348 1651
2311 : 1464
2312 : 644 1188 1359 2406 2594 2684
2313 : 1072 1359 1624 2060 2083 3077
2314 : 2406
2317 : 1536 1705 1706
2318 : 1084
2319 : 1516
2320 : 2233
2322 : 719 3005
2324 : 1425 2741 3016
2325 : 1705
2326 : 1951
2327 : 3101
2328 : 1029 1415 1487 1529 1744 2204 2247 2697 3016 3138 3153
2329 : 2247
2331 : 278
2332 : 755 1811 1884 1997 2167 2623 2720 2991
2333 : 1879 2140 2455 2991
2334 : 1825 2652 2680 2911 2916
2335 : 2175 2377 2720 2846
2336 : 3021
2337 : 950 1844 2359 2593 2919
2340 : 2795
2341 : 1155
2342 : 1155 2092 2865 2979
2343 : 2274 2764
2344 : 2233
2345 : 1923
2346 : 1465
2347 : 2471
2351 : 2913 3077
2352 : 252 796
2353 : 2922
2354 : 1135 2704
2356 : 2470
2357 : 483 1108 1206 1262 1348 1358 1379 1456 1489 1634 1671 1747 1861 1988 2032 2082 2379 2684 2828 3082 3124 3135
2358 : 409 483 527 867 1026 1265 1295 1379 1390 1403 1410 1425 1439 1460 1471 1488 1491 1590 1614 1653 1654 1665 1683 1684 1693 1705 1751 1753 1901 1936 1938 1956 1957 2015 2059 2065 2078 2114 2152 2178 2192 2209 2210 2214 2228 2248 2254 2264 2320 2323 2326 2369 2379 2456 2492 2632 2722 2802 2907 2920 2950 2957 2971 3128 3132 3149 3157
2360 : 644 856 2367 2379 2704 2739 2817 2829 2865 3094
2361 : 254 892 1072 1491 1612 1685 2052 2484 2656 2866 2906 2941 3124 3181 3184
2362 : 1238 2048 2164 2276 3097
2363 : 1143
2364 : 2186
2365 : 527 972 1002 1025 1180 1383 1421 1467 1614 1807 1861 1885 2061 2083 2138 2178 2232 2298 2301 2406 2456 2483 2568 2684 2717 2741 2810 2812 2828 2829 2842 2864 2873 2886 2931 2940 2950 3068 3101 3166
2366 : 1456 1861 3124
2367 : 890 1180 1455 1671 1861 2254 2264 2373 2877 2931 2980
2368 : 1605
2369 : 2266
2370 : 2913
2371 : 1976
2372 : 1713
2373 : 2047 3053
2375 : 48 92 111 894 1015 1111 1182 1258 1262 1549 1591 1613 1632 1638 1650 1720 1742 1771 1892 2019 2030 2050 2147 2164 2185 2273 2320 2358 2534 2819 2823 2859 2896 2911 2929 3130
2376 : 585 1067 2962 3059 3139 3153
2378 : 1409 2150 2218 2344
2379 : 695
2380 : 2535
2381 : 236
2382 : 1257 2889
2383 : 1906
2385 : 2035 2561
2386 : 2059 2722 2832 3065 3096 3163
2387 : 2559 3009
2389 : 719 3108
2390 : 2947
2391 : 2167 2302
2392 : 822
2393 : 2197
2394 : 2665
2395 : 3032 3035
2401 : 1382 1526 1735 1810 2016 2262 2277 2297 2572 2668 3067 3072 3129
2402 : 3135
2403 : 1066 1751 1892 2682 3050 3090 3092
2404 : 1726
2406 : 440
2407 : 1145 1491 1673 1743 1811 1901 2020 2093 2105 2324 2396 2795 2851 2863 3020 3078 3080
2408 : 92 1572 1664 2015 2096 2217 2232 2297 2376 2470 2754 2842 2876 2882 2928 2931 3070
2409 : 2033 2194 2402 2534 2665 2679 2721 2753 3187
2410 : 1570 2711
2411 : 1543 2469 2894
2412 : 1308 2480
2414 : 2629
2421 : 2864
2422 : 1497
2423 : 2177 2555
2425 : 2721
2426 : 533 1255 1890 2498 2682 2711 2720 2887 3015
2428 : 3021
2429 : 1046
2430 : 300 3011 3195
2431 : 1912 2962 3160
2432 : 1135
2433 : 1602 2805
2434 : 1608 1642 1878 2176 2499 2833 2883 2945 3110
2435 : 2030 2169 2931 2940 2950
2436 : 1676 2373 2969
2437 : 1170 2560 2780
2438 : 1280 1388 1439 1745 1844 2160 2247 2359 2372 2499 2522
2439 : 731 1519 1641 1726 2248 2800 2996 3183
2440 : 282 981 1482 1553 1847 1946 2054 2177 2409 2622 2702 2734 2751 2911 2929 2951
2441 : 2821
2442 : 2483
2443 : 2376
2444 : 2233
2446 : 3182
2447 : 1454
2449 : 1170 2106 2598 2692 2914
2450 : 2295 2805
2453 : 319 1029 1350 2165 2514 2732 2836 2886 2911 3121 3152 3170
2454 : 1875 2030 2808 2911
2455 : 1028 1216 1347 1536 1859
2456 : 1028 1029 1278 1536 1875 2078 2129 2609 3202
2457 : 284 1543 1664 2189 2254 2275 2584 2595 2624 2683 2718 3031 3089
2458 : 63 281 284 319 497 963 1143 1235 1261 1359 1398 1402 1507 1514 1652 1683 1693 1705 1725 1976 1997 2032 2174 2177 2200 2208 2216 2263 2264 2373 2387 2516 2524 2621 2627 2649 2681 2765 2770 2800 2805 2859 2870 2892 2903 2914 3002 3082 3083 3088 3094
2459 : 1651 1957 2923
2460 : 1415 1536 2112 2263 2546 2687 2719 3033
2464 : 1878
2465 : 3041
2466 : 677 861 1643 3157
2467 : 3094
2468 : 106 321 464 942 1164 1194 1200 1294 1308 1348 1457 1474 1602 1678 1728 1951 1962 2064 2112 2163 2167 2186 2367 2406 2542 2692 2753 2919 2921 2951 2959 3030 3049 3197
2469 : 48 106 202 242 252 265 531 558 675 726 728 851 856 1046 1051 1099 1199 1210 1226 1307 1323 1368 1421 1470 1476 1518 2049 2080 2165 2196 2253 2369 2377 2380 2390 2423 2439 2501 2527 2541 2579 2581 2597 2623 2632 2643 2652 2699 2708 2717 2719 2737 2740 2746 2753 2764 2785 2786 2787 2812 2829 2833 2843 2847 2850 2867 2869 2886 2898 2930 2946 2948 2961 2970 2994 3013 3020 3023 3024 3028 3060 3066 3070 3094 3101 3134 3137 3139 3148 3172 3174
2470 : 281 644 695 1121 1172 1261 1350 1453 1484 1862 1988 2155 2406 2733 2816 2906 2925 2972 3047 3054 3200
2471 : 224 464 527 585 644 728 856 1007 1051 1230 1252 1253 1263 1265 1332 1380 1395 1410 1453 1455 1468 1484 1486 1489 1505 1665 1678 1685 1695 1740 1845 1853 1885 1934 2002 2003 2004 2065 2105 2113 2151 2169 2227 2232 2254 2264 2277 2376 2420 2421 2470 2492 2501 2535 2538 2542 2605 3003 3027 3100 3150 3184 3200
2472 : 69 409 1135 1349 1350 1399 1474 1484 1528 2232 2339 2345 2407 2733 2931 3049 3143 3197
2473 : 409 824 1224 1348 1468 1651 2064 2485 2979 3003
2476 : 46 63 173 251 276 671 796 799 854 1025 1030 1087 1108 1135 1159 1188 1200 1206 1252 1258 1308 1314 1392 1395 1408 1409 1433 1435 1457 1460 1469 1484 1503 1534 1571 1572 1605 1629 1646 1671 1724 1726 1742 1746 1748 1749 1750 1753 1835 1844 1853 1877 1892 1927 1937 1959 1960 1978 2003 2035 2061 2095 2105 2106 2138 2145 2152 2167 2188 2201 2204 2218 2230 2246 2247 2254 2277 2288 2299 2314 2319 2321 2322 2343 2357 2358 2370 2380 2433 2450 2451 2452 2469 2484 2514 2522 2534 2541 2542 2546 2572 2604 2626 2632 2685 2687 2698 2705 2717 2718 2738 2740 2753 2786 2802 2812 2826 2841 2860 2867 2868 2873 2897 2948 2957 2978 3000 3002 3004 3011 3012 3023 3025 3027 3028 3030 3031 3049 3087 3137 3146 3147 3174 3201 3204
2477 : 3002 3060
2478 : 3129
2479 : 2947
2480 : 796 824 856 858 1025 1033 1034 1044 1099 1145 1161 1179 1180 1255 1264 1307 1380 1397 1409 1415 1503 1506 1534 1543 1603 1605 1652 1671 1680 1681 1685 1695 1699 1741 1767 1856 1860 1885 1924 1976 2002 2003 2097 2105 2138 2142 2153 2169 2186 2201 2230 2246 2274 2314 2357 2424 2480 2567 2581 2606 2651 2670 2696 2715 2716 2739 2785 2786 2787 2812 2815 2833 2841 2873 2882 2922 2939 2971 3005 3024 3026 3035 3071 3103 3127 3203
2481 : 1188 1226 1747 2003 2167 2479 2546
2482 : 616 1366 2188 2198 2484 3008 3142
2483 : 71 1306 1665 1792 1829 2288 2484 2546 2841 3004 3194
2484 : 726 1014 1632 2319 2753 3048 3142
2485 : 2572
2486 : 92 848 1025 1167 1348 1381 1645 1869 1874 1927 1973 2096 2142 2160 2339 2627 2750 2989 3064 3105
2488 : 106 605 1026 1029 1043 1470 1484 1741 1870 2210 2246 2286 2451 2524 2555 2922 2947 3001 3084 3202
2490 : 2483
2491 : 96
2492 : 619 854 1025 2618 3039
2493 : 2849
2494 : 3177
2495 : 2513 2855
2496 : 3106
2499 : 48 531 1108 1164 1491 1629 1671 1748 1989 2177 2254 2310 2457 2470 2828 3103
2500 : 272 1098 1159 1315 1324 1366 1489 1515 1588 1681 1695 1771 1805 1928 2321 2420 2668 2684 2750 2897 2961 2968 3048 3050 3054 3077 3087 3150
2501 : 321 940 1087 1144 1194 1215 1392 1552 1603 2343 2499
2502 : 1622 1665 2500 2811 3001 3034 3066 3116
2503 : 1248 1868 2542 2754 2815
2504 : 243 1182 2400 2692 2883 2989 3093 3104 3135
2505 : 243 1003 1331 1486 1590 1611 2053 2287 2835 2864 2883 2948 3001 3039 3080 3116
2506 : 2340 2527
2507 : 1928
2508 : 70 893 1887 1910 1931 1946 2806
2509 : 724 1931 2893
2510 : 70 963 1267 1347 1567 1571 1695 1811 2125 2265 2289 2401 2402 2768 3071
2512 : 282 298 497 531 605 867 1159 1281 1426 1441 1592 1630 1765 1877 1925 2051 2186 2249 2451 2496 2516 2537 2547 2622 2648 2649 2681 2682 2703 2765 2835 2838 2840 2899 2921 3022 3086 3094 3116 3147 3149 3153
2513 : 1388 1473 1491 1638 1721 1890 1977 2109 2142 2160 2189 2471 2488 2554 2682 2732 2997 3147
2514 : 2274
2515 : 1012 1114 1347 1535 1590 2113 2139 2185 2266 2695 2751 2794 2877 3154
2516 : 185 536 595 854 963 973 1034 1144 1171 1267 1326 1369 1683 1744 1911 1916 1932 2369 2496 2656 2702 2721 2737 2798 2860 2921 2925 3018 3034 3036 3040 3094 3138 3199
2517 : 1398 2449 2470 2570 2603 2627 2703 3048 3094
2521 : 68 1384 1572 1767 1788 1901 1978 2134 2181 2274 2598 2826 3024 3091 3145 3150
2522 : 58 103 123 282 284 409 414 440 441 558 585 616 619 637 675 693 854 860 867 895 941 961 1003 1008 1032 1045 1046 1088 1099 1111 1163 1164 1170 1186 1195 1197 1200 1216 1225 1238 1257 1294 1309 1359 1394 1398 1404 1408 1417 1438 1439 1455 1467 1488 1491 1495 1496 1506 1515 1564 1568 1601 1620 1665 1681 1697 1722 1744 1767 1771 1829 1835 1844 1846 1887 1891 1935 1936 1977 2004 2015 2035 2053 2064 2097 2127 2135 2140 2141 2145 2153 2185 2202 2215 2217 2231 2319 2357 2380 2420 2469 2497 2514 2522 2561 2579 2670 2674 2685 2696 2698 2721 2728 2808 2821 2829 2842 2868 2896 2924 2925 2950 2957 3032 3035 3039 3040 3059 3067 3068 3092 3136 3139 3200
2523 : 2311
2524 : 320 616 675 1029 1721 1771 1805 1862 2081 2287 2299 2484 2644 2776 2848 3136
2525 : 58 284 435 671 691 1071 1134 1170 1325 1347 1381 1385 1409 1412 1534 1553 1572 1601 1605 1653 1695 1745 1752 1771 1807 1885 1889 1974 2004 2092 2127 2197 2198 2247 2254 2283 2298 2311 2316 2317 2327 2379 2402 2483 2492 2526 2684 2705 2721 2751 2776 2787 2808 2812 2899 2906 2919 2939 2958 2977 2999 3060 3073 3091 3121 3140 3148 3203
2526 : 1324
2527 : 695 1159 1459 1487 1769 2322 2323 2595 2897 2931 2999 3076
2528 : 70 282 2188 2378 2453 2571 2597 2722 2738
2531 : 1411 1638 2799 3166
2533 : 116 284 759 827 949 1014 1527 1603 1651 1700 1939 2421 2720 2750 2860 2994 3129 3158 3194
2534 : 78 92 462 854 1262 1326 1340 1627 1750 1843 1929 2322 2526 2560 2720 2816 3088
2536 : 1403 2305
2537 : 1002 1025 1543 2016 2064 2127 2486 2703
2538 : 440 2200
2539 : 1046
2540 : 322 1066 1366 1858 2186 2233 2803 2871 3039 3153
2545 : 1871
2547 : 2820
2549 : 730 1325 2215 2871 2887
2550 : 202 1160 1179 1325 1646 1684 2106 2534 2537 2708 2753 2820
2551 : 2053
2552 : 1876 2047 2395 2697
2553 : 2697
2554 : 2697
2555 : 1425 1535 2230
2556 : 63 284 726 1424 1425 1615
2557 : 698
2558 : 1484 2534
2561 : 1699 3087
2565 : 854 2342
2566 : 1465 1469
2567 : 2127
2568 : 944 1112 1235 1456 1855 3041
2575 : 2202 2526 2819 2911 3055 3144
2576 : 895 1049 1110 1171 1525 1637 1888 2030 2129 2219 2248 2457 2487 2961 3013 3114
2577 : 536 854 1049 1098 1253 1282 1469 1605 1792 2198 2893 3114
2578 : 78 95 96 755 950 1048 1110 1147 1196 1274 1280 1334 1388 1401 1402 1441 1473 1543 1602 1721 1766 1888 1978 2091 2164 2207 2248 2268 2323 2487 2567 2606 2646 2800 3200
2579 : 2375 3203
2580 : 1029 1216 1347 1365 1392
2581 : 1503 2523
2582 : 724 1148 2525 2666 2720 3074
2583 : 1035 2801
2584 : 321 595 891 1049 1167 1324 1524 1602 1698 1727 1738 2001 2188 2683 2684 2692 2896 2897 2990 3065 3099 3140 3142 3157 3166
2585 : 440 1387 1434 1788 1809 2094 2165 2316 2542 2625 2742 3078 3120
2586 : 637 1214 1379 1454 1692 1743 1806 1868 2519 2882 2937 2941 3021
2591 : 2233
2592 : 1725 2744
2593 : 58 71 78 104 124 251 462 531 533 605 678 726 824 894 973 974 1002 1026 1030 1073 1108 1135 1144 1154 1196 1261 1292 1325 1366 1383 1409 1424 1428 1432 1473 1476 1525 1543 1554 1566 1571 1593 1615 1644 1664 1686 1695 1843 1846 1871 1928 1929 1936 2054 2142 2304 2321 2370 2402 2569 2643 2649 2721 2819 2829 2849 2994 3013 3047 3057
2594 : 2913
2595 : 2019 2125 2754
2597 : 2287
2598 : 242 1718 1725 1783 2267 2525 2605 2649 2801
2599 : 2308
2600 : 3164
2603 : 1806
2606 : 699 1542 1554 1589 1978 2341 2876 3188
2607 : 1325 2064
2608 : 2722
2610 : 243 1649 2231 2692 2841 2997
2612 : 1159
2614 : 2865
2617 : 973
2618 : 278 940 1003 1066 1113 1181 1194 1412 1454 1554 1571 1593 1652 1724 1939 2047 2179 2186 2289 2358 2396 2542 2625 2631 2712 2890 2922 3033 3184 3192 3193
2619 : 272 367 1001 1012 1145 1368 1476 1486 1649 1728 1885 1939 2155 2178 2314 2630 2925 2986 3112
2620 : 1170 2803 2829 2931
2621 : 1034 2166 2196 2522 2645 2911 3100 3150
2622 : 1359
2623 : 40 241 320 670 964 972 1327 1346 1362 1517 1544 1571 1588 1674 1695 1723 1926 2035 2047 2053 2215 2276 2286 2317 2408 2527 2733 2786 2880 2905 2948 2981 3014 3088 3093 3125 3144
2624 : 1828
2626 : 2114 2184 2378 2716 2765 3017 3134
2628 : 854
2629 : 1225 1485 1810 2020 2178 2201 2987
2630 : 1869
2631 : 2913
2633 : 1206
2634 : 1231 2838
2636 : 1426
2637 : 1383 2496 2628 2938
2638 : 3004
2639 : 68 2628 3119
2640 : 670
2642 : 2401
2643 : 1862
2644 : 616
2645 : 3179
2646 : 1529 1649 1974 2383
2647 : 1413
2648 : 71 1487 1826
2649 : 2342
2651 : 104 497 533 1366 1380 1679 1692 1846 1951 2130 2145 2545 2666 2742 2767 2779 2835 2936
2653 : 2833
2655 : 2383
2656 : 440
2657 : 2375 2795 2823
2658 : 146 1087 1978 2061 2167 2568 2610 2621 2919 3030
2659 : 20 104 243 329 409 441 527 537 671 678 695 850 854 1006 1032 1053 1098 1158 1196 1223 1225 1255 1261 1288 1354 1359 1365 1366 1382 1400 1404 1616 1619 1645 1674 1676 1677 1679 1712 1719 1752 1753 1771 1781 1788 1805 1828 1951 1989 2020 2033 2046 2060 2150 2184 2207 2216 2277 2358 2383 2518 2536 2559 2606 2620 2646 2679 2851 2864 2868 2886 2907 2950 2987 3006 3058 3076 3087 3103 3120 3182 3190 3202
2660 : 619 679 1049 1272 1382 1470 2152 2198 2246 2247 2316 2355 2369 2378 2452 2522 2557 2622 2629 2644 2646 2683 2704 2706 2719 2777 2785 2860 2882 2913 2937 2944 2958 2966 2989 3023 3024 3085 3147 3194
2661 : 1258 1885 2301 3086
2662 : 104 243 248 319 464 533 655 679 761 1001 1173 1185 1223 1267 1354 1362 1397 1421 1487 1496 1697 1752 1764 1788 1835 1860 1884 1902 2151 2198 2262 2321 2626 2806 2850 2886 2958 3041 3054 3166
2663 : 3087
2665 : 527 1012 2716
2666 : 414 694 695 696 855 1427 1712 1844 1962 2218 2359 2516 2597 2628 2646 2680 2720 2816 2891 3134
2667 : 694 1641 2176 2375
2668 : 891
2669 : 2816
2671 : 2522
2672 : 1503 2571
2673 : 479
2674 : 479
2675 : 2146
2678 : 492
2679 : 3053
2680 : 1033 1067 1467 1534 1591 1680 1695 1697 1741 1742 1891 1937 1977 2002 2035 2065 2152 2188 2211 2370 2399 2421 2604 2674 2687 2744 2802 2820 2864 2913 2928 2959 2994 3081 3114
2681 : 679 894 1307 1937 1956 2035 2211 2798 2924
2682 : 1327 1946 2873 3049
2683 : 1396 1741 1769 2211 2687 2873
2685 : 1315
2686 : 2494
2688 : 2078 2194 2858 2862 2996 3013 3110
2689 : 2547 2966
2690 : 409 971 1052 1160 1628 1725 2150 2247 2373 2628 2862 2957 2996
2691 : 1366 2483
2693 : 1671 2494 2954
2694 : 1098
2695 : 1652 2287 2558 2851 3023
2696 : 2855
2697 : 527 536 2204
2698 : 3194
2699 : 2734
2700 : 1470
2701 : 1153 2216 2276 2371 2406 2596 2816 2849 2905 2926 2949 3043 3082 3128 3137 3148
2702 : 861
2703 : 241 492 944 1003 1047 1410 1433 1514 1663 1811 1844 1951 1997 2176 2188 2196 2216 2261 2276 2297 2373 2454 2481 2631 2649 2667 2686 2734 2798 2885 2893 2926 2988 3002 3015 3084 3098 3135
2704 : 298 1514 1604 1951 2032 2261 2437 2454 2667 2734 2767 2864 2914 3131
2706 : 2095
2708 : 1608
2709 : 1608
2710 : 3044
2711 : 1048 1265 1636 1948 2002 2080 2669 2795 2932 2951
2713 : 3177
2714 : 397 595 856 972 1505 1641 1749 2153 2167 2208 2367 2938 3021
2715 : 1975
2716 : 1015 1643 2247
2717 : 796 1026 1292 1294 1462 1497 1593 1643 1718 1745 1786 1975 2200 2214 2535 2648 2880 3077 3199
2719 : 3175
2720 : 1292 1393 1497 1975 2031 2664
2721 : 1593 2804 2880
2726 : 1771
2729 : 1362
2730 : 1194 1236 1290 1476 1489 1652 1935 2233 2307 2711 2990 3036 3038
2731 : 637 728 1327 1348 1621 1705 1889 2082 2307 2324
2732 : 2106
2733 : 3014
2734 : 329 440 1032 1034 1194 1236 1681 1926 2990
2736 : 1346 2217 2956
2737 : 1326 2217 2541 2699 3144
2739 : 2093 2705 2893
2740 : 2847 3140
2741 : 2303 2534
2742 : 2847
2745 : 2471
2749 : 48
2755 : 1427 2687 2994
2757 : 796 1223 1411 1709 2620 3033
2759 : 2648 2927
2760 : 3052
2761 : 1651
2762 : 2233
2766 : 1806
2767 : 2141 2629
2771 : 1308 3116
2772 : 1308
2773 : 2217
2774 : 1602
2775 : 1327 2938
2777 : 1051 1412 1615
2778 : 1354 2354
2779 : 2390
2780 : 1710 2421 2827
2781 : 2841 2967 3116
2782 : 1155 1362 1527 1528 1615 1861 1925 1934 2165 2204 2433 2572 2593 2918 2994 3004
2783 : 2105
2786 : 1475
2789 : 414 858 1108 1740 1844 2245 2682 2720 2826
2790 : 2188 3093
2791 : 2698
2793 : 858 860 2720
2794 : 1308
2795 : 3138
2797 : 2889
2798 : 48 272 619 796 856 1035 1173 1408 1534 1626 1741 1892 2496 2628 3097
2799 : 1408
2802 : 1750 2497
2803 : 2314
2806 : 695 1350 1385 1387 1411 1425 1441 1605 1638 2094 2302 2493 2500 2569 2816 2842 2882 2970 3191
2811 : 2455
2814 : 1498
2815 : 1827
2820 : 252 1743
2821 : 1264
2822 : 2967
2824 : 58
2825 : 2438
2830 : 2210
2832 : 2048
2833 : 497 1098 1247 1308 1552 1751 1754 1855 1888 1890 2017 2020 2080 2162 2218 2245 2254 2307 2374 2424 2435 2438 2537 2570 2596 2681 2698 2741 2856 2883 2902 2911 2924 2951 2955 3033 3072 3081 3113
2834 : 1062 1753 1960 2128 2202 2219 2499
2835 : 2721 2826
2838 : 531 1170 1290 1292 1476 1567 2175 2307 2455 2584 2598 2696 2819 2868 2874 3096
2839 : 2785 3109
2840 : 670 671 1194 1324 1325 1381 1595 1974 2150 2218 2298 2304 2305 2306 2307 2396 2542 2695 3117
2841 : 2742
2843 : 585 1196 1307 1464 1503 1518 1629 1632 1673 1699 1782 1928 2097 2169 2299 2886 3030 3086 3140 3174
2844 : 1238 1727 2367 2857 3120
2845 : 1049
2846 : 222 850 1134 1206 1259 1388 1390 1403 1409 1488 1501 1528 1652 1693 1705 1826 1845 1852 1874 1888 1961 2034 2109 2169 2178 2215 2232 2245 2286 2289 2604 2692 2702 2753 2771 2804 2827 2945 3037 3142 3154 3177 3189
2847 : 1754
2848 : 1456
2850 : 2304
2853 : 321 1028 1113 1194 1238 1409 1469 1608 1665 1671 1681 1695 1698 1705 1937 1978 1997 2076 2083 2091 2189 2261 2341 2376 2453 2547 2644 2669 2730 2786 2815 2873 2943 2971 3049 3114 3170 3204
2854 : 2742
2855 : 3111
2857 : 1705
2861 : 2721
2864 : 794 1517 1862 2181 2887 3183
2865 : 479 1475 1489 1497 1593 2843 3134 3153
2866 : 670 1627 1874 1974 2054 2097
2867 : 3182
2868 : 1417 3090
2871 : 630 1272 1465 1738 1928 2399
2872 : 2721
2874 : 1871 2061
2876 : 1847 1915 2692 2737 2857 2877 2883 3013
2877 : 1847 1915 2155 2177 2189 2523 2692 2883 2913 3018
2878 : 2650
2879 : 1216 1764 2035
2880 : 892 1066 1272 1281 1487 1502 1926 1962 2035 2252 2299 2396 2947 2980
2881 : 1502 2582 2815
2882 : 1651
2883 : 3160 3195
2887 : 92
2888 : 1591 1654 1765 1771 1809 2163 2181 2345 2407 2776 3003 3035
2889 : 1385 1409 1413 1628 1771 1889 2147 2163 2209 2309 2584 3181
2890 : 585
2893 : 858 1108 1260 1399 1458 1470 1474 1526 1570 1632 1650 1671 1675 1936 2198 2247 2264 2302 2344 2354 2358 2379 2516 2536 2541 2571 2652 2669 2734 2765 2860 2882 2892 2937 2991 3052 3137 3153
2894 : 1135
2895 : 1679
2896 : 278 396 417 718 728 796 1032 1223 1261 1262 1387 1409 1454 1745 1766 1769 1805 1856 1906 1962 2092 2127 2163 2289 2309 2402 2482 2497 2823 2848 2913 2918 2985 3054 3066 3072 3088
2897 : 1270 1350 1769 1785 1787 1928 1931 2047 2137 2208 2534 2984 3077 3145
2898 : 1236 1434 1465 1605 1664 1699 1912 2016 2197 2217 2218 2247 2366 2571 2742 2887 2990 3035 3143 3145
2899 : 104 963 1234 1280 1341 1349 1491 1533 1550 1728 1752 2020 2245 2344 2367 2373 2519 2572 2620 2911 2985 2988 2991 3047 3086
2900 : 1408
2901 : 1265 2734 3094
2902 : 796 1030 1225 1265 1270 1408 1429 1462 1465 1572 1612 1651 1677 1693 1722 1886 1901 1930 1957 2202 2251 2308 2365 2374 2524 2559 2569 2623 2645 2749 2856 2886 2892 2911 2931 2950 3064 3070 3083 3154 3167
2903 : 40 106 124 332 598 849 861 940 1045 1066 1115 1134 1135 1145 1216 1223 1238 1279 1309 1314 1344 1346 1352 1403 1408 1431 1433 1552 1622 1627 1717 1725 1738 1787 1807 1811 1845 1847 1961 2003 2035 2064 2081 2108 2110 2138 2162 2167 2177 2185 2247 2276 2373 2400 2454 2500 2534 2543 2555 2567 2598 2609 2623 2625 2651 2656 2670 2720 2733 2739 2746 2748 2749 2784 2787 2834 2855 2857 2885 2903 2968 3001 3005 3027 3041 3070 3095 3103 3106 3110 3114 3121 3127 3138 3139 3147 3152
2904 : 322 850 1172 1386 1389 1542 1694 1698 1807 1811 1957 2105 2111 2128 2189 2595 2716
2906 : 322 435 1163 1423 1433 1476 1825 2017 2034 2169 2263 2315 2323 2433 2534 2598 3024 3035 3046 3098 3181 3201
2907 : 1325 1550 1781 1788 2127 2922 2979 3023
2918 : 2805 2806
2919 : 1401 2554
2920 : 70 1501 2047 2805
2922 : 1501
2933 : 1179 1409 1623 2897
2934 : 1290
2935 : 1390
2936 : 858 1550 1605
2937 : 2035
2939 : 3195
2942 : 973 1811
2944 : 462
2948 : 2170
2949 : 2142
2950 : 95 103 1454 1473 2893 3182
2952 : 1048
2953 : 1454
2954 : 106 1216 1738 3001 3081 3185
2955 : 224 615 1012 1072 1261 1544 1638 1693 1847 1997 2289 2401 2484 2829 2834 2885 3027 3163
2956 : 1185
2957 : 527 962 1029 1170 1216 1309 1369 1394 1470 1485 1491 1683 1725 1951 1961 2097 2164 2194 2210 2229 2470 2802 2804 2808 2842 2994 3008 3094 3112 3130
2958 : 367 495 615 661 717 1012 1025 1051 1169 1186 1307 1358 1444 1594 1603 1951 2002 2047 2064 2138 2152 2178 2201 2337 2357 2372 2484 2494 2518 2697 2698 2905 2956 2973 3157
2961 : 1925
2963 : 531
2964 : 1805
2965 : 320 761 1163 1411 1434 1544 1684 1807 2228 2302 2396 2559 2579 2777 2971
2966 : 95 1333 1497 1588 1612 1665 2113 2137 2980
2967 : 1234 1614 2251 2265
2968 : 1347 1497 3165
2969 : 1225 1387 1453 1564 1910 1915 1928 1947 1976 2107 2807 2903 2953 2980 3125 3138
2970 : 2980
2975 : 3087
2977 : 335 1048
2980 : 1650
2981 : 1834
2982 : 2452
2984 : 3074
2985 : 1468 1523 1671 1739 1923 2036 2178 2195 2883 2907 3034
2986 : 1641 2178 2274 2536
2988 : 3182
2989 : 1463 1476
2990 : 2739 2907
2991 : 2420
2992 : 1748 2207
2995 : 1323
2996 : 3091
2997 : 675
2998 : 1628 3182 3183
3000 : 281
3002 : 695 972 1159 1435 1664 1699 1720 1750 1752 1808 1809 1862 2003 2065 2113 2170 2298 2304 2339 2379 2457 2526 2536 2628 2800 2827 2907 3166
3003 : 1809
3004 : 585 2210 2469
3005 : 2698
3006 : 1135 2306 2932
3007 : 124 1013 1604 1728 1945 1978 2110 2216 2261 2524 2624 2708 2916 2989 2991 3000 3001 3005 3145
3008 : 1235 1265 1691 1890 3145
3009 : 1475 2092 2716 3031
3010 : 48 1007 1226 1235 1288 1605 1646 1665 1741 1878 1912 1929 2299 2401 2516 2522 2584 2699 2767 2794 2894 2924 2928 2951 3035 3066
3011 : 435 973 1408 1476 1680 2516 2664 2716 2902 3066
3012 : 1463 2302 2823 2962
3013 : 106 849 1326 1544 2137 2145 2152 2233 2396 2471 2571 2795 3158
3014 : 1169 1465 2970 3132
3015 : 3048
3016 : 1164 2298
3020 : 1168 1384 1408 1710 1912 2594 2894 2924 2944
3021 : 1408 3150
3022 : 106 464 1234 1282 1327 1695 2002 2092 2288 2320 2372 2541 2717 2870 2979 3106 3157 3177
3023 : 284
3024 : 93 320 2002 2499 2541 2645 2754 2882 3045
3025 : 2737
3026 : 3021
3027 : 2620
3028 : 2620 3115
3029 : 2737
3030 : 2737
3031 : 2246
3032 : 1856 2233 2901
3034 : 243 1114 1279 1630 1717 2141 2233 2623 2819 2901 3005 3074
3035 : 3114
3036 : 2968
3037 : 2795
3038 : 2884
3039 : 440 1394 1507 1625 1636 1653 1792 1846 1886 2109 2165 2450 2534 3142
3040 : 2497
3041 : 2971
3042 : 2899
3043 : 854 2402 2734 2826 3127
3044 : 1163 1609
3045 : 1290 3021 3111
3046 : 3021 3038 3115 3158
3047 : 1908 2229 2273 2486 2734 2911 2916 2921 3074 3142
3048 : 2541 2920
3049 : 1467
3051 : 2081
3052 : 3086
3053 : 497 2626 2857
3054 : 3111
3055 : 3198
3056 : 2815 2870
3057 : 3105
3058 : 3068 3117
3059 : 396 2869
3060 : 1198
3062 : 3039
3064 : 1261 1391
3065 : 533 755 1308 1408 1445 1454 1623 2622 3140
3072 : 2857 3090
3073 : 3035
3074 : 3053 3092
3075 : 3092
3076 : 1462
3078 : 630 1805
3079 : 2823
3081 : 116
3082 : 321 1628 1924 2808 3033
3083 : 1408
3084 : 2480
3086 : 1721 2169 2424 3005 3089
3087 : 2594 3057
3088 : 2127
3089 : 2310
3090 : 185
3091 : 417
3094 : 972 1032 1033 2811 2931
3095 : 724 1470 1700 2456 2820 2970 3164
3096 : 332 2480 2543 2622
3097 : 1745
3098 : 144 185 1033 1108 1698 1769 1825 1936 2002 2109 2208 2233 2252 2302 2421 2483 2496 2697 2802 3067 3130 3202
3099 : 730 950 1253 1528 1695 1926 1930 2127 2483 3201
3100 : 670 1143 1469 2711 2940 3049
3101 : 1764
3102 : 1677 2711 3120
3103 : 1099 3125
3104 : 241 1700 2208 2423 2543 2559 2806 2978
3105 : 2220 2998
3106 : 397 605 619 1033 1135 1327 1354 1470 1684 2018 2053 2208 2263 2273 2399 2453 2471 2501 3053 3113 3193
3107 : 2835
3108 : 1595
3109 : 1535 2851 2856 2884 3115
3110 : 1145 3053
3111 : 1033 1099 1224 1247 1359 1458 1459 1601 1604 1626 1962 2017 2035 2036 2080 2105 2175 2245 2307 2314 2438 2470 2483 2711 2828 2919 2978 2979 2985 3049 3081 3181
3112 : 2721
3113 : 2470 2500 2828 2985 3081 3116
3114 : 2033
3115 : 2765
3116 : 1745
3118 : 981 1015 1197 1593 1700 1825 1829 1908 1930 1975 2176 2195 2297 2301 2353 2734 2838 3096 3131
3119 : 3034 3079
3120 : 1700 3022 3079
3122 : 962 1362 1782 2263 2819
3123 : 96 335 497 536 1003 1031 1048 1381 1387 1388 1402 1444 1495 1525 1602 1888 1910 2001 2091 2186 2216 2248 2275 2353 2408 2487 2646 3091 3190
3124 : 70 95 96 495 497 893 1031 1083 1206 1274 1278 1280 1347 1365 1379 1387 1388 1401 1441 1473 1543 1601 1664 1692 1721 1744 1806 1946 2000 2091 2112 2164 2165 2207 2248 2268 2323 2338 2344 2353 2567 2606 2656 2802 2807 2827 3077 3088 3200
3126 : 2454 2890
3127 : 671 1158 1181 1349 1412 2106 2321 2753
3129 : 1072 2941 3143
3130 : 95 405 1155 1166 1259 1265 1350 1625 1681 1705 2060 2081 2184 2189 2192 2525 2603 2620 2666 2726 2927 2980 3013 3018 3057 3070 3124
3131 : 1161
3132 : 106
3139 : 1696
3144 : 2650
3145 : 48 243 282 319 730 1014 1015 1025 1108 1112 1143 1331 1333 1363 1388 1411 1441 1524 1590 1595 1611 1619 1635 1638 1643 1644 1646 1647 1672 1784 1858 1859 1888 1905 1909 1932 1958 1977 1998 2033 2049 2054 2093 2144 2201 2226 2286 2321 2355 2366 2447 2486 2487 2525 2534 2554 2555 2683 2807 2849 2887 2915 2948 2970 3001 3016 3023 3045 3056 3057 3093 3132 3182
3146 : 71 243 531 964 1112 1143 1197 1273 1331 1411 1443 1474 1645 1784 1868 1931 1946 1974 2033 2129 2193 2320 2534 2544 2554 2620 2649 2695 2708 2815 2820 2887 2937 2993 3034 3045 3057 3066 3080 3093 3142
3150 : 1652 2923 3150
3151 : 1032
3156 : 670 1099 1159 1862 2095 2138 2252 2289 2341 2355 2402 2567 2644 2767 2896 2939 2998 3107 3131
3157 : 1341
3158 : 40 251 670 721 1270 1307 1454 1471 1516 1541 1549 1612 1853 2252 2275 2353 2499 2739 3146
3159 : 123 243 278 1223 1384 1425 1868 1938 2030 2061 2177 2261 2451 2666 2923 2940 2987
3161 : 78 2186 2572 2816
3162 : 527 670 1049 1052 1346 1874 1930 2035 2181 2186 2619 2777 2979 3009 3018
3163 : 2318 2893
3164 : 278 1262 1323 2310
3165 : 719 1194 2930 3038
3166 : 531
3168 : 319 1015 1031 1292 1363 1388 1411 1497 1605 1637 1727 2142 2146 2452 2645 2765 2862 2882 2928 2936
3169 : 618 1533 1700 1727 2699 3084
3170 : 380 1026 1215 1504 1587 1727 1765 2000 2093 2525 2584 2996 3092 3094 3175
3171 : 1750 1784 2373 2645 2669 2849 2862 3016 3088
3172 : 973 1637 1727 2366 2970
3173 : 2996
3179 : 1770
3186 : 495 1517 1527 1620 1699 1908 1912 2019 2557 2572 2741 2862
3187 : 1237 1278 1411 1570 1613 2175 2542 2886 2989 2990
3188 : 282 405 1514 1694
3189 : 96 1013 1030 1109 1169 1326 1354 1491 1524 1620 1694 1719 1886 1957 2286 2318 2525 2555 2592 2738 2808 2913 2984 3048 3134 3183
3190 : 96 281 893 1028 1029 1030 1032 1236 1270 1272 1278 1536 1620 1653 1671 1699 1728 1933 1934 1938 2106 2217 2268 2286 2298 2317 2454 2471 2542 2683 2711 2712 2886 2894 2951 2989 2990 3048
3191 : 243 1366 1441 2679
3196 : 699
3197 : 1295 1380 1827 1846 1928 2320 2378 2497 2742 2749 2767 2936 2946 3064 3082 3173
3198 : 3128
3199 : 3128
3200 : 1727 1846 2052 2304 2742 2767 2862 2895 2930 2936 3056 3064 3120 3128 3194
3201 : 1454 2919
3202 : 1390
3205 : 982 1550 1605 1691 2233 2450 2579 2679 2709 2885 2897 2916 3000 3091
3206 : 243
3207 : 3137
3208 : 1413
3209 : 116 585 1460 1470 3024 3025
3210 : 435 1889 2138
3211 : 1485 2327 2485
3212 : 585 1181 1748 1771 2127 2906 3025 3028
3213 : 1628 2542
3215 : 533 1003 1236 1292 1388 1484 1784 1879 2595 2688 2931 3015 3047 3139
3216 : 717 980 1206 1651 1847 2569 2833 3096
3217 : 2568
3218 : 103 655 1570 1609 1658 2457 2777 3095 3145
3219 : 1013 1417 1609 1654 1695 2568 2721
3220 : 944 1248 1847 1877 3091
3221 : 82 596 974 1012 1053 1628 1847 1874 1924 1951 2033 2167 2202 2342 2374 2454 2572 2720 2841 2870 2918 3006 3153 3165
3222 : 58 1382 2140 2262 2318 2493 2497 2695 2871 2885 3076
3223 : 2497 3094
3224 : 111 727 848 892 1049 1051 1188 1196 1259 1267 1288 1348 1358 1369 1386 1392 1505 1524 1588 1651 1673 1743 1787 1806 1827 1854 1855 1856 1860 1890 1929 1977 2060 2113 2125 2152 2202 2204 2254 2338 2356 2367 2396 2436 2457 2544 2546 2597 2646 2720 2722 2738 2749 2816 2829 2864 2866 2913 2914 2932 2946 2958 2980 3004 3006 3014 3043 3071 3080 3087 3100 3101 3120 3128 3134 3163
3225 : 1231
3226 : 1393
3227 : 2233
3228 : 3067 3202
3229 : 1194 2289
3230 : 1048 2622
3231 : 1258 1464 1525 2175 2680
3233 : 320 1807 1890 1946 3086
3234 : 1238 2297 2704
3235 : 2319
3236 : 727
3237 : 2669 2704
3238 : 2816
3239 : 1145 1392 1738 2696
3240 : 1169 1188 1744 2094 2884
3241 : 1169
3243 : 3113
3244 : 1650 1862
3245 : 2150 2342 2618 3128
3246 : 1488 1694 1928 2150
3247 : 1135 1145 1527
3249 : 1455 2130 2343 2795 3005
3250 : 1179 1264 1470 1591 1811 2344 2378 2527 2820 2925 2959 3144
3251 : 678 1200 1262 1459 1542 1625 1727 1886 1947 1974 2036 2175 2490 2605 2944 3064
3252 : 1811 2378 2527 2769 2850 3037
3253 : 185 796 1264 1459 1728 2264 2297 2851 3072
3254 : 46 185 278 1051 1166 1173 1213 1237 1264 1347 1464 1491 1506 1534 1604 1646 1647 1657 1728 1748 1811 1916 1928 2053 2080 2175 2220 2249 2263 2273 2297 2372 2413 2421 2436 2534 2570 2571 2598 2645 2667 2674 2685 2719 2726 2727 2850 2855 2856 2884 2889 2929 2938 3081 3094 3121 3125 3171
3255 : 2220
3256 : 396 435 855 1533 1591 2439 2499
3258 : 1272 2092
3260 : 1143 2681
3261 : 1902
3262 : 1491
3264 : 616 1114 1169 1961 2061 2310 2966
3265 : 1368 1527
3266 : 1098 1691 2204 2289
3267 : 2881 2936
3268 : 3124
3269 : 2519
3270 : 3144
3271 : 615 2187 2313 2319 2438 2666 2915
3272 : 278 1196 1197 1383 2060 2167 2288 2340 2342 2368 2572 2619 2772 2864 3086 3149 3181
3273 : 2887
3274 : 405 435 637 1084 1098 1348 1366 1412 1423 1435 1530 1542 1544 1571 1614 1658 1682 1829 1948 2036 2198 2203 2263 2326 2343 2371 2372 2518 2546 2785 2815 2816 2821 2870 2945 2950 3032 3077 3167
3275 : 92 1280 1491 1629 1806 1827 2288 2702 2858 2926 3011 3136 3141
3276 : 2137 2456
3277 : 2701
3279 : 1463 1469 1637 2899 3189
3280 : 1194
3281 : 95 265 1652 3033
3282 : 1238
3283 : 1046 1680 2897
3284 : 1109 1272 1365 1388 2308
3285 : 1388 2276
3286 : 724 796
3287 : 1002 2187
3288 : 282 605 950 1290 1454 1514 1517 1638 1750 1867 1931 1974 2176 2208 2216 2297 2308 2312 2375 2433 2480 2498 2543 2859 2878 2985 2996 3055 3056 3088 3153 3164 3192
3289 : 1650
3290 : 1767
3292 : 3111
3293 : 2233
3294 : 1609
3295 : 2485
3297 : 891 1408 2438 2500
3298 : 103 321 531 637 1099 1170 1199 1421 1571 1589 1658 1677 1845 1889 2061 2097 2106 2217 2226 2355 2358 2398 2739 2849 2931 2947 3091 3142
3299 : 1475 1738 2018 3066
3300 : 2181 2776 2941 3023
3301 : 1862
3302 : 1260 1392 1474 1674 2062 2217 2455 2937 3066
3303 : 1003 1014 1122 1143 1324 1435 1456 1502 1507 1517 1518 1541 1542 1605 1695 1809 1908 1912 1989 2017 2054 2060 2113 2127 2275 2370 2379 2402 2424 2450 2451 2455 2582 2593 2669 2841 2883 2889 2928 2990 3160
3304 : 1033 1696 1723 1726 3015
3305 : 1609 2644 2882
3306 : 1014 1517
3307 : 124 644 893 1143 1155 1206 1308 1404 1435 1474 1507 1609 1632 1636 1637 1650 1658 1699 1766 1792 1879 2096 2127 2215 2217 2229 2420 2561 2620 2682 2734 2961 2979 3048 3056 3084
3308 : 2197
3309 : 1621
3310 : 1827 2372 2400 2893 2931
3311 : 320 321 1468 1491 1774 1868 2106 2148 2368 2886
3312 : 728 2051 2719 2913
3313 : 2178 2931
3314 : 2893
3316 : 1158
3317 : 644 718 990 1034 1470 1536 1624 1705 1747 1869 1910 1956 2178 2409 2534 2594 2695 2864 2940 3087
3318 : 1003 1359 1527 1878 2297 2320 2438 2785 2860 2898 2920 3040
3319 : 185 2289
3321 : 2697
3322 : 2033 2433 2716
3323 : 2379 2923 2945 3032
3324 : 1792
3325 : 1415 1834 2017 2598
3326 : 1445 1708 2210 2906 2956 2981
3327 : 2436 2541 2684 2709 3014 3058
3328 : 2390
3329 : 1387
3330 : 281 755 1014 1073 1410 1645 1951 2276 2454 2483 2535 2555 2702 2703 2734
3331 : 2276 2515 2596
3332 : 1134
3334 : 2144
3335 : 2106 3177
3336 : 2877
3337 : 2106
3338 : 2106 2707
3339 : 2201
3340 : 320 1135 1505 1711 2433 2871
3341 : 254 409 464 1166 1267 1334 1359 1681 1706 1890 2113 2155 2195 2200 2264 2274 2389 2451 2498 2652 2702 2719 2732 2851 2938 2940 2978
3342 : 464 2922
3343 : 1527 2711
3344 : 320 949 1453 1495 1527 1856 1997 2433 3184
3345 : 1259 1390 1392 1453 1517 1613 1739 1934 1936 1947 1957 2081 2167 2175 2184 2208 2265 2286 2555 2595 2681 2986 3044 3105 3110 3125 3202
3346 : 284 964 1029 1122 1135 1188 1223 1234 1323 1379 1394 1469 1551 1613 1706 1807 1886 2081 2167 2253 2555 2682 2712 2719 2802 2914 3077 3189 3199 3203
3347 : 2946
3348 : 867 1172 1325 1530 2003 2369 2627 2644 2905 3049 3105 3117
3349 : 3049
3350 : 644 1172 1258 1358 1403 1404 1541 1677 1684 1750 1834 1885 1998 2031 2080 2097 2174 2254 2273 2314 2371 2433 2516 2544 2609 2701 2740 2785 2866 2940 3037 3067 3133
3351 : 1933 1988 2179
3352 : 1543 1846 2546 2598 3023 3105
3353 : 284 1035 2674 2687 2837 2966 2970
3354 : 2314
3355 : 1463 2002 2126 2317
3356 : 78 243 895 962 1147 1350 1362 1365 1380 1386 1404 1423 1425 1455 1456 1523 1544 1554 1614 1824 1869 2003 2004 2059 2106 2134 2177 2184 2301 2326 2341 2389 2398 2457 2568 2596 2632 2644 2696 2703 2828 2851 2888 2915 2922 2928 3092 3105 3124 3143
3357 : 205 1158 1346 1381 1459 1588 1677 2060 2299 2301 2534 2829 2855 3023 3030 3112
3358 : 104 124 942 1052 1280 1533 1564 1623 1646 1647 1695 1945 1948 2017 2302 2499 2538 2753 3042
3359 : 1066 1691 2285 2322
3360 : 2893
3361 : 106 185 670 1747 1946 2020 2184 2305 2483 2580 2893 2911 2984 3011
3362 : 185 222 854 1516 1605 1695 1879 2046 2341 2378 2501 2734 2893 2894 2902 3153 3203
3364 : 3141
3365 : 1112 1423 2712 2839 3054 3084 3108
3366 : 1043 1415
3367 : 1043 2210 2582 3149
3368 : 1601 1768 2125
3369 : 1309 1392 1416 2232 2683 2883
3370 : 1108
3371 : 1946 2800
3372 : 1212 2268 2892
3374 : 1717
3375 : 1433 3174
3376 : 185 205 224 1049 1135 1347 1381 1930 2285 2821
3378 : 3090
3379 : 1108
3381 : 2096
3382 : 2188 2265 2546
3384 : 1194 1392
3385 : 409 585 893 1028 1210 1380 1412 1440 1541 1543 2152 2314 2452 2870 2925 3143 3192
3386 : 1467 2683
3387 : 202 1002 1926 2092 2923
3388 : 1083
3390 : 696 796 1010 1389 1421 1457 1523 1588 1589 1684 1693 1706 1740 1754 1771 1824 1861 1923 1929 2035 2082 2167 2202 2501 2534 2868 2898 2941 3049 3158
3391 : 71 1007 1458 1463 1464 1671 1706 1774 1827 1928 2036 2155 2197 2201 2439 2667 3158
3392 : 2198 3050
3393 : 1726
3394 : 321 322 1026 1099 1113 1155 1236 1550 2187 2402 2561 2697 2703 2742 2821 2822 2833 2840 2885 3006 3080 3083
3395 : 724 894 1272 1435 1525 1650 1675 1742 2203 2246 2308 2455 2494 2623 2688 2746 2984 3005 3018 3199
3396 : 2252
3397 : 1632 1650
3398 : 1386 1886 3021
3399 : 1643 1886 1933 2249 2648 3037
3400 : 699 894 1014 1071 1111 1382 1386 1460 1470 1485 1605 1650 1805 1853 1886 1946 2033 2387 2452 2720 2776 2780 2893 2985
3401 : 1050 1155 1431 2699
3402 : 1515 1856
3404 : 2538 2823 2962 3022 3146
3406 : 1722 3016
3408 : 2193 2977
3409 : 1197 2542 2592 2618 3142
3410 : 1197 3089
3413 : 942 1423 1623 2146 2189 2721 2820 2897 2979 3046
3414 : 2499
3415 : 1686
3418 : 3022
3419 : 1032 1976 2561
3420 : 2033
3421 : 1237 1253 1454 1874 2003 2110 2396 2480 2923 3064 3073
3422 : 1391
3423 : 1601 2177 2800 2914
3424 : 243 281 409 440 1395 1425 1469 1482 1703 2216 2272 2692 2867 3042
3425 : 2857
3432 : 71 1571 1928 3111
3434 : 40 185 617 940 1073 1184 1309 1433 1525 1610 1641 1665 1679 1750 1847 1910 1936 1962 1978 1998 2000 2208 2211 2353 2354 2355 2421 2481 2516 2534 2643 2828 2839 2880 2903 2925 2926 2980 2987 3079
3435 : 1153 1615 1625 1750 1786 1792 2186 2276 2567 2720 2769 2986 3001 3046 3080 3098 3106 3131
3436 : 3106
3437 : 3077
3440 : 2668 2862 2914 3006
3441 : 1924
3442 : 1924 2424
3443 : 2572 3132
3444 : 417 724 1908 2567 2902
3445 : 1665 2050 2695 2714 2837 2897
3446 : 1434
3448 : 1108 1748 2054 2300 2339 2572 2687 2922 2951
3449 : 82 92 224 973 1326 1609 2033 2054 2666 2753
3450 : 675 679 730 1029 1236 1314 1348 1464 1483 1506 1647 1657 1854 1974 2095 2138 2187 2215 2232 2398 2556 2820 2954 3036 3072
3451 : 202 321 414 655 730 892 1046 1098 1164 1170 1194 1225 1237 1264 1314 1323 1366 1464 1465 1502 1565 1611 1614 1646 1738 1774 1805 1835 1855 1926 1960 2003 2035 2053 2064 2092 2095 2137 2138 2148 2198 2215 2217 2230 2283 2305 2314 2344 2372 2379 2401 2433 2501 2541 2629 2644 2645 2651 2652 2704 2841 2842 2868 2874 2924 2931 2944 2971 2989 3027 3060 3064 3090
3453 : 1001
3458 : 1891
3459 : 284 1622 1962 2186 2556 2887
3460 : 322 2633
3462 : 1854 2314
3468 : 1154 2453 2479 3140
3479 : 796
3480 : 405 2620 3156
3481 : 1234 3075 3152
3485 : 717 1099 1408 1503 1620 1924 2263 2786 2916 2970 3015
3486 : 2337 2679
3492 : 278
3493 : 670 1325
3494 : 397 605 671 719 724 1048 1144 1396 1427 1443 1476 1691 1976 1978 2165 2187 2196 2304 2322 2323 2402 2450 2692 2828 2901 3095 3115 3135
3496 : 68 961 1048 1381 1467 1976 2846 3044 3083
3498 : 1394 3091
3500 : 2195 2584 2826 2873 2883
3501 : 1534 1726
3503 : 695 2208
3505 : 1936
3506 : 1976 2035
3507 : 1956 2233
3508 : 1434 2878
3509 : 3052 3103
3510 : 2201
3513 : 1359
3514 : 1359 2913
3515 : 462 1002 2913
3516 : 252 254 319 619 728 1013 1029 1231 1238 1388 1902 1957 1975 2198 2233 2286 2343 2556 2732 2931 3020 3023 3027 3145 3160
3517 : 321 1160 2177 2606 3175
3518 : 1349 2812 2893 3076 3182
3519 : 68
3520 : 1197 1433 1643 1846 1878 1961 2081 2142 2174 2188 2396 2450 2524 2650 2750 2819 2820 2827 2890 2931 2944 3033 3037 3057 3085 3132 3139 3156 3157
3521 : 48 70 94 1088 1169 1386 1403 1438 1563 1792 1847 1886 2031 2164 2174 2177 2274 2337 2630 2686 2726 2737 2745 2900 2916 2925 2927 2963 3037 3040 3066 3100 3132 3141 3147 3199
3522 : 1792 2218 2893 3035 3145
3524 : 1169 1197 1504 2030 2233 2568
3525 : 1552 2896
3530 : 2627
3531 : 96 1012 1049 1110 1154 1386 1388 1391 1425 1595 1847 1948 2231 2248 2344 2410 2487 2498 2698 2699 2746 2805 2921 2946 2956 2988 2996 3001 3157
3532 : 1638
3533 : 251
3535 : 1517
3541 : 94 497 867 1642 1932 2275 2686 2787 2799 2904 3090
3543 : 867 2020
3544 : 1143
3545 : 867 1143 1185 1206 1439 1608 1875 2488 2656 3135
3547 : 462
3548 : 2326
3549 : 48 322 615 794 982 1184 1195 1331 1426 1434 1465 1491 1525 1540 1614 1651 1705 1728 2062 2176 2185 2297 2369 2374 2623 2692 2702 2766 2828 2834 2885 2907 3005 3036 3048 3053 3106 3116 3153 3175
3552 : 2559
3553 : 2137
3557 : 1308 1331 1427 1591 1629 1649 1677 1680 1742 1845 2195 2247 2820 2846 2931 3064 3192
3558 : 1066 1083 1309 1333 1552 1746 1926 2202 2380 2398 2651 2717 2733 2873 2950
3559 : 2020
3560 : 2705
3564 : 619 3087
3566 : 1705 1958 2525 2697 3024
3571 : 104 320 605 696 728 828 1003 1280 1425 1947 2113 2699 2701 2870 2877 2923 2944 2945 3069
3572 : 1348 1651 1681 1743 2263 2264 2456 2920 2961
3574 : 1233 1348 2108 2220 2263 2264 2456 2598 2961
3575 : 828 1890
3578 : 1735
3579 : 1735
3581 : 828 1048 1664
3586 : 2232 2315 2321 2722
3587 : 679 2860
3588 : 2035 2187
3589 : 2314
3591 : 1810
3592 : 3106
3594 : 1003 1394 1834 2943
3595 : 585 2595 3195
3596 : 2786
3597 : 1528
3598 : 1088
3600 : 3172
3601 : 2196 2845 3041
3602 : 598 3008
3603 : 1445 2898 2931 3111 3183
3604 : 2567
3608 : 1290 2312 2324
3609 : 3091
3611 : 2665
3613 : 1155
3614 : 1159 2317
3615 : 2303
3616 : 2141
3617 : 2815
3618 : 417
3621 : 3120
3622 : 144 222 284 335 558 677 731 1160 1162 1170 1180 1235 1248 1259 1260 1273 1292 1323 1327 1347 1350 1352 1364 1379 1440 1470 1485 1528 1564 1602 1625 1677 1681 1705 1726 1739 1788 1824 1844 1855 1856 1861 1911 1929 1931 1939 1997 2018 2030 2042 2046 2081 2112 2113 2200 2210 2267 2274 2341 2342 2388 2396 2597 2695 2717 2812 2821 2890 2940 2953 2979 2981 3085 3094 3114 3115 3133 3140 3152 3165 3184
3624 : 483 527 644 759 990 1012 1135 1263 1265 1323 1324 1393 1678 1781 1834 1884 2002 2082 2112 2229 2264 2376 2470 2484 2545 2561 2684 2732 2795 2842 2851 2864 2869 2886 2943 2990 3030 3031 3087 3138 3140 3143 3170 3201
3625 : 1358 1945 1988 2092 2155 2794
3626 : 1098 2915
3627 : 1265 1901 2264 2851 2920 2931
3628 : 1323 2060 2545 2931
3629 : 2950
3630 : 2765 3198
3631 : 2972
3632 : 202 397 850 1195 1213 1281 1309 1359 1651 1705 1856 1937 1974 2065 2421 2479 2492
3633 : 865 2082 2341 2342
3634 : 40 850 2367 2858
3635 : 2046 2451
3636 : 1926 2786
3637 : 1062 1169 1185 1278 1595 2456 3115
3639 : 1423 1905 2144
3640 : 585 617 679 1098 1143 1393 1416 1470 1485 1530 2081 2196 2568 2851 3068 3077
3641 : 282 319 405 679 755 1015 1146 1216 1396 1602 1608 1782 1890 1956 1997 2354 2645 2784 3193
3642 : 3193
3643 : 93 281 319 730 964 1334 1397 1411 1433 1444 1536 1608 1638 1782 1910 2229 2465 2486 2610 2780 2800 2850 3079 3094
3644 : 2002
3645 : 124 1026 1196 1199 1681 1751 2194 2342 2688 2878 3059
3646 : 2389 2484 2870
3647 : 1543 1766 1782 2015 2059 2488 2568 2799 2922 2993
3648 : 281 2568 2765 2841 2870
3653 : 2233
3654 : 731 1295 2308 2786 3120 3147
3655 : 3032
3658 : 2197
3661 : 78 894 942 1013 1045 1112 1386 1387 1390 1398 1423 1441 1497 1524 1534 1609 1620 1742 1824 1856 1956 2051 2052 2081 2082 2093 2184 2188 2197 2198 2268 2283 2308 2343 2344 2420 2525 2561 2629 2705 2721 2739 2749 2843 2887 2998 3010 3059 3066 3091 3112 3132 3172
3662 : 2147
3663 : 1834 2325 2880
3664 : 3049 3077
3665 : 2303
3667 : 1462 1473 1554 2567
3671 : 1645 1805 2033 2297 2481 2828
3672 : 2229
3673 : 2140 2606
3674 : 3135
3675 : 730 1879 2498 2596 2734 2955
3676 : 1879
3677 : 3112
3678 : 2383
3680 : 1911 2376 2402 2826 2828 3026
3681 : 825 1741
3682 : 78 1469 1505 1671 1748 2112 2163 2218 2372 2479 2765 2772 2870 2888 2893 2898 2932 2950 2979
3693 : 3182
3700 : 367 1306 1549 1552 1635 1691 1735 1745 1786 1826 1878 2137 2603 2740 2816 2902 2911 2922 2923 3112 3172
3702 : 1632 2541 2802 2865 2866 3182
3704 : 2002
3708 : 1354 2263 2354 2631 2998 3041 3053 3113
3709 : 974 1002 1114 1551 1726 1728 2051 2130 2631 2734 2887 2990 3041 3053
3710 : 2020 2113 2252 2493 3005 3039 3041
3711 : 536 849 1235 1400 1470 1485 1636 1676 1916 1939 2020 2114 2130 2210 2261 2482 2567 2670 2894 2970 2993 3012 3132 3173
3726 : 1145
3731 : 2106
3733 : 598 630 950 1010 1047 1171 1179 1426 1491 1591 1680 1693 1938 1974 2035 2144 2194 2198 2251 2277 3076 3185
3734 : 2272 2787
3736 : 185 320 1135 1236 1306 1315 1464 1516 1527 2002 2113 2421 2527 2951 3049
3737 : 39 95 497 533 536 615 848 1003 1029 1030 1032 1111 1154 1169 1182 1216 1235 1252 1255 1272 1278 1325 1351 1359 1403 1408 1431 1433 1441 1460 1470 1484 1514 1525 1527 1536 1568 1620 1645 1741 1774 1806 1859 1869 1875 1878 1888 1911 1924 1930 1936 2032 2051 2078 2096 2145 2184 2208 2216 2219 2232 2251 2261 2275 2307 2314 2366 2375 2398 2399 2470 2480 2498 2544 2559 2593 2595 2609 2610 2622 2652 2667 2696 2701 2711 2720 2802 2816 2829 2858 2889 2904 2905 2916 2919 2922 2940 2993 3015 3027 3040 3047 3052 3057 3067 3079 3084 3136 3157 3177
3738 : 1029 1260 1323 1402 1403 1408 1469 1476 1754 2060 2113 2181 2321 2438 2718 3049 3077 3143
3739 : 1788
3740 : 1496
3741 : 92 95 96 205 284 396 678 693 731 759 796 848 855 962 964 1009 1029 1030 1114 1134 1143 1346 1359 1403 1417 1438 1467 1552 1591 1608 1672 1691 1750 1784 1836 1930 1931 1962 1977 2002 2003 2036 2060 2160 2164 2169 2184 2188 2192 2198 2210 2217 2322 2323 2340 2372 2378 2470 2541 2558 2609 2667 2806 2836 2905 2967 2986 3086 3101 3124 3153 3157 3199 3200 3203
3742 : 3183
3743 : 973 1309 1487 1504 1552 1595 1653 1806 1847 2080 2148 2189 2203 2402 2751 3073 3138
3744 : 2674
3745 : 3090
3746 : 1765 2893
3747 : 3021 3182
3749 : 1705
3750 : 224 1196 1270
3751 : 2753
3752 : 2726
3754 : 585 671 695 724 1066 1099 1341 1366 1394 1397 1467 1487 1535 1713 1827 1861 1862 1978 2096 2166 2198 2308 2316 2319 2479 2522 2742 2888 2890 2915 2920 3100 3150
3757 : 1099 1259 1514 2155 2210 2499
3758 : 1327 2017 2061 2916 2969
3760 : 1115 1173 1750 2317 2560
3768 : 2096 2215 2471 2483 2920 2979 3050
3769 : 2368 2471
3770 : 1591
3771 : 1951 2366 2569 2847 3046 3098
3777 : 2319
3778 : 1552 1826 1853 1869 1878 1972 2137 2262 2723 2832 2838 2896 3039 3112
3780 : 1112 2581
3785 : 248
3790 : 1088
3794 : 3012
3795 : 1811 2962
3796 : 2310
3798 : 2594
3799 : 1526
3803 : 1003 1592 3091
3807 : 2031
3810 : 1034
3818 : 58 106 205 278 321 397 441 462 464 531 655 796 828 856 865 891 941 942 1003 1030 1051 1062 1071 1087 1108 1147 1153 1154 1155 1164 1186 1196 1230 1236 1258 1314 1326 1341 1347 1392 1400 1408 1415 1433 1474 1507 1518 1523 1528 1530 1541 1543 1544 1572 1623 1646 1649 1651 1685 1693 1710 1713 1720 1726 1742 1748 1750 1751 1767 1774 1824 1827 1829 1844 1856 1879 1885 1927 1936 1937 1945 1976 1978 2016 2030 2032 2046 2083 2094 2110 2128 2151 2165 2166 2181 2188 2217 2219 2227 2252 2254 2287 2302 2314 2323 2341 2372 2373 2398 2400 2453 2484 2499 2500 2501 2518 2535 2545 2567 2627 2634 2644 2651 2652 2668 2670 2674 2682 2687 2698 2701 2705 2707 2714 2721 2722 2767 2772 2780 2802 2807 2810 2811 2868 2886 2912 2918 2919 2923 2925 2929 2936 2949 2953 2985 2986 2999 3002 3022 3068 3081 3096 3103 3110 3113 3125 3136 3138 3139 3148 3163 3193
3819 : 278 1877 2003 2060 2127 2152 2217
3820 : 39 332 335 1455 1491 1567 1724 1744 1750 1997 2130 2410 2435 2455 2545 2546 2712 2744 2809 2837 2845
3821 : 1997 2697 3099
3822 : 1170 1856 2217 2286 2568 2627 2630
3823 : 865 1071 1359 1423 1460 1467 1554 1563 1586 1665 1925 1959 1975 2114 2198 2314 2554 2632 2686 2777 2787 3006 3067
3824 : 2396
3825 : 2561
3826 : 96 440 531 595 981 1143 1162 1224 1470 1474 1524 1717 1727 1788 1884 1951 2217 2249 2339 2734 2810 2902 3077
3827 : 123 637 717 1047 1083 1279 1334 1388 1551 1554 1594 1665 2036 2061 2152 2253 2323 2383 2547 2569 2718 2834 3114 3179
3828 : 123 251 298 637 1047 1171 1334 1350 1411 1425 1468 1487 1517 1527 1594 1619 1665 1741 1867 1874 1962 2004 2015 2062 2141 2160 2177 2189 2494 2580 2751 2913 2924 3080 3114
3829 : 678 1114 1160 1307 1350 1368 1388 1594 1957 3015 3129 3200
3830 : 533 1009 1073 1114 1153 1166 1183 1433 1444 1476 1622 1637 1685 1741 1768 1959 2015 2061 2216 2249 2261 2273 2274 2413 2421 2569 2592 2686 2795 2847 2884 3046 3087 3098 3107
3831 : 598 1234 1358 1365 1413 1429 1487 1665 1741 1845 1930 1939 2020 2083 2189 2229 2230 2274 2486 2592 2624 2764 2812 2834 2856 2871 2924 3036
3832 : 2311
3833 : 3025
3834 : 1468 1911 2922
3835 : 1293 1420 1564 1631 1691 1874 1930 1933 1939 1957 2686 2687 2795 2940
3836 : 95 1122 1416 1420 1674 1691 1930 2674 2687 2940
3837 : 2651
3838 : 63
3839 : 2051
3841 : 3080
3843 : 3165
3845 : 242 1148 2230 2547 2828 2873 3135
3846 : 1925 2019 2232 2514
3847 : 824 1834 2873
3851 : 848
3856 : 1014 1292 1470
3875 : 497 630 848 1010 1015 1098 1148 1197 1213 1474 1505 1540 1634 1686 1961 1974 2000 2094 2188 2231 2571 2730 2753 2805 2833 2905 2931 2990 3024 3077 3118 3131 3182 3191
3877 : 605 1265 1445 2054 2060 2931 2959 2986 2993 3153
3878 : 780
3881 : 2494
3883 : 1409
3889 : 1886 1947 2137 2187 2195 2470 2701 2716 2851 2877 2920 2923 2944
3890 : 2220 2252 2598
3892 : 690
3896 : 616 1167 1665 2217 2253 2356 2664 2718 3204
3897 : 1653 1703 2138 2147 2247 2298 2380 2480 2785
3898 : 1272 1290
3901 : 2053
3911 : 462 655 724 1002 1196 1543 1626 1727 1905 1926 1945 2314 2341 2368 2455 2708 2787 2811 2859 2868 2897 3033 3045 3091 3176 3180 3196
3914 : 1932
3925 : 1390
3926 : 1410 1476 2470
3927 : 670 1719 1862 2893 3160 3181
3928 : 1769 2893 3011
3929 : 1170
3930 : 2998
3935 : 1592 2633
3936 : 1270
3939 : 2803
3940 : 1902
3941 : 1412
3942 : 2959
3943 : 1678 1945 2345 2480 2823 2852 2962
3949 : 949 1012 1265 1350 1399 1468 1527 1569 1683 1768 1787 1825 1836 1855 1885 1939 1989 2015 2061 2177 2274 2546 2702 2703 2739 2886 3094
3950 : 1265 1527 1683 1768 1911 1939 1989 2015 2030 2127 2179 2301 2340 2698 2702 2703 2733 2886 2921
3951 : 1415 1527 1671 2546 2795 3149
3953 : 2233
3954 : 2163
3955 : 2822 2962
3956 : 1877
3959 : 1432 1847 1961 2015 2052 2059 2125 2177 2178 2189 2289 2368 2484 2490 2619 2695 2701 2877 2883 2920 2980 3018 3124 3139 3156 3164
3960 : 1324 1603 1767 1829 1978 2003 2078 2105 2313 2343 2494 2604
3961 : 824 1206 1309 1467 1589 1697 1829 1925 1929 1977 2105 2211 2232 2341 2828 2924 3049 3125
3962 : 1697 1892 1956 2924 2988
3963 : 1829 2188 2402 2421 2674 2687 2820 2924 3049
3964 : 1504 1916 1937 2059 2155 2178 2447 2619 2701 2877 2923 3008 3139
3967 : 3160
3968 : 2424
3970 : 3071
3972 : 1929 2142 3013 3057
3974 : 3015
3976 : 111 435 728 1143 1441 1628 1856 2106 2317 2319 2940 3015
3977 : 40 243 252 441 1035 1164 1352 1393 1462 1572 1649 1653 1769 1975 2195 2200 2263 2569 2598 2631 2734 2807 3096 3182
3978 : 1162 1393 1788 2031 2306 3059 3072
3979 : 1028 1030 1206 1257 1467 1516 1636 1651 1722 1978 2092 2317 2700 2828 2998
3996 : 867 2492 2696
4009 : 1695
4010 : 205 1925 3079
4011 : 1215 1308 1476 1605 1609 1891 1907 1948 2298 2421 2437 2572 2739 2881 3134
4012 : 1398 1609 2944
4013 : 2140 2798
4014 : 440 2494
4015 : 144 891 1948 2421 2623 2652 2911 2961 3090 3160
4017 : 1433 2515 2734
4018 : 322 2262 2980 3049 3077 3148 3150
4019 : 1066 1847 2313 2388 2874
4020 : 103 1928 2289 2537 2712 2828 3042 3064
4021 : 1387 1589 2046 2262 2483 2721 2977 2985 3117
4026 : 1936 2594 2870 2981 3104
4027 : 1621 2368
4028 : 2220
4029 : 2525
4030 : 3043 3073
4033 : 1636
4034 : 1253 1989 2127 2217 2581
4035 : 2097 2187 2379 2398 3033
4036 : 822 1771 1827 2017 2203 2968
4037 : 1194 1237 1572
4038 : 1726 3133
4042 : 1891
4063 : 724 1179 1235 1369 1593 1700 1709 1764 1929 1998 2018 2050 2109 2147 2801 2839 2899 3083 3177
4081 : 95 320 1216 1429 1453 2019 2537 3080 3136
4082 : 1349
4083 : 321 495 675 726 1003 1014 1084 1172 1432 1462 1502 1519 1632 1767 1846 1877 2054 2169 2252 2378 2692 2722 2921 3080
4084 : 441 893 1166 1234 1307 1693 1700 1846 2002 2080 2449 2555 2786 3033
4085 : 1432 1957 2378 2764 2877
4086 : 435 1148 1173 1210 1234 1238 1264 1290 1552 1646 1651 1786 1928 2035 2128 2198 2253 2273 2547 2623 2704 2947 2996 2999 3045 3049 3064 3087 3199
4093 : 2312 2424
4095 : 3082
4096 : 2316
4097 : 1641
4098 : 724
4101 : 321 1589 1862 2536
4104 : 322 397 585 595 698 963 1159 1165 1199 1258 1408 1409 1518 1526 1548 1572 1603 1679 1748 1750 1752 1754 1774 1829 1956 2016 2138 2147 2151 2175 2188 2277 2342 2358 2377 2380 2401 2421 2424 2433 2516 2580 2625 2738 2801 2869 2928 2967 3025 3026 3056 3131 3136 3158
4105 : 2020
4106 : 533 2610
4107 : 2383
4117 : 2402
4119 : 1786 1973 2018 2033 2107 2109 2139 2251 2543 2625 2770 3083 3112
4120 : 2359
4121 : 2032 2107 2208 2359 2559 2688 2905 3176
4127 : 1223
4136 : 1387
4138 : 1108 1740 2359 2375 2597 2892 2925
4139 : 2857
4140 : 1614
4141 : 1945
4142 : 276
4143 : 1741
4144 : 2914
4145 : 440 531 1315
4147 : 3112
4151 : 973 974 1958 2483 2986
4152 : 1003 1048 1692
4153 : 2709
4154 : 1676 1854 2892
4155 : 1272 2304 2648 2849 3072
4159 : 3042 3096
4160 : 1750
4165 : 146 236 1008 2035 2181 3021 3076 3160
4166 : 1443
4172 : 116 1486 1856 2036 2233 2626 2698 2730 2810 2820 2943 3076
4173 : 2730 2923 3030 3103
4174 : 2145 2188
4175 : 675
4186 : 2692
4196 : 2969
4197 : 1013 1768 1886 2145 2195 2196 2217 2389 2413 2453 2683 2688 2753 2883 2979 3018 3033 3036 3139
4198 : 2297 3033
4199 : 1098 2860 2885
4201 : 2525 2744
4202 : 2283
4207 : 1915 2369 2751 2827
4208 : 1915
4209 : 1632 1749 2113 2482 2494 2516 2541 2626 2629 2740 2765 3030
4210 : 1471 2738 3077
4211 : 2526
4212 : 1247 1552 1828 2080 2571 2832 2864 2867 2892 2957 2987
4214 : 48 111 281 367 724 755 1032 1113 1145 1179 1235 1472 1544 1552 1613 1676 1693 1769 1860 1923 1962 2003 2081 2091 2198 2246 2320 2354 2355 2493 2527 2542 2593 2688 2699 2705 2708 2716 2717 2749 2787 2819 2826 2887 2898 2985 3041 3077 3080 3092 3150 3171
4215 : 731 974 1188 1497 1542 1726 1765 1788 1861 1908 2002 2064 2147 2197 2316 2720 2776 2893 2897 3035 3077 3150
4216 : 2096 3199
4217 : 2020 2704
4218 : 3183
4219 : 1288 2091
4220 : 92 670 850 950 1028 1163 1167 1223 1454 1541 1571 1705 1738 1844 2138 2160 2454 2486 2567 2581 2632 2717 2820 2891 3005 3041 3048 3066 3111 3127
4224 : 2233
4226 : 2402
4230 : 1973
4234 : 319 595 691 2305 2808 2866
4235 : 2304
4236 : 116 1032 1194 1845 2004 2233 2313 2316 2324 2705 2707 2709 2866 3121 3174
4237 : 2947
4240 : 1354
4244 : 2233
4245 : 2715 2750
4251 : 1051 1052 1886 2438 2627 2846 2855
4253 : 2245 2499 2922 3000
4254 : 3084
4261 : 1686
4262 : 1686 2526
4263 : 1686
4266 : 2918
4268 : 1144 1517
4269 : 1274 2712 3124
4275 : 1658 2450
4276 : 616 1155 2367
4281 : 1548 1741 1906 2231
4282 : 1906
4290 : 675
4292 : 2138 2178 2198 2593 3144
4293 : 3032
4296 : 441 825 2786
4297 : 1550 2742
4313 : 2019 2997 3151
4314 : 2997
4315 : 92 462 1143 1155 1383 1394 1415 1486 1543 1553 1726 1769 1829 1962 1978 2145 2196 2308 2383 2483 2622 2726 2925 2951 2979 3015 3185 3203
4316 : 2310
4318 : 1272 1553 2979
4321 : 531 619 1236 1397 2634 3003
4322 : 3024
4326 : 2233
4335 : 2882 3070
4338 : 2631
4339 : 1410 2734
4341 : 1554
4342 : 1554
4343 : 3132
4344 : 3132
4345 : 2064
4348 : 1230
4349 : 1792
4350 : 1182 2485 2734 2985 3182
4351 : 2734 2911 3091
4352 : 1517 1698 1854 2051 2371 3050 3070
4364 : 3190
4365 : 848 1188 1210 1415 1685 1700 2082 2184 2620 2716 3138
4366 : 1048 1609 1626 2451 2692 2987
4367 : 3088
4368 : 1456
4369 : 78 146 435 616 962 1381 1392 1677 1748 1960 2065 2162 2184 2197 2327 2453 2709 2753 2922 2931 3027 3138 3143
4370 : 123 278 615 1003 1605 2289 2377 2687 2692 2940 3033 3072 3088
4371 : 2438
4372 : 48 397 492 531 605 893 1032 1331 1487 1703 2050 2626
4373 : 1112
4374 : 367 440 1135 1235 1390 1470 1485 1665 1721 1827 1878 2033 2198 2765 2776 2802 2887 2888 2897 2999 3154
4375 : 1706 2684 2860
4376 : 794 1234 1314 2082
4377 : 397 670 1072 1517 2033 2184 2625 2741 2754 2893 3165
4378 : 48 440 1072 1135 1143 1696 2893 3202
4380 : 2499 2970
4383 : 1413
4384 : 1014
4388 : 3097
4393 : 1428 2807
4396 : 1108 2705
4397 : 2004
4398 : 104 111 1051 1134 1236 1381 1393 1470 1485 1543 1787 1901 2094 2166 2254 2313 2494 2668 2890 2912 3047 3054 3088 3121
4399 : 694 794 1109 1327 1404 1434 1495 1649 1703 1719 1738 1868 1959 1989 2152 2204 2210 2299 2340 2356 2865 2925 3073 3082 3087 3124 3137 3138 3143 3165
4400 : 2033 2051 2060 2451 2547 2967 2970 3090 3094
4401 : 2082 2721 3071
4402 : 1681 2891
4403 : 2738
4404 : 20 1673 2020 2042 2232 2592 2923
4405 : 1144 1327 1686 1741 1891 2125 2211 2283 2370 2421 2826 3015 3047
4408 : 1067 1686 1891 1929 2751 2829 3047
4409 : 3138
4410 : 2308
4412 : 2771
4413 : 2889
4414 : 2455
4415 : 1216 3072
4416 : 731 1636
4417 : 2656
4418 : 1680 2273 2497
4421 : 670 2197 2302 2319 2367 2709 2882 2890 2893 3028 3090 3117 3119 3183
4422 : 3011 3090 3179 3183
4423 : 1769
4425 : 1180 1323 1470 2470
4426 : 1180
4428 : 78
4430 : 441 1403 1771 1853 1936 1997 2209 2433 2438 2815 2939 3023 3054 3080
4431 : 435 679 822 892 1009 1033 1088 1164 1213 1252 1359 1366 1392 1395 1507 1515 1534 1570 1610 1646 1649 1671 1682 1710 1739 1744 1748 1774 1809 1827 1852 1905 1946 1960 1973 1978 1989 2016 2017 2034 2036 2053 2113 2151 2155 2162 2164 2169 2178 2186 2193 2209 2247 2264 2277 2299 2345 2355 2358 2368 2372 2375 2380 2398 2399 2401 2407 2438 2522 2527 2536 2542 2543 2546 2580 2592 2597 2606 2629 2631 2739 2765 2786 2817 2820 2849 2851 2867 2884 2913 2940 2946 2950 2957 2968 3011 3031 3035 3036 3048 3054 3087 3103 3117 3120 3128 3138 3147 3164
4432 : 1483 1679 1905 2289 2522 2674 3025 3103 3112 3131 3171
4433 : 851 1160 1234 1257 1488 1530 1536 1542 1572 1625 1641 1647 1671 1706 1726 1768 1827 1852 1853 1854 1860 1869 1871 1885 1978 2002 2004 2017 2034 2064 2083 2113 2128 2169 2178 2179 2193 2211 2217 2219 2246 2247 2254 2289 2299 2341 2378 2380 2439 2451 2500 2561 2567 2604 2624 2674 2715 2880 2916 2922 2946 2947 2949 2950 2971 3004 3005 3032 3034 3069 3071 3076 3127 3180
4434 : 1366
4435 : 615 1002 1351 1386 1549 1569 1785 1788 1871 2054 2139 2377 2545 2716 2950 2955 3158
4437 : 2628
4438 : 1717
4439 : 1460
4440 : 670 1366 1591 1605 1680 2262 2272 2310 2433 2456 2526 2840 2864 2871 2907 2911 2941 3000 3006 3012
4441 : 1470 1869 2047 2534 2856 2923 3076
4442 : 1359 1470 1527 1693
4443 : 1711 2726
4444 : 1462 1892 1997 2424 2688 2800 2858 2887
4445 : 990 1747
4446 : 1383 1427 1553 1684 1738 1771 1889 1945 2053 2302 2479 2656 2709 2721 2811 2876 3015 3065 3076
4447 : 40 106 462 585 670 694 1012 1099 1223 1252 1314 1324 1380 1403 1423 1456 1469 1587 1605 1665 1684 1698 1722 1735 1769 1770 1792 1810 1811 1834 1835 1885 1930 1948 1962 2096 2108 2142 2145 2187 2196 2197 2288 2310 2314 2317 2355 2359 2377 2380 2479 2484 2541 2695 2798 2802 2886 2893 2940 2945 2957 2985 3008 3012 3015 3021 3023 3053 3087 3092 3139 3164 3165
4448 : 2064 2876
4449 : 321 1877 2130 2535 2561 2901
4450 : 2274
4451 : 1260
4452 : 1014 1615
4454 : 248
4455 : 2317
4456 : 670 1722 1811 2632
4457 : 2424
4458 : 1433
4459 : 1354 1429 1680 1722 1782 1806 1947 2097 2186 2217 2314 2674 2688 2742 2746 2835 2897 3072
4460 : 728 1212 1308 1646 1657 1722 1738 1928 1958 2033 2229 2365 2657 2681 2695 2703 2779 2944 2991 3047 3053 3055 3134 3154 3167 3175
4461 : 637 1122 1272 1525 1625 1675 1722 2093 2096 2146 2147 2176 2289 2535 2556 2582 2701 2750 2846 2863 2887 3035 3059 3072 3141 3163
4462 : 585 679 1421 1426 1713 1742 1936 2217 2344 2535 2598 2810 2828 2883 2966 3011 3035 3054
4463 : 2726 2832 2837 2936 3053
4464 : 435 1134 1173 1235 1415 2181 2247 2308 2571 3154 3181
4466 : 1010 1084 1588 1651 1879 3077
4467 : 2556
4469 : 1641
4470 : 1032 1484 2046 2625
4472 : 1456 1613 1769 2053 2919
4473 : 1366
4474 : 1769
4475 : 3076
4476 : 1034
4478 : 2322
4479 : 2705
4480 : 893 942 1033 1048 1181 1247 1381 1403 1440 1453 1528 1591 1626 1654 1699 1885 1889 1960 2016 2110 2111 2179 2268 2314 2317 2356 2380 2479 2519 2535 2544 2568 2597 2626 2644 2674 2687 2695 2709 2843 2893 2912 2915 2950 2962 2978 3025 3032 3043 3064 3119 3143
4481 : 202 1062 1238 1264 1393 1411 1464 1609 1652 1693 1710 1754 1764 1808 1869 1887 2245 2268 2343 2470 2849 2851 2900 2945 3087 3167 3199
4482 : 397 696 1002 1033 1115 1164 1180 1267 1388 1412 1453 1469 1519 1651 1854 1855 1858 1860 1911 2135 2200 2233 2366 2370 2389 2396 2435 2515 2645 2651 2699 2850 2851 2921 2970 2984 3027 3124
4483 : 857 990 1098 1099 1135 1170 1393 1421 1423 1453 1457 1711 1722 1805 1902 1926 1929 2019 2030 2152 2165 2263 2300 2314 2326 2344 2357 2375 2383 2455 2457 2622 2629 2632 2703 2710 2721 2744 2859 2882 2904 2971 2988 3054 3089 3112 3130 3142 3196
4484 : 1326 1348 2093 2342 2699 2915 2987 3006 3067
4485 : 1700
4486 : 696 1272 2711
4487 : 322
4488 : 1161 1166
4489 : 726 1958 2471 2561 2627 2871
4491 : 2402
4493 : 2561 2815
4494 : 1408 2215
4495 : 796 867 1591 1611 1649 1680 2047 2162 2215 2500 2957 2979
4496 : 1517 1845 3134
4497 : 435 1135 1148 1421 1530 1674 2047 2111 2345 2407 2556 2629 2754 3145
4498 : 1166 1738 2541
4499 : 1592 2871 2912
4500 : 2265 2342
4501 : 40 796 1117 1155 1165 1265 1497 1516 1641 1811 2004 2187 2207 2297 2302 2421 2493 2798 2816 2820 2826 2929 2937 3006 3045 3090 3091
4502 : 46 243 1030 1427 1465 1643 1769 1845 1879 1933 2140 2317 2455 2751 2828 2839 2856 3091
4503 : 1408 1454 1884 1915 2177 2374 2652 2669 2985 3030 3033 3111
4504 : 678 1154 1214 1325 1403 1408 1427 1433 1719 1740 1886 2033 2246 2516 2913 2938 3017
4505 : 1948 2319 2358 2406 2906 3030 3179
4506 : 1169 1856 2248 2251
4507 : 1682 2252 2541 2939 2994
4509 : 1169 2695
4510 : 2923
4511 : 3052
4512 : 1211 2993
4513 : 1455 2866
4514 : 1974
4515 : 1788 2198
4516 : 46 1198 1426 1469 1568 1637 1665 1694 1725 1748 1749 1750 1811 1951 2002 2093 2150 2153 2358 2372 2378 2398 2424 2469 2559 2627 2646 2746 2748 2881 2885 2889 2931 2936 2968 3033 3056 3148
4517 : 585 1010 1393 1811 2002 2052 2802 3066 3114
4518 : 615 1194 1223 1535 1594 1700 1807 1926 1976 2253 2359 2631 2765 2978
4519 : 1194 1255 2767 2904
4520 : 1412 1535 2978
4521 : 329 661 849 1194 1564 1807 1976 2140 2711 2990 3133
4523 : 730 1148 1315 1947 2471 2972
4524 : 671 1215 2218 2340 2833 2859 2993 3027
4525 : 1908
4527 : 615 2140 2310 2372
4528 : 1610
4529 : 71 281 1869 2060 2396
4531 : 1470
4533 : 531 961 1052 1236 1333 1412 1491 1695 1725 1792 1825 2016 2113 2142 2252 2302 2342 2375 2482 2485 2618 2643 3059 3183
4534 : 1347
4536 : 440 1309
4537 : 531 3142
4538 : 2700 3081
4540 : 1595 1924 2210 2811
4541 : 20 3100 3157
4542 : 2887 3100
4543 : 2210 2457 2851 2981
4544 : 2192 2457 2683 2871 2979 2981
4545 : 1435 1591 3047 3116 3146 3160
4546 : 417 670 1066 1719 1745 3146 3180
4548 : 2493
4549 : 2107
4550 : 106 144 405 2680 3103
4552 : 2524 3015 3034
4553 : 1634
4554 : 2572 3140
4555 : 1135 1161 1923 2322
4557 : 2993
4558 : 1170 2561
4559 : 1834 2127 2420 2546 2644 2794 2795 2943 3133
4560 : 2561 2979
4562 : 3112
4563 : 1784 2030 2344 2851 2931 3064 3157
4564 : 2609 2703
4565 : 2786
4566 : 1382 1388 2433 2705
4567 : 1066 1550 2035 2095
4568 : 1747 3091
4569 : 1470 1485 3012
4570 : 1770
4571 : 644 1496 1884 2227 2264 2342 3143
4572 : 483 982 2264 2436 2470 2698 2920
4573 : 272 396 397 409 440 655 670 675 696 891 944 972 1032 1034 1108 1135 1155 1194 1199 1206 1210 1226 1233 1267 1295 1308 1331 1332 1350 1359 1362 1382 1385 1398 1402 1409 1412 1416 1432 1435 1439 1456 1457 1489 1514 1516 1544 1627 1649 1652 1680 1699 1700 1705 1710 1711 1745 1746 1769 1808 1824 1827 1836 1846 1856 1868 1886 1916 1927 1929 1935 1959 1960 1989 2033 2036 2046 2053 2064 2092 2096 2106 2113 2152 2163 2181 2232 2274 2288 2307 2319 2345 2356 2358 2372 2377 2396 2402 2407 2424 2436 2451 2453 2480 2484 2486 2516 2519 2542 2543 2547 2572 2598 2623 2626 2631 2645 2650 2669 2708 2722 2795 2811 2812 2846 2852 2865 2870 2876 2883 2888 2907 2916 2920 2923 2924 2931 2944 2945 2946 2949 2951 2959 2980 2985 2990 2998 3002 3011 3015 3060 3069 3089 3090 3093 3096 3105 3120 3125 3128 3134 3137 3177 3180 3197
4574 : 222
4575 : 2500
4576 : 2832
4577 : 2884
4578 : 1001
4579 : 1514 1644
4581 : 637 1327 1651 2201 2248 2519 2828 2913 3016
4582 : 40 1844 2289 3065
4583 : 3077
4584 : 78 531 585 851 865 894 1031 1147 1169 1309 1324 1347 1363 1385 1387 1411 1594 1741 1900 1916 1932 1999 2154 2163 2207 2248 2357 2438 2567 2606 2732 2980 3027 3115 3200
4585 : 1236 3052
4586 : 2367 2629
4587 : 1900 2154 2198
4588 : 1824
4589 : 2929
4590 : 3024
4591 : 2893 3199
4592 : 1885 3028
4593 : 40 123 380 396 435 464 585 696 796 825 850 851 860 865 1012 1053 1062 1083 1112 1160 1195 1247 1264 1281 1308 1327 1359 1410 1482 1487 1503 1534 1587 1589 1603 1613 1629 1649 1651 1665 1695 1697 1705 1724 1739 1741 1747 1768 1825 1856 1939 1976 2051 2054 2113 2176 2195 2201 2314 2357 2358 2370 2375 2396 2423 2439 2486 2542 2546 2581 2622 2646 2650 2683 2698 2786 2794 2850 2945 2993 3049 3073 3094 3192 3200
4594 : 252 533 972 1410 1470 1488 1962 2152 2850
4595 : 1456 1697
4596 : 1412
4597 : 696
4598 : 1699
4600 : 2936
4602 : 1257 1974 3188
4603 : 1166 1331
4604 : 2839 3163
4605 : 1885 1939 2968 3042 3065 3096 3108 3163
4606 : 3009
4607 : 1630
4608 : 1554 1567 1978 2016 2017 2626
4609 : 2233 2305
4610 : 2252
4611 : 1847 2916
4612 : 2916
4613 : 462 3047
4614 : 2846
4615 : 962
4617 : 891
4618 : 2095
4619 : 1745 2387 2592 2634 3050
4620 : 696 2169
4621 : 1726 2514 3110
4622 : 409 1386 2993
4623 : 1550
4624 : 1003 2496
4625 : 2273
4626 : 617 1728
4628 : 671 1349
4629 : 3035 3183
4630 : 1349 1765 1889 2181 2197 2810 3035 3076
4631 : 940
4632 : 40 272 1166 1417 1470 1653 1674 1680 1727 1765 1788 1811 2097 2153 2194 2204 2497 2730 2798 2851 2858 3005 3027 3048 3110 3190
4633 : 1680 2153 2309
4634 : 202 678 1160 1166 1200 1231 1308 1728 1742 1854 1871 1916 2194 2201 2202 2439 2644 2916 3005 3110 3156
4635 : 2153 2843
4636 : 1646
4637 : 1010
4639 : 116
4640 : 2709
4641 : 2020
4642 : 1003
4643 : 585 2060 2366
4644 : 1601
4645 : 1549
4647 : 1088 1097 1169 1279 1386 1705 1718 2169 2324 2606 2702 2927 3002 3099 3131 3176
4648 : 298 1391 1393 1455 1870 2031 3037
4649 : 2002
4650 : 1030 1226 1393 1608 1614 1679 1721 1722 1909 1975 2164 2216 2248 2275 2338 2481
4651 : 96 951 964 1721 1722 1784 2048 3015
4652 : 2354 2355
4653 : 1352 1722
4654 : 1608 2001
4655 : 68 202 1066 1464 2230 2401 2812 2888 2904 3101
4656 : 1534 2542
4657 : 1672 2164 2186 2268
4658 : 96 679 755 941 950 1052 1146 1147 1270 1352 1363 1387 1396 1402 1441 1534 1608 1722 1782 1909 2164 2166 2207 2268 2541 2606 3020 3101
4659 : 1274
4661 : 2622 3038
4662 : 3198
4663 : 276 2096 2471 2536 2556
4664 : 1099 1486 2188
4665 : 1498 2167
4666 : 71 730 731 893 1121 1233 1469 1530 1534 1616 1854 2003 2033 2065 2128 2524 2543 2633 2650 2710 2715 2876 3021 3166
4667 : 1099 1381 2402
4668 : 2829 3047
4669 : 1381 2233
4670 : 1463 1901
4671 : 2081
4672 : 2876
4673 : 1046 3182
4674 : 1425
4675 : 1010 1033 1571 1829 1962 2002 2356 2876
4676 : 104 2112
4677 : 1033 1409 1467 1632 1650 1741 1962 2003 2196 2390 2398 2749 2765 2826 2876 2940
4678 : 1014 1650 1988 2319 2439 2471 2841
4679 : 1467 1502 1526 1541 1671 1699 1703 1726 1844 1891 1951 1977 1978 2003 2036 2105 2152 2219 2307 2314 2370 2398 2402 2519 2541 2546 2582 2604 2629 2645 2667 2674 2710 2715 2820 3012 3025 3049 3137
4680 : 2514
4681 : 1589 1695 2820
4682 : 1410
4685 : 1349
4686 : 414 1844
4689 : 409
4690 : 1906
4691 : 1476 1590 1846
4692 : 1695
4693 : 1906 2289
4694 : 1906
4695 : 2321
4696 : 254 322 462 616 724 944 964 1026 1099 1345 1381 1397 1440 1472 1601 1616 1623 1637 1664 1768 1951 2016 2254 2306 2317 2737
4697 : 492 531 616 1014 1397 1623 1867
4698 : 971 1046 1145 1364 1383 1595 1604 1743 2106 2145 2400 2483 2684 2804 2808 2850 3080
4699 : 972 1409 1412 1571 1603 1810 1978 2003 2716 3127
4700 : 2370
4701 : 1829 1923 2786
4702 : 1827 2342 2681 2859 2887 3039 3100 3116
4703 : 3116
4705 : 1146
4706 : 1680
4707 : 1591 2700 2798
4708 : 2497
4710 : 1748
4713 : 252 1029 1062 1134 1223 1350 1387 1392 1402 1658 1783 2053 2871 3115 3130
4714 : 2620 3014 3089
4715 : 1805
4716 : 222 850 856 865 963 1012 1062 1253 1305 1359 1552 1570 1652 1724 1843 1879 2046 2060 2252 2498 2501 2740 2876 3054 3059 3090 3118
4717 : 1676
4718 : 1362 1476 3184
4719 : 2373
4721 : 2696
4722 : 1402 1859 2354 2609 2610 2696
4723 : 2000
4725 : 417
4726 : 825 1272 1415 1491 1652 2105 2396
4727 : 321 1900 2154 2232 2396 2400 2683
4728 : 1601 1604 1626 2064 2622 2666 2794 3144
4729 : 1542 1651 2715 3081
4730 : 2192 3144
4731 : 1307 2273
4732 : 278 1033 1234 1359 1542 1682 1728 2113 2491 2748
4733 : 2850
4734 : 2396
4735 : 3069
4736 : 3127
4737 : 2723
4738 : 2434 2595
4740 : 758 2318
4742 : 892 2198
4743 : 71 1033 1748 1854 1959 2106
4744 : 2497 3052 3113
4745 : 1043
4746 : 695
4749 : 1721 1976 2396 2547 2722 2827 2987
4750 : 2160 2827 3116
4751 : 106
4752 : 1425
4753 : 298 497 533 867 1015 1274 1351 1440 1603 1867 1997 2135 2214 2286 2297 2431 2544 2595 2605 2862 3086
4754 : 1052 1645 1782 2667 3086 3143
4756 : 2848
4757 : 2035
4758 : 1033 2380
4759 : 1307
4761 : 1206 2750
4762 : 1602 3150
4763 : 1738
4764 : 2402 3185
4766 : 1216 1503 1877 2228 2681
4767 : 644 691 1381 1408 1425 1588 1627 1959 2061 2081 2137 2140 2264 2277 2375 2434 2470 2603 2627 2656 2692 2732 2737 2777 2842 3014 3026 3033
4768 : 243 251 1491 1505 2534 2579 2597 2620 2842 3104
4769 : 243 1288 1325 1386 1404 1412 1889 2060 2561
4770 : 492 670 758 1029 1247 1380 1381 1421 1806 2148 2198 2568 2632 2777 2842 3102 3181
4771 : 1550 2820 3145
4773 : 2622
4774 : 2227
4775 : 1572
4776 : 3114 3157
4777 : 1453 2451
4780 : 2977
4781 : 2083
4782 : 1506
4783 : 1135 1636 1807 2288 3125
4784 : 2871 3071 3125
4785 : 2657
4786 : 2127
4788 : 2308
4789 : 2301
4790 : 972
4792 : 619 2062
4794 : 95 973 1423 1741 1905 1910 1911 2261 2571 2780 2990
4795 : 2711 2911
4796 : 1047
4797 : 111 495 558 1924 1998 2275 2688
4798 : 2622
4799 : 1194 1976 2114 2688 2765 2882 3134
4800 : 495 1423
4801 : 670
4802 : 1346 2798 2889 2951 2985 3153
4803 : 1696 2469 2571 2897 2951 3010
4804 : 2081 2359 2628 2870 2902 3057
4805 : 1879 2318
4806 : 1155 1224 1507 1572 1901 2218 2232 2268 2305 2469 2721 2993 3198
4807 : 2798 2979
4808 : 2051
4809 : 1741 3024
4810 : 2369
4811 : 2181
4812 : 2314 2929 3101
4813 : 2036 2947 3081
4814 : 670 1394 2499 2572 2623 2733 2753 2949
4815 : 417 1014 1366 1394 1623 1699 1709 1753 2033 2113 2202 2287 2387 2480 2488 2519 2621 2750 2923 2958 3008 3183 3194
4816 : 2097 2985
4817 : 619 755 1144 1271 1347 1416 1543 1792 1825 1834 1868 1956 2019 2178 2264 2556 2876 2925 2931 2953 3001 3014 3097 3173
4818 : 71 441 497 693 942 944 964 1116 1143 1147 1184 1267 1416 1552 1635 1726 1727 1874 1957 2078 2160 2185 2420 2500 2514 2555 2561 2605 2721 2723 2753 2802 2836 2927 2966 3011 3027 3147 3200 3203
4833 : 1691 2877
4834 : 2692
4835 : 2283
4836 : 2898 2943
4838 : 3127
4845 : 2265
4846 : 619 2401 3114
4847 : 1676 3114
4848 : 3114
4850 : 1145
4853 : 2841
4858 : 1366 2651 2709
4859 : 2680
4860 : 1487 1628 2077 2106 2181 2622 2684 2704 2850 2956 3087 3102 3103 3182 3183
4863 : 719 1206 1331 1665 1700 2388 2470 2889 2905 3109
4864 : 104 440 719 849 1051 1088 1331 1385 1483 1486 1550 1587 1638 1665 1710 1827 1959 2113 2307 2372 2388 2727 2833 2888 2915 3083 3095 3187
4865 : 1169
4866 : 2544
4867 : 1675 2956
4868 : 20 319 335 536 990 1111 1116 1254 1425 1524 1601 1722 1807 2047 2229 2490 2940
4869 : 1171 1614 2031 2685 2940
4870 : 20 94 111 319 380 894 1369 1587 1593 1601 1622 1692 1805 1999 2105 2194 2210 2454 2470 2490 2943
4871 : 2555 2783 2784
4872 : 1507
4890 : 2913
4904 : 619
4906 : 724 1179 1359 1408 1472 1534 1548 1827 1892 2245 2501 2970 2988 3050 3119 3153
4907 : 724 1264 1518 1519 1604 1827 1844 2180 2219 2344 2682 3050 3129 3153
4913 : 2878
4914 : 1764
4915 : 2878
4916 : 2682 2809 3090 3175
4917 : 303
4926 : 1726
4929 : 1769 2197
4930 : 2077
4931 : 3087
4933 : 1308
4937 : 796 2923 3058
4938 : 1727 2916
4941 : 92
4942 : 1502 1563 2326 2341 2592
4943 : 2263 2584 2598 2870 3180
4944 : 2479
4945 : 1410 2572 3140
4946 : 2374
4974 : 2065
4988 : 1711 1855 2194 2622 3102
4989 : 2219 2500 2922 3067
5001 : 2447 2632 2869 3068
5002 : 1417
5009 : 146 332 854 1029 1115 1271 1487 1724 1742 1868 1892 1946 1976 2197 2246 2251 2316 2406 2437 2524 2620 2626 2631 2651 2688 2710 2826 2829 2846 2893 2957 2978 2991 3021 3041 3084 3111 3115 3140 3147 3177
5010 : 1544 1589 2399 3192 3196
5011 : 964
5013 : 1603 2486
5016 : 1868
5017 : 1550
5018 : 332 1976 2359 2437 2524 2631 2722 2846 2888 2978 2991 3041 3084
5019 : 2111 3018
5020 : 2746
5024 : 2849
5028 : 1155 1608 1747 2275 2338 2383 2699 2905 3111
5029 : 693 1412 1487 1912 2187 2342 2501 2545 2914 2939 3008
5058 : 595 1524 1664 1747 2046 2368 2390 2622 2786 3173
5059 : 595 950 1248 1280 1602 1625 1751 1856 2390 2787 2841 3100 3145 3154 3177 3181
5060 : 2323
5062 : 116 319 533 617 726 944 1003 1026 1047 1215 1346 1413 1495 1501 1535 1613 1792 1908 2110 2150 2251 2275 2276 2324 2383 2409 2457 2496 2592 2622 2624 2626 2627 2699 2722 2802 2804 2863 2900 2929 2993 3025 3032 3047 3067 3097 3099 3141 3149 3152 3163 3172 3179
5063 : 3021
5106 : 2757
5130 : 1677 2060 2193 3110
5131 : 1677 2177
5132 : 1468 2287 3175
5134 : 2060 2177 2265 3165
5135 : 2302
5137 : 675 1181 2065 2147 3012
5138 : 531 1029
5139 : 2233
5141 : 1034 1472 1769 2016 2359 2625 2887 3077 3112 3181
5142 : 2096 2147
5146 : 1349 1691
5152 : 1280 1349
5158 : 2261 2554 2686
5173 : 82 144 224 254 300 321 464 616 637 644 655 679 691 731 892 949 982 990 1012 1025 1032 1033 1043 1083 1134 1135 1145 1160 1162 1166 1167 1168 1179 1180 1183 1188 1223 1253 1254 1255 1262 1272 1282 1288 1305 1306 1307 1309 1323 1324 1348 1350 1358 1366 1380 1389 1390 1415 1421 1453 1454 1455 1456 1458 1459 1467 1469 1471 1484 1485 1486 1487 1491 1496 1527 1530 1531 1541 1542 1543 1549 1553 1564 1570 1588 1589 1591 1602 1612 1622 1625 1632 1647 1665 1676 1681 1682 1685 1693 1699 1703 1706 1710 1739 1747 1767 1768 1788 1824 1835 1852 1856 1860 1861 1885 1900 1923 1937 1959 1989 2036 2050 2059 2060 2061 2081 2082 2091 2092 2097 2106 2110 2126 2127 2138 2148 2152 2154 2162 2178 2184 2198 2202 2230 2246 2252 2254 2264 2305 2310 2314 2317 2341 2389 2396 2406 2433 2439 2491 2514 2519 2527 2534 2542 2546 2556 2561 2593 2620 2629 2644 2645 2648 2650 2651 2652 2699 2703 2704 2705 2715 2717 2730 2739 2785 2786 2787 2794 2795 2821 2842 2873 2874 2886 2895 2898 2915 2922 2929 2937 2938 2939 2940 2943 2947 2959 2971 3027 3043 3077 3080 3087 3101 3102 3140 3145 3150 3184 3188 3198 3201
5174 : 265 321 464 731 1035 1084 1098 1135 1162 1237 1265 1306 1323 1324 1350 1366 1395 1397 1456 1457 1459 1469 1470 1484 1485 1491 1588 1703 1769 1781 1824 1852 1861 1869 1911 1923 2003 2252 2265 2316 2317 2372 2406 2470 2514 2603 2645 2652 2684 2705 2710 2733 2785 2886 2906 2921 2931 2941 3025 3030 3077 3105 3148 3150
5180 : 40 71 173 185 409 440 492 619 696 755 799 822 849 942 944 962 972 980 1052 1143 1146 1161 1196 1272 1309 1324 1333 1349 1387 1393 1394 1409 1412 1421 1426 1430 1456 1496 1504 1506 1507 1515 1519 1525 1534 1572 1591 1623 1627 1637 1647 1651 1708 1727 1750 1810 1811 1826 1845 1847 1856 1879 1890 1891 1928 1948 1959 2033 2046 2092 2095 2105 2110 2127 2142 2164 2167 2169 2188 2196 2211 2263 2301 2303 2314 2319 2320 2343 2358 2365 2380 2387 2401 2402 2421 2483 2500 2518 2536 2547 2592 2623 2631 2644 2648 2734 2740 2765 2821 2833 2846 2847 2860 2882 2888 2889 2916 2923 2948 2966 2972 2979 2980 2998 3001 3002 3015 3021 3030 3033 3039 3046 3049 3052 3056 3076 3077 3087 3127 3142 3150 3160 3164 3176 3184 3203
5181 : 799 962 1413 1439 1507 2341 2522 2554
5182 : 441 495 1052 1184 1252 1333 1468 1642 1862 2546 2629 2701 2859 2893 2905 3037 3076 3105 3135 3139
5183 : 1008 1420 1933 2354 2568 3141
5194 : 962 1700
5195 : 1409 2496 2646
5196 : 396 670 1043 1506 1834 2303 2823 2868 2888 3021
5197 : 1295 3026
5198 : 1113
5199 : 2809 2870 2945
5200 : 2931
5205 : 670 1001 1003 2649 3117
5210 : 1003 2751 3077
5213 : 417
5216 : 2035
5217 : 2868
5219 : 1169 2002 2433 2737
5221 : 3150
5225 : 796 1159 1290 1325 1331 1379 1645 1811 1924 2094 2263 2305 2424 2681 2883 2991 3175
5226 : 3012
5227 : 1196 1497 1593 1595 1887 2004 2623 2894 2930 3049 3150
5228 : 849 1462 2263 2469 2741 2870 2913 3125
5230 : 321 1307 2003 2091 2786 2820 2873 2971 3076
5231 : 1647 2197 2786 2971 3142
5232 : 1647
5233 : 1098 1170 1699 2197 2217 2471 2887 2979 3145 3173
5235 : 3196
5236 : 1711
5237 : 3152
5239 : 1272 1641 1650 2922 3081 3124
5240 : 1236 1591
5243 : 671 1161 1347 1412 2020 2106 2164 2939
5245 : 1475
5249 : 1084 1855 2886 2921 2954 3041 3096
5250 : 417 670 1711
5252 : 3182
5253 : 68
5261 : 2808
5264 : 1567
5265 : 677 794 944 1154 1195 1638 1696 1728 1825 1867 1956 2018 2110 2177 2194 2195 2198 2388 2559 2568 2764 2801 2858 2901 2916 2921 2926 2963 2996 3002 3005 3094 3131
5266 : 865 1637 1768 1890 2032 2194 2746 2926 3108 3110
5273 : 2153
5274 : 2197
5275 : 2135 2610
5276 : 1112 3175 3191 3199
5277 : 1259 1468 2233
5278 : 252 479 616 724 731 1188 1425 1462 1542 1552 1553 1590 1625 1627 1641 1642 1676 1788 1860 1861 1908 1923 1936 2003 2034 2081 2091 2137 2198 2219 2245 2246 2316 2320 2398 2483 2527 2542 2593 2699 2716 2717 2765 2787 2826 2867 2892 2893 2897 2898 2922 2923 2928 2968 2972 3040 3057 3058 3077 3080 3119 3124 3130 3148 3150 3171
5279 : 479 1067 1166 1326 1462 1463 1642 1650 1653 1708 2062 2142 2198 2500 2580 2749 2833 2868 2892 2893 2922 2931 2972 2985 3013 3031 3040 3103
5280 : 3115
5292 : 1235 1665 1885 1939 3041
5300 : 670 1354 1711
5301 : 2899
5302 : 1651
5307 : 891 1029 1044 1282 1486 1591 1674 1680 1699 1930 2307 2538 2746 3002 3103
5311 : 1146 1742 1788 1936 2692
5315 : 321 1379 2547 2711 2742
5317 : 2153
5318 : 1465 2989 3092
5319 : 2481 3052
5322 : 321
5324 : 116 1307 1408 1457 1567 1877 2061 2829 3047 3182
5325 : 2829
5326 : 1046
5328 : 1365
5329 : 1325 1413 1634 2324 2734 2954 3180
5330 : 2696
5331 : 1226 2534 2568 2605 2692 2878 3135
5332 : 2558
5333 : 242 695 1346 1651 1699 1792 2035 2036 2092 2130 2598 2645 2767 3185
5334 : 92 619 731 854 891 1010 1116 1152 1163 1235 1327 1354 1502 1504 1572 1684 1697 1855 1933 2053 2109 2111 2112 2263 2273 2308 2453 2538 2598 2624 2674 2687 2710 2753 2770 2821 3031 3087
5335 : 1936 2859
5336 : 1206 1855 2492 2697
5341 : 367 497 867 1067 1108 1145 1290 1458 1519 1564 1589 1692 1743 1792 1906 2369 2486 2536 2547 2667 2687 2786 2841 2892 2967 3149 3171 3173 3196 3197
5342 : 284 558 615 893 1032 1066 1147 1171 1180 1195 1274 1353 1385 1433 1453 1457 1473 1482 1586 1651 1673 1692 1709 1744 1766 1786 1807 1836 1905 1910 1977 2018 2031 2052 2109 2110 2113 2129 2135 2217 2226 2251 2285 2340 2395 2471 2488 2559 2567 2592 2604 2610 2665 2670 2695 2697 2745 2754 2766 2767 2794 2800 2804 2806 2807 2890 2903 2904 2916 2954 2986 2993 3008 3015 3034 3074 3086 3099 3106 3114 3120 3125 3138 3162 3199 3200
5344 : 335
5345 : 1626
5346 : 3112
5347 : 2516 2537 2669 2714 2828 3057 3132
5348 : 367 1257 1326 1409 1885 1906 1915 1925 2035 2142 2195 2252 2287 2400 2421 2656 2809 2987 3005 3173 3196
5350 : 1671 2274
5351 : 329 1671 1856 1939 2519 2764 2795 2939
5352 : 1659
5353 : 2051
5355 : 731 972 1295 1535 1962 2059 2815 2857 3083
5356 : 440 531 1463 1470 1536 1548 1674 1677 2202 3020
5357 : 2202
5358 : 531 1194 1362 1389 1570 2059 2359 2421 2438 2500 2516 2594 2648 2927 2936 3106 3142
5360 : 278 1470 1485 1652 2815 3112
5361 : 1295 1464 1907 2423 2949 3144
5373 : 106 367 527 731 944 1035 1051 1162 1247 1255 1264 1389 1393 1424 1456 1457 1470 1485 1549 1588 1590 1614 1671 1847 1853 1878 1890 1935 1957 1972 2051 2137 2162 2168 2177 2262 2323 2359 2421 2513 2538 2594 2648 2665 2723 2766 2767 2772 2838 2855 2857 2882 2885 2936 2954 2998 3008 3030 3032 3095 3106 3112 3164
5375 : 724 1046 1678 2316
5376 : 675 1043 1160 1927 2051 2310 2877
5377 : 728 1264
5378 : 106 1185 1194 1255 1271 1390 1469 1531 1853 1878 1972 2113 2137 2500 2742 2857 2902 2927 2998 3008
5380 : 1365
5381 : 1001
5382 : 116 1385 1435 1549 1806 1930 2053 2310 2450 2570 2598 2705 3003 3033
5386 : 2821 2923
5387 : 462 1397
5393 : 1645
5394 : 585 2203 2297 2720 2951 3067
5395 : 1535 2892
5397 : 1845
5398 : 1044 1464 1604 1752 2375 2860
5399 : 605 2741 2849
5400 : 1135 1169 1652 1703 2137 2187 2470 2487 2581 2696 2849 2851 2893 2904 2947 2948 2980 3011
5401 : 2864
5402 : 2582 2716 2864
5403 : 2922
5404 : 2864
5405 : 1013 1223 2849
5406 : 2233 2359 2746 2753 2900 2991
5407 : 278 696 698 1544 1726 2856 2966 2987
5408 : 2233
5409 : 615 1099 1739 1925 2451
5410 : 396 615 730 1295 2194 2625 2768 2966 2969 2998 3156
5411 : 1679 2031 2113 2728 2998 3074 3106 3112
5413 : 2873
5414 : 2497 2817
5417 : 2571
5418 : 2817
5419 : 1615 3172
5422 : 2924
5423 : 1782 2366 2388 2701 2722 2766 2927 2963 2973 2997 3041 3075 3084 3086 3141 3151
5425 : 848 1109 1956
5426 : 1932 2649 2722 2828
5429 : 46 320 595 847 850 1170 1173 1188 1383 1456 1602 1928 2146 2209 2341 2726 2794 2848 2931 3154
5430 : 679 892 1155 1195 1261 1271 1324 1381 1462 1465 1515 1677 1700 1749 1786 1788 1834 1916 1974 2046 2127 2145 2227 2230 2273 2322 2406 2484 2568 2765 2812 2817 2845 2851 2871 2888 2943 3008 3034 3082 3147
5431 : 971 1155 1255 1908 2035 2054 2060 2726 3111
5432 : 94
5433 : 2483
5439 : 677 851 974 1034 1183 1415 1906 1939 1962 1976 2245 2297 2359 2369 2705 2801 2838 2858 2913 2931 2996 3052 3081 3104 3202
5440 : 106 1066 1354 1383 1415 2272 2388 2496 2833 3085
5441 : 1641 2745 2963 3114
5442 : 1113
5443 : 531
5445 : 1014 2308 2543 2943
5446 : 2543
5447 : 2449 3041
5449 : 1807 1947 2683 3118 3125
5450 : 2744
5451 : 1223 2210 2456 2940 3064 3125
5452 : 2047
5453 : 2097 2849 3077 3148
5458 : 282 1423 1434 1874 1879 3008
5459 : 1003
5460 : 1264
5461 : 321 2020
5469 : 48 1309 1409 1472 1626 1741 1844 2139 2246 2251 2354 2708 2726 2749 2787 2929 3059 3080 3136
5471 : 1528 1906 1908 2483 2568 2595 2697 2784 2878 2891 2897 2927 3086 3118 3132 3153 3196
5472 : 1594 2198 2867
5480 : 3180
5495 : 1108
5499 : 3163
5501 : 298 3015
5509 : 46 78 96 123 224 241 272 284 320 380 397 441 462 585 678 719 731 796 892 971 1012 1135 1148 1154 1162 1166 1167 1223 1255 1264 1278 1308 1324 1385 1389 1425 1453 1486 1504 1523 1542 1549 1553 1587 1603 1619 1641 1658 1665 1676 1681 1682 1747 1752 1753 1774 1788 1852 1854 1868 1884 1962 1999 2017 2034 2046 2054 2106 2111 2138 2169 2177 2202 2233 2253 2264 2267 2342 2379 2387 2491 2527 2541 2557 2624 2683 2697 2726 2746 2748 2765 2916 2919 2931 2979 3005 3117 3196 3201
5510 : 1911 3077
5511 : 71 329 637 719 799 1099 1154 1161 1308 1385 1425 1463 1553 1844 2034 2298 2527 2921 2979 3023
5522 : 1160 1166 1530 1565 1646 1681 1710 1788 1824 1852 2246 2648 3137
5523 : 380
5525 : 2402
5526 : 1007 1358 1853 2707
5527 : 1518
5530 : 68 92 144 205 236 242 605 695 719 893 990 1001 1087 1112 1134 1143 1147 1159 1171 1183 1198 1206 1216 1252 1254 1258 1265 1331 1368 1385 1387 1392 1397 1417 1421 1427 1433 1441 1457 1458 1459 1460 1483 1486 1497 1503 1505 1523 1534 1587 1592 1621 1623 1671 1686 1695 1698 1700 1705 1745 1750 1788 1792 1807 1829 1834 1902 1907 1908 2020 2034 2092 2107 2129 2130 2135 2147 2148 2166 2232 2249 2314 2315 2322 2323 2324 2344 2353 2420 2424 2483 2535 2538 2558 2631 2634 2680 2710 2721 2746 2808 2822 2827 2852 2864 2915 2919 2931 2937 3050 3052 3116 3201
5537 : 58 272 282 694 696 796 1035 1416 1433 1443 1475 1827
5538 : 2395
5539 : 1197 1497 2232 2567 3146
5543 : 1272
5544 : 243 251 595 618 796 942 1029 1194 1282 1457 1464 1482 1542 1616 1632 1642 1650 1728 1769 1774 1855 1879 1924 1928 1960 1997 2003 2148 2175 2198 2297 2356 2358 2367 2457 2536 2625 2681 2722 2868 2902 2919 2922 2957 2978 2985 2996 3002 3026 3042 3052 3088 3147 3153
5545 : 1035 1198 1323 2094 2289 2341 2556 2616 2770 3106
5546 : 1332 1676 1808 1930 2254 2421 2821 3052
5547 : 1179 2252 2390 2890 3042
5548 : 1315 1426 2716 2868 2885 2888 2889 3064 3103 3150
5549 : 2839 3164
5550 : 531 855 1900 2154 2160 2541 2631 2772 3087 3092
5552 : 397 678 758 854 972 1014 1030 1032 1046 1087 1117 1253 1385 1412 1435 1439 1470 1485 1525 1629 1885 1912 1974 2138 2188 2197 2198 2210 2289 2310 2316 2317 2368 2380 2501 2542 2776 2812 2893 2938 2949 2967 2980 2981 3008 3020 3031 3035 3048 3049 3064 3077 3078 3090 3091 3092 3137 3199
5553 : 1197 1295 1523 1846 2077
5554 : 3010
5555 : 205 462 605 655 1032 1099 1167 1260 1265 1324 1456 1458 1469 1489 1527 1565 1642 1706 1738 1808 1853 1879 1886 2002 2020 2097 2137 2167 2264 2272 2323 2367 2388 2402 2424 2538 2547 2561 2730 2786 2810 2832 2911 2938 2971 2979 3140 3204
5556 : 3180
5557 : 202 824 891 1035 1113 1147 1165 1173 1184 1307 1309 1487 1489 1516 1527 1644 1647 1676 1890 1925 1938 1962 2093 2113 2176 2216 2376 2648 2717 2750 2845 2896 2954 3015 3075 3152
5558 : 417 440 990 1155 1188 1252 1411 1503 1601 1680 1742 1764 1854 1870 2096 2625 2941 2970 2979 3112 3137
5561 : 695
5562 : 2558
5563 : 2868
5567 : 40 1487 1681 2572 3024 3142
5568 : 2850
5569 : 3201
5570 : 2582 2669 2922
5571 : 630 1309 1412 1505 1627 1751 1959 2106 2198 2313 2359 2406 2481 2500 2593 2669 2740 2812 2864 2985 3011 3028 3038 3050 3092 3142 3177
5572 : 2479
5573 : 1829
5574 : 3050
5575 : 2378
5576 : 2485
5580 : 3170
5581 : 92
5582 : 1751
5584 : 1391 2003 2065 2314 2389 2903 3124 3150 3199 3203
5585 : 1134 1710 1828
5586 : 2959
5587 : 284 961 1134 1392 1886 2178 2501 2606 2753 2937 3049 3202
5588 : 265 644 655 719 731 794 892 1121 1144 1309 1331 1334 1359 1392 1393 1394 1396 1397 1400 1457 1543 1649 1706 1924 1948 2081 2166 2167 2253 2323 2399 2645 2925 2959 3078 3203
5589 : 1214 1457 3039 3128
5592 : 3199
5596 : 479 893 1002 1062 1083 1154 1234 1362 1394 1408 1443 1572 2020 2130 2326 2344 2449 2651 2829 2838
5602 : 322 2871 2959
5605 : 2317
5606 : 251 696 3116
5608 : 1162 1568 1741 2002 2141 2246 2287 2523
5609 : 2265 2289 3115
5610 : 278 1045 1162 1424 1431 1871 2829 3115
5611 : 1425 2699 2801
5612 : 1391 1891 2287 2483 2523 2631 3157 3165
5617 : 1385 2454
5619 : 1331 1878 2855 3106
5620 : 2344 2692 2985 3074
5621 : 3014
5622 : 1590
5623 : 1161 3076 3136
5624 : 1517
5625 : 618
5626 : 2273 2665 2723
5629 : 2486
5632 : 2174
5642 : 1354 1700 2273
5643 : 2646
5645 : 2646
5646 : 2113 2273
5648 : 1161 1543 1956 3074
5649 : 2500
5650 : 409 1307 1475 1844
5652 : 1390 2233 2622 2722 2916 2963
5653 : 462 1325 1514 1542 2916
5654 : 619 1390 1739 2113 2233 3087
5655 : 440 1180 1706 2113 2556 2682 2711 2746 2903 3047 3057 3100 3162
5657 : 1700
5658 : 276 397 464 585 1046 1253 1290 1315 1362 1591 1680 1711 1726 2181 2297 2486 2808 2822 3130
5659 : 1354
5660 : 1195 1415 3003
5662 : 78 95 284 329 616 695 727 730 973 1003 1066 1083 1199 1206 1308 1365 1381 1383 1384 1392 1528 1533 1543 1638 1664 1680 1686 1697 1809 1935 1978 2065 2081 2188 2196 2210 2315 2324 2327 2387 2390 2486 2519 2537 2688 2710 2721 2749 2786 2841 2842 2860 2870 2880 2931 3077 3089 3124 3202 3204
5663 : 2931
5664 : 1381 1382
5665 : 116 1381 1383 1387 2306 2323 2325 2705 2786
5672 : 70 1047 1116 1347 1501 1696 1709 1916 2081 2340 2488 2554 2695 2697 2769 2787 2803 3085 3115 3152
5673 : 397 435 495 558 699 893 1066 1200 1368 1394 1423 1429 1444 1501 1504 1610 1649 1683 1696 1707 1709 1836 1876 1905 1910 1924 1931 1998 2047 2081 2186 2249 2253 2289 2335 2340 2365 2372 2494 2554 2557 2646 2695 2697 2780 2799 2994 3036 3085 3115 3138 3164
5675 : 1462 1945 2165 2233 2815 3140
5676 : 1382 1726
5680 : 2490
5683 : 677 1630 2499 2907 3139
5684 : 3041
5685 : 1517 1652 1713 1828 1906 1974
5686 : 2481
5687 : 1514 2993
5688 : 396 440 1015 1365 1502 1525 1647 1698 2337 2375 2401 2534 2681 2722 2901 2991 3088 3097
5690 : 2786
5732 : 2196
5735 : 298 527 1206 1411 1637 1638 1642 1650 1727 1783 1935 2344 2455 2547 2627 2669 2712 2799 2891 3006 3013 3167
5736 : 1043 1491 1811 1856 2127 2178 2320 2517 2795 2931 3154
5737 : 1700 2060 2375 2828 2845 3181
5738 : 3087
5739 : 1989
5740 : 1496 2274
5741 : 320 615 727 982 1031 1066 1198 1261 1265 1288 1290 1306 1307 1362 1364 1408 1433 1465 1468 1470 1473 1485 1506 1524 1541 1543 1605 1627 1628 1649 1650 1674 1677 1695 1705 1710 1726 1753 1811 1862 1871 1889 1937 1977 2020 2036 2047 2059 2112 2113 2128 2137 2138 2188 2194 2197 2208 2318 2321 2356 2369 2374 2389 2390 2433 2451 2486 2620 2625 2719 2740 2810 2924 2939 2940 3016 3021 3043 3049 3138 3150 3154 3165
5742 : 950 1390 1433
5743 : 3091
5744 : 1792 1932 2208 2344 2375 2620 2811 2951 2984 3086
5745 : 1206 2095 2402 2798 2846 2893 2902 2998 3052 3072 3145
5746 : 824 982 1108 1267 1443 1653 1728 1827 2016 2017 2151 2317 2754 2894 3052
5747 : 1108 1443 1601 2016 2095 2669 2859 2891 2892 2998 3020 3052
5748 : 495 825 1518 1604 1653 2153 2375 2968 2988 3136
5749 : 329 1482 1637 2016 2151 2838 2990
5750 : 1108 1135 1272 1486 1683 1699 2342 2683 2905 3198
5751 : 964 2015 2683
5752 : 758 1359 2166
5753 : 1108 1657 1748 1753 1810 2020 2138 2247 2341 2376 2470 2626 2657 2703 2849 2864 2869 2912 2921 2945 3027 3101 3128
5754 : 483 1463 1470 1485 1665 2377 2541 2558 2626 2632 2721 2840 2870 2939 3128
5755 : 670 1439 2307 2719
5756 : 1439
5757 : 1518 1699
5758 : 1194 2719
5759 : 1432
5760 : 1997 3013 3041
5761 : 1099
5762 : 1427 2811 2924
5763 : 2142 3015
5764 : 2580
5765 : 322 854 1432 1629 1752 1829 2849 2948 3046 3116 3198
5767 : 103 728 1362 2356 2499 3049 3050
5768 : 248 1008
5769 : 1397 2181 2619
5770 : 1135 1930 2106
5777 : 2383
5778 : 1622 2702
5779 : 116 527 616 724 1395 1876 2033 2272 2568 2631 2813 2867 2914 3022
5780 : 2699
5781 : 1826 2646 2918 3118
5782 : 1433
5783 : 241 396 495 619 865 940 944 1035 1154 1179 1295 1327 1409 1433 1456 1471 1523 1525 1626 1638 1641 1642 1657 1677 1708 1717 1725 1738 1750 1752 1753 1805 1810 1843 1845 1856 1867 1886 1891 1892 1924 1946 2017 2030 2081 2162 2175 2194 2208 2211 2249 2262 2272 2276 2277 2287 2289 2297 2343 2358 2377 2380 2396 2421 2423 2435 2481 2497 2498 2499 2516 2526 2571 2582 2596 2625 2626 2668 2669 2681 2687 2688 2734 2795 2798 2839 2859 2863 2864 2868 2902 2911 2914 2918 2928 2967 2978 2988 2998 3000 3006 3048 3067 3072 3075 3080 3097 3128 3153
5789 : 1084 1290 1468 1619 1930 2435 2656
5790 : 1088
5791 : 1088
5795 : 1272
5796 : 1066 2233 2842
5797 : 479 677 851 854 858 861 1117 1956 2176 2997
5798 : 2341
5799 : 3114
5800 : 858 861 1956 2015 2108 2401 2523 2714
5801 : 96 670 2195 2726 2883
5802 : 1697 2053 2246 2299 2628 2806
5811 : 1859 1888
5813 : 243 1179 1415 1719 2033 2376 2537 2801 2890 3021 3141
5814 : 1646 1844 2033 2233 2376 2912 3111
5817 : 46 1469 1646 2380
5819 : 1032 1348
5820 : 1263
5821 : 691
5822 : 1263
5823 : 1988
5825 : 1726
5826 : 39 82 94 106 202 241 242 252 332 335 405 435 441 492 495 497 533 615 677 726 727 794 828 867 891 894 895 940 949 950 1002 1003 1006 1013 1015 1025 1026 1029 1044 1047 1049 1067 1072 1073 1109 1110 1111 1112 1115 1116 1117 1147 1155 1171 1181 1184 1197 1206 1211 1230 1231 1234 1257 1271 1272 1274 1278 1280 1292 1307 1326 1344 1351 1352 1353 1354 1363 1369 1386 1387 1402 1403 1408 1416 1423 1425 1429 1432 1438 1440 1441 1443 1473 1488 1491 1525 1543 1549 1563 1568 1569 1586 1587 1593 1602 1608 1610 1612 1620 1621 1632 1633 1635 1644 1650 1664 1673 1712 1719 1721 1725 1735 1739 1754 1785 1786 1805 1806 1807 1811 1825 1846 1847 1868 1871 1873 1879 1888 1901 1905 1910 1931 1932 1933 1935 1958 1973 1975 1976 1997 2000 2018 2032 2047 2049 2083 2105 2107 2109 2113 2125 2128 2145 2174 2176 2177 2178 2186 2192 2195 2203 2210 2227 2228 2233 2245 2248 2249 2251 2252 2261 2266 2273 2300 2338 2340 2353 2359 2369 2395 2400 2401 2408 2433 2434 2453 2469 2484 2497 2501 2523 2537 2543 2556 2559 2567 2569 2580 2582 2592 2596 2597 2606 2610 2631 2650 2656 2682 2688 2692 2696 2726 2727 2737 2738 2742 2749 2751 2766 2787 2794 2799 2819 2835 2836 2837 2847 2865 2880 2883 2896 2903 2905 2913 2923 2924 2931 2953 2966 2970 2972 2984 3001 3005 3014 3015 3018 3021 3030 3032 3033 3037 3045 3046 3054 3066 3068 3082 3083 3084 3089 3096 3098 3100 3102 3104 3107 3108 3111 3115 3134 3138 3139 3147 3152 3158 3167 3171 3175 3176
5827 : 2888
5828 : 440
5829 : 1664 1719 1856 1889 2227 2542 2716 2802 2842 2882 2894 2939 2957 2988 2994 3035 3148
5830 : 95 96 144 380 435 661 799 857 1030 1048 1098 1134 1143 1148 1159 1196 1206 1234 1236 1292 1324 1331 1352 1408 1425 1441 1456 1504 1517 1525 1592 1601 1602 1619 1620 1623 1625 1635 1645 1653 1674 1692 1700 1703 1713 1719 1722 1748 1808 1809 1871 1886 1923 1929 2019 2033 2047 2053 2062 2065 2091 2107 2109 2127 2137 2141 2145 2196 2203 2229 2233 2245 2248 2249 2251 2262 2267 2268 2273 2274 2276 2314 2318 2408 2437 2457 2494 2517 2522 2524 2543 2582 2606 2623 2633 2646 2664 2683 2699 2733 2749 2751 2753 2770 2772 2808 2809 2846 2847 2851 2877 2883 2905 2923 2927 2931 2953 2985 2987 2989 2996 3001 3015 3016 3046 3066 3098 3101 3107 3132 3139
5832 : 2524 2753
5833 : 2524 3032
5840 : 2202
5841 : 2880
5842 : 3043 3131
5843 : 2322
5845 : 1113 1929
5846 : 2142
5848 : 1590
5849 : 1542 2379
5850 : 1542 2202 2947
5851 : 1542 2298 2317
5852 : 1542 2379
5854 : 2142
5856 : 1415
5857 : 2202
5860 : 1471
5865 : 1673
5866 : 2233
5867 : 2893
5868 : 252 276 1454
5872 : 298 1750 3024
5877 : 2906
5879 : 3185
5882 : 2536 3025
5883 : 3127
5886 : 2515
5887 : 1013 1264 1403 1487 1609 1693 1723 1886 2031 2076 2125 2140 2288 2483 2499 2515 2568 2874 2887 2905 3041 3095 3097
5888 : 2127
5889 : 1645 2094
5890 : 497 536 1196 1717 2218 2883
5891 : 185 322 730 858 1392 1886 1977 2035 2128 2220 2496 2498 2537 2570 2598 2627 2688 2715 2716 2878 2929
5892 : 1956 2162 2175 2720 2816
5893 : 536 1172 1234 1551 1643 1676 2137 2176 2263 3067
5894 : 417 536 854 1282 1924 2146 2194 2287 2321 2627 2643 2726 2858 2883 2993 3018 3036 3110 3152
5895 : 241 695 1002 1088 1169 1315 1403 1589 1609 1635 1694 1768 1845 1926 1936 2002 2015 2148 2150 2169 2337 2390 2453 2496 2547 2557 2687 2728 2737 2801 2837 2925 3015 3097 3113 3118
5901 : 2216 2776 2928 3118
5902 : 2823
5903 : 2823 3022
5906 : 1115 1292 1426
5907 : 1113
5908 : 1113 1394 1472 2181
5910 : 2829
5912 : 2020
5913 : 3177
5914 : 3181
5916 : 2881 2928 3052
5917 : 3052
5919 : 1112 2595
5921 : 619
5922 : 1592
5923 : 619 1592 2887
5925 : 585
5927 : 2020
5932 : 1674 1752 1844 2398 2569 3050 3190
5933 : 615 1525 1691 1902 2053 2273 2744 3002 3099 3113
5935 : 1674
5936 : 1682 1928 2649 3131
5937 : 2482 2786
5942 : 1166
5943 : 724
5947 : 893 1519 1591 1649 1726 1805 2193 2398 2525 2794
5948 : 78 605 616 867 973 1032 1199 1261 1308 1323 1344 1486 1503 1518 1526 1533 1572 1591 1686 1698 1740 1751 1767 1827 1885 1892 1916 1928 1935 1939 1951 1989 2046 2096 2188 2218 2245 2277 2297 2314 2318 2319 2344 2372 2374 2387 2396 2402 2434 2450 2451 2452 2522 2535 2560 2561 2571 2624 2627 2668 2669 2680 2681 2710 2715 2720 2721 2741 2749 2795 2798 2840 2842 2849 2851 2859 2860 2862 2870 2876 2881 2882 2891 2950 2977 2988 3000 3002 3008 3025 3047 3048 3067 3068 3070 3072 3075 3081 3086 3088 3089 3137 3144 3147
5949 : 1261 2374 2470 2811 2829 3078
5950 : 1261 1541 1695 2469 2751 2802 2864
5951 : 1408
5952 : 867 1066 1344 1417 1433 1468 1474 1695 1698 1916 1929 2046 2318 2319 2526 2720 2742 2851 2862 2890 2892 2977 2979 2988 3016 3026 3059 3070 3119 3136
5953 : 1349 1930 2196
5954 : 799 942
5955 : 248
5956 : 63 1391 1518 1751 1854 2305 3110
5957 : 1035 1413 2153 2254 2470 2525
5958 : 2196 2365 3185
5960 : 1409
5961 : 677 796 1135 1294 1354 1695 1709 2186 2220 2307 2354 2355 2625 2835 2890 2924 3096 3134
5962 : 585 1028 1135 1526 1721 1806 1869 2105 2220 2365 3024
5963 : 585 893 1083 1273 1323 1381 1432 1633 1806 1875 1961 2015 2030 2125 2252 2340 2366 2420 2434 2525 2571 2657 2924 2927 2929 3132 3138 3154 3193
5964 : 796
5965 : 1180 2598
5966 : 2082 2083 2357 2912 3049 3121 3162
5967 : 1408 1455 1713 1740 2604
5970 : 1308 1564 1933
5971 : 2247
5972 : 2319
5973 : 1290
5974 : 1359 2247 2582 2867 2941
5975 : 2002 2289 2469 2798 2812 2867 2898
5976 : 1933
5977 : 242 1420 1930 2621
5978 : 2020 2810
5979 : 2938
5980 : 964 2402
5981 : 3135
5983 : 1198 1433 2216 2233
5984 : 241 1433 2216
5987 : 202 1179 1340 1506 1603 1642 1741 1829 2003 2499 2571 2597 2946 2951 3012
5988 : 1363 1428 1827 2314 2667 3056 3183
5989 : 1415 1462 2866
5991 : 3057
5992 : 1403
5993 : 1977
6001 : 1224
6002 : 1735
6003 : 254 1394 1534 2380 3024
6021 : 3016
6027 : 724
6028 : 605 695 1234 1543 1664 2826 2828
6029 : 1113 1554
6030 : 1158 2254 2842
6031 : 982
6032 : 724
6033 : 1770 1861
6034 : 1435
6035 : 1421
6036 : 116
6039 : 2680
6042 : 2680
6044 : 2176 2375
6045 : 1019 2483 2541 2620 3125
6046 : 2359
6047 : 3125
6048 : 104 1890
6049 : 605 2841
6050 : 1113 2201
6051 : 1113 1554
6052 : 1443 2368 2513 2855 3116 3125 3172
6060 : 796
6069 : 1519 1745 1938 1951 1960 2868 2988
6070 : 3056
6071 : 1665
6073 : 1750
6074 : 1741
6076 : 3032
6077 : 2339
6078 : 243 849 1622 2064 2722 2999
6079 : 1045 1404
6080 : 2901
6082 : 1462 1627 2669 2750
6083 : 2820
6084 : 2114
6085 : 2387
6086 : 1677
6087 : 2712
6091 : 106 243 462 1026 1152 1404 1517 1609 1700 1709 1824 1976 2002 2217 2421 2424 2483 2605 2688 2805 2821 2833 2966 3081 3091 3119 3145 3157 3162
6092 : 1340
6093 : 2357
6094 : 2535 2948
6096 : 242 759 1002 1294 1620 1718 1786 2557 3037 3134 3152 3189
6097 : 1620 2185
6098 : 1420 1691 1874 2997
6099 : 1613 2266
6100 : 1420
6101 : 2031
6102 : 1679 3152
6104 : 973
6105 : 2648
6106 : 2878
6107 : 2380
6109 : 1158 1748 2723
6110 : 1811 2175 2438 2497 2685 2918 3026 3072 3144
6112 : 435 2526
6113 : 1471 1747 1774 2297 2499 2560 3026 3059 3088
6114 : 585 1526 1682 1713 1728 1749 1750 1892 2016 2080 2245 2317 2320 2374 2379 2499 2500 2560 2681 2740 2741 2928 3052 3153
6116 : 2834 3157
6117 : 3157
6118 : 2195 3027
6119 : 1517
6120 : 2268
6123 : 1844 2390
6124 : 1010 3017
6125 : 1398 2249
6126 : 1051
6134 : 2383 2580
6135 : 2480 2580
6136 : 2580
6140 : 2150 2194 2342 2618 2851 2865 3039 3128
6141 : 1025 1362 1488 1694 3002
6145 : 2483
6146 : 300
6149 : 2233
6153 : 2140 2155
6155 : 144 440 619 1471 2184
6156 : 1210 1455 1869
6159 : 1145 1946 2956
6160 : 1497
6163 : 3160
6164 : 1476 2147
6166 : 2776
6167 : 3194
6168 : 281 727 982 1012 1014 1307 1415 1487 1527 1553 1681 1911 1989 2046 2050 2127 2142 2210 2300 2323 2341 2396 2484 2519 2651 2664 2705 2730 2733 2739 2753 2764 2795 2873 2881 2911 2998 3087 3115
6169 : 796 1462 2931 3031
6170 : 724 941 1025 1237 1344 1459 1541 1665 1748 1900 1935 2138 2154 2215 2302 2401 2470 2519 2535 2567 2629 2646 3011 3150
6174 : 3047
6181 : 1568 2998
6182 : 2722
6183 : 440 1197 1346 1665 2000 2147 2254 2543 2741 2838 2859 2936 2946 3016 3039 3125
6184 : 2002
6188 : 248 536 1886 1947 2228 2263 2438 2496 2598 2732 2809 3132
6189 : 2253
6190 : 241 1165
6191 : 71 1098 1727 1889 2592 3048
6192 : 103 106 320 533 675 699 728 796 1099 1234 1347 1387 1392 1411 1454 1462 1536 1543 1602 1608 1624 1634 1646 1664 1769 1809 1855 1886 1889 1900 1945 1972 2003 2137 2154 2163 2273 2314 2315 2345 2358 2368 2406 2407 2420 2534 2623 2644 2688 2692 2753 2765 2777 2833 2893 2901 2923 2943 2956 3014 3080 3150 3158 3165
6193 : 40 441 1353 1429 1525 1593 1637 1698 1740 1742 1771 1783 1930 1934 1997 2003 2046 2064 2263 2580 2598 2625 2643 2652 2820 2823 2914 2949 2991 3021 3036 3039 3048 3105 3179 3181
6195 : 1973 2491
6196 : 441 671 1236 1465 1469 1593 2167 2817 2838 2920 3049 3106
6198 : 3001
6199 : 1169 1333 1645 1874 2229 3163
6200 : 435
6202 : 2712 3045 3054
6204 : 2722
6205 : 1721 3013
6206 : 1630
6207 : 2547
6208 : 2289
6217 : 1181
6220 : 205 679 1044 1306 1620 2252 2365 2438 2456 2802 2898 3124 3144 3202 3203
6221 : 3124
6224 : 1295 2469
6226 : 2274 2469
6228 : 367 441 1034 1261 1611 1685 1695 1811 1844 1846 1889 1890 1928 1989 2046 2059 2197 2198 2274 2371 2396 2401 2515 2712 2776 2890 2892 2900 2949 2951 2969 2988 3032 3040 3059 3070 3133 3158 3172
6229 : 1611 2951
6230 : 441 828 1261 1354 1685 1695 1723 1928 2454 2515 2712 2776 2849 3032 3038 3040 3043 3127 3133
6234 : 1695 2401
6238 : 1695
6239 : 1181
6245 : 1441 1462
6248 : 414 1062 1959 2878
6250 : 1385
6255 : 2184
6263 : 2665
6266 : 1936 2059 2096 2456 2513 2839 2877 2922 2949 3041 3042 3095 3096
6267 : 367 1504 1723 1878 1936 2177 2274 2289 2513 2515 2568 2836 2846 2849 2889 2922 2949 3032 3042 3074 3095 3096 3163 3164
6268 : 533 1590 2883
6269 : 2220 2598
6270 : 2883
6274 : 1200 3182
6276 : 1774
6277 : 670
6278 : 2289
6279 : 3132
6280 : 1394
6281 : 2322
6282 : 2945
6283 : 2344
6284 : 2665
6285 : 1048
6287 : 1012 1265 2449 2470 2702 2732 2921 2922
6289 : 1368 1916 2568
6290 : 2666
6291 : 1001
6292 : 2167
6293 : 2961
6294 : 1641
6295 : 2918 2997
6297 : 2093
6298 : 3046 3098
6300 : 2036 2674
6301 : 1147
6302 : 335 536 973 1013 1049 1365 1623 1673 1722 1888 2000 2094 2125 2324 2395 2670 2903 3002
6303 : 3004
6304 : 2033
6305 : 1609
6307 : 2805
6308 : 2341 2561
6309 : 2189
6310 : 2604
6311 : 2988
6312 : 2300
6314 : 2668
6315 : 2344
6316 : 1540
6318 : 1135 2717 2898 2972
6323 : 1805
6324 : 1293
6325 : 1691
6326 : 2286
6327 : 1453 1972 2513 2857
6329 : 1032
6330 : 3077
6331 : 2680
6333 : 2368
6334 : 1430
6335 : 3115
6336 : 1416 1432 1697 3024
6337 : 2567
6338 : 2481
6339 : 1247 2947
6340 : 3010
6341 : 1768 2922
6342 : 1926
6343 : 2204 2537
6344 : 1888 2216
6345 : 2991
6346 : 2905
6351 : 2805 3015
6352 : 78 495 730 1033 1258 1290 1350 1527 1534 1590 1810 1824 1827 2046 2081 2249 2265 2276 2287 2307 2357 2667 2734 2829 2850 2957 3134
6353 : 2970
6354 : 1425 1497 2019 2712
6355 : 462 1292 1956
6357 : 2979
6360 : 2337 2809
6364 : 1623
6365 : 1489 2684
6366 : 205 319 679 691 1026 1252 1453 1569 1676 1788 2155 2184 2320 2396 2651 2684 2842 2956 3202
6367 : 759 2305 2519
6368 : 1121 1856 3143
6369 : 78 242 248 281 533 940 942 1121 1210 1294 1612 1635 1929 1958 2226 2436 2706 2832 3013 3141
6370 : 615 695 1333 1411 1516 2184 2343 2962
6371 : 281 319
6372 : 2822
6373 : 2535
6374 : 1531
6376 : 982 1747 2061 2265 2545 2579 2632 2748 2950 2956 3105 3114
6377 : 1323 1748 2265 2470 2709 2886 2957 3148
6387 : 380 2884
6389 : 1144
6390 : 2080
6391 : 1399
6392 : 40 46 78 202 241 282 298 319 322 405 479 492 531 615 619 796 849 851 860 861 867 942 981 1013 1014 1035 1046 1052 1097 1099 1117 1152 1154 1171 1196 1197 1198 1200 1206 1226 1257 1258 1259 1265 1293 1323 1326 1331 1333 1362 1364 1386 1393 1394 1420 1421 1425 1433 1445 1454 1458 1471 1475 1497 1504 1519 1524 1549 1550 1572 1593 1595 1609 1626 1631 1638 1641 1652 1665 1674 1676 1678 1679 1691 1709 1710 1713 1719 1723 1724 1725 1727 1728 1742 1749 1766 1767 1768 1783 1785 1787 1810 1811 1825 1855 1856 1862 1867 1869 1871 1879 1886 1892 1915 1924 1930 1933 1934 1935 1936 1961 1974 1976 1997 2020 2031 2033 2095 2111 2137 2142 2145 2146 2152 2162 2175 2176 2189 2195 2196 2203 2204 2208 2217 2219 2249 2261 2267 2275 2276 2283 2289 2297 2299 2306 2314 2317 2319 2323 2325 2344 2353 2388 2401 2402 2437 2490 2498 2513 2515 2524 2525 2537 2543 2568 2584 2605 2624 2629 2644 2648 2650 2651 2664 2667 2669 2680 2682 2687 2695 2697 2701 2712 2720 2726 2738 2739 2740 2746 2750 2776 2784 2798 2823 2837 2858 2860 2862 2865 2878 2889 2916 2924 2925 2936 2937 2948 2956 2963 2980 2989 2990 2991 2996 3001 3014 3015 3018 3021 3027 3030 3033 3036 3042 3047 3052 3055 3056 3058 3064 3084 3085 3087 3095 3096 3106 3115 3118 3121 3131 3134 3135 3141 3142 3152 3160 3163 3164 3171 3183 3199
6393 : 367 2233 3097 3141
6395 : 1592
6396 : 40 298 619 961 981 1153 1255 1631 1634 1725 1843 1976 2109 2144 2188 2200 2233 2267 2276 2500 2525 2527 2605 2744 2770 2784 2878 3021 3075 3086 3115 3124 3131 3153
6397 : 2019
6398 : 144 367 1084 1162 1544 1589 1652 1706
6399 : 78 95 691 727 755 893 942 950 1028 1029 1048 1049 1052 1143 1147 1196 1206 1212 1274 1308 1333 1346 1352 1353 1363 1364 1381 1404 1423 1441 1516 1543 1601 1602 1636 1692 1722 1766 1782 1806 1887 1890 1909 1946 1948 1958 1978 1997 2000 2153 2186 2188 2229 2325 2338 2339 2353 2544 2560 2567 2592 2605 2646 2695 2779 2800 2978 3016 3094 3166 3184 3200
6400 : 335 727 1280 1388 1608 1892 2001 2186 2297 2354 2799 3138
6401 : 727 1453 1524 2105 2233 2480 2684 2709
6406 : 1428
6415 : 1323
6416 : 71 202 598 1032 1134 1163 1165 1223 1264 1305 1323 1348 1354 1413 1415 1459 1551 1613 1635 1693 1739 1788 1807 1826 1886 1915 1947 2050 2054 2138 2184 2185 2232 2246 2568 2632 2711 2751 2883 2897 3153 3172 3173
6417 : 2355
6418 : 104 1426 1540 1541 2078 2207 2479 2534 2993 3018 3057 3091 3146
6419 : 3091
6420 : 854 1409 1507 1646 1654 1807 1928 2726 3002 3023
6421 : 527 1099 1391 1686 1915 2078 2265 2369 2625 2699 2751 2753 2771 2828 2873 2931 2957 3057 3101 3105 3116 3128 3135 3150
6422 : 670
6424 : 321
6426 : 536
6427 : 1108 1403 1750 2175 2798 2832
6428 : 236 1637 2315
6429 : 605
6430 : 536 1554 2451 2722 2734 2851 2913 2993 2998 3052 3174
6431 : 1161
6432 : 2324 3172
6433 : 1010 1049 1292 1346 1369 1470 1485 1497 1501 1604 1717 1727 1809 2148 2188 2233 2297 2390 2401 2598 2604 2683 2734 2750 2816 2819 2970 3016 3020 3052 3087
6434 : 319 824 2560 3093 3120
6435 : 298 335 527 1015 1182 1184 1216 1236 1294 1364 1410 1411 1425 1501 1507 1552 1594 1601 1605 1625 1632 1638 1664 1726 1827 1915 1925 1928 1932 1936 1945 1948 1958 1978 1989 2017 2019 2081 2125 2134 2203 2229 2245 2321 2344 2355 2447 2481 2523 2542 2560 2582 2595 2606 2609 2657 2674 2682 2697 2700 2712 2728 2829 2912 2940 2970 2989 2996 3013 3016 3041 3046 3047 3078 3115 3204
6436 : 441 1047 1265 1344 1399 1402 1566 1727 1836 1868 1906 1929 1932 2625 3015 3078 3118 3200 3202
6437 : 3026
6438 : 40 1235 1445 1491 2302 2568 2931 3021
6439 : 1564 2233
6440 : 1877
6441 : 1744
6442 : 2742 3195
6443 : 1845
6444 : 2302
6445 : 1099
6447 : 1677
6448 : 1430 2423
6449 : 322
6450 : 822 894 1035 1111 1197 1235 1614 1713 2109 2252 2377 2726 2884 2901 2969 2993 3006 3034 3120
6453 : 1280 1827 2051 2378 2631 2916 2990
6454 : 106 1535 1609 2746 3001 3135 3157 3162
6455 : 1235 1924 2482 2871 3097 3173
6456 : 282 435 1524 1608 1676 1886 1930 3077 3173
6458 : 63
6465 : 724 1366 1445 2480 2634 2899 2931
6466 : 146 724 1099 1159 1445 1673 1827 1939 2147 2289 2852 2899
6468 : 40 335 1549 1892 1935 2097 2449 2628 2629
6471 : 3060
6474 : 2535
6483 : 1691
6488 : 3177
6491 : 2434
6492 : 2499
6493 : 1514
6494 : 1650
6495 : 2880
6496 : 1751 2181 3181
6497 : 1257 1386 1428 1458 1519 1589 1652 1738 1792
6500 : 1769
6501 : 3005
6504 : 949 1379 1415 2656 2665 2707 2991 3009 3053 3083 3111 3153
6505 : 1099
6506 : 1379
6507 : 1542
6508 : 3026 3110
6509 : 1033 1497 1718 1975 2265 2986 3026 3110
6510 : 1010 1044 1071 1117 1168 1391 1415 1462 1588 1826 1845 2376 2479 2482 2526 2580 2618 2645 2940 3081 3089 3196
6511 : 619 1695 3202
6512 : 1235 1787 1962 1974 2092 2399 2501 2582 2766 2795 3074 3106 3163 3165
6513 : 322 696 698 825 856 1033 1050 1226 1236 1247 1264 1315 1324 1408 1462 1472 1487 1517 1534 1591 1647 1680 1698 1728 1753 1810 1827 1854 1877 1902 2003 2080 2095 2111 2138 2184 2210 2219 2283 2297 2317 2319 2320 2357 2358 2365 2372 2374 2378 2379 2424 2482 2500 2536 2541 2556 2582 2597 2622 2629 2632 2668 2681 2723 2740 2776 2849 2867 2868 2902 2920 2950 2972 3002 3006 3014 3025 3039 3050 3065 3067 3068 3105 3127 3137
6514 : 252 531 558 585 695 825 893 1026 1087 1108 1199 1262 1471 1476 1517 1534 1543 1589 1591 1665 1697 1745 1805 1810 1975 2059 2060 2092 2139 2189 2197 2202 2277 2370 2424 2451 2555 2712 2719 2798 2819 2889 3052 3070 3080 3087 3165 3173
6515 : 1034 1166 1170 1195 1225 1700 1951 2105 2113 2126 2153 2218 2380 2527 2709 2718 2720 2919
6516 : 40 68 202 276 596 719 982 1184 1236 1255 1271 1292 1324 1393 1394 1588 1590 1593 1602 1630 1652 1680 1683 1693 1748 1924 1958 2031 2046 2059 2176 2178 2194 2195 2200 2229 2265 2273 2289 2320 2341 2470 2527 2555 2605 2632 2651 2697 2701 2715 2723 2727 2741 2771 2777 2838 2893 2898 2903 2925 2946 2954 2956 2957 2968 3024 3077 3090 3094 3106 3109 3112 3163 3199 3201 3202
6517 : 103 1045 1216 1404 1683 1766 2546 2809 2904 2986
6518 : 103 972 1033 1334 1614 1853 1861 1902 2065 2081 2716 2777 2794 2986 3013 3124
6521 : 1628
6525 : 417 1099 1272
6526 : 71 1272 2772 2931 3086 3146
6527 : 1135 1550 2359 3041
6528 : 1146
6530 : 1108 2370 2526
6531 : 2751
6532 : 693 867 1535 1566 1636 1886 1892 1932 1999 2000 2015 2175 2195 2217 2220 2263 2337 2451 2453 2481 2483 2598 2750 2753 2819 2836 2856 2878 2881 2885 2887 2890 2900 2907 2925 2973 2997 3008 3032 3033 3036 3053 3057 3067 3069 3072 3085 3096 3097 3099 3113 3153
6533 : 2413 2858 2890 3099
6534 : 2648 2801
6535 : 104 693 1195 1410 1564 1676 1719 1974 2195 2253 2321 2344 2433 2451 2537 2616 2680 2715 2722 2858 2904 2929 2969 3002 3018 3054 3080
6536 : 1947 2491 2897 2944
6537 : 678 2716 2979 3087
6538 : 440 2819 3106
6539 : 2699 3125
6541 : 224 849 1231 1719 1807 2726 2897 2990 3024
6542 : 282 796 854 1013 1161 1691 1956 2146 2176 2188 2263 2344 2493 2669 2711 2737 2765 2816 2863 3041 3058 3118 3200
6543 : 2207
6544 : 1264 1464 3081
6545 : 2534
6546 : 1033 1358 1465 1974 2096
6554 : 185 495 531 533 670 796 854 950 971 1145 1160 1223 1270 1363 1389 1392 1501 1529 1591 1608 1623 1643 1647 1650 1679 1725 1726 1767 1827 1844 1859 1886 1934 2003 2017 2020 2127 2130 2155 2175 2176 2184 2207 2210 2248 2264 2343 2353 2365 2454 2487 2554 2567 2571 2606 2634 2668 2681 2697 2714 2721 2734 2739 2741 2800 2809 2812 2846 2860 2885 2889 2895 2898 2901 2911 2943 2949 3008 3040 3074 3082 3085 3087 3096 3114 3115 3141 3147 3150 3152 3197
6555 : 441 1169 1403 1665 1725 2125 2177 2570 2692 2699 2714 2877 2902 2963 3041 3057 3084 3157
6556 : 1594 2175 2274 2420 2901 3041 3082 3128 3157 3199
6557 : 2420
6558 : 972 1267 2704
6559 : 796 854 1608 1723 1886 1956 2567 2716
6560 : 2451
6561 : 78 95 698 893 950 1110 1147 1170 1181 1196 1274 1280 1385 1388 1401 1423 1441 1615 1766 1978 2054 2207 2268 2323 2554 2557 2567 2606 2727 2800 2905
6565 : 322 695 849 855 1032 1226 1314 1349 1385 1503 1570 1676 1697 1844 1854 1889 1927 1959 1976 2095 2111 2160 2180 2218 2298 2345 2407 2452 2480 2484 2493 2631 2674 2687 2688 2728 2765 2816 2868 2881 2918 3118 3134 3165
6566 : 730 1215 1703 1889 2985 3090 3197
6567 : 849 1226 2163 2345 2407 2516 2728 2882 2918 3142
6568 : 2196 3076
6569 : 849 1066 1652 1728 1764 1936 2046 2378 2390 2882
6570 : 972 1066 1158 1226 1470 1485 1627 3003
6572 : 3092
6573 : 3010
6574 : 1507 1519 2003 2091 2324 2375 2398 2644 2699 2764 2765 2873 2944 3025
6575 : 2047 3025
6576 : 284 619 637 728 730 1046 1350 1388 1498 1681 1742 1783 1806 1825 1975 2018 2105 2174 2231 2253 2254 2313 2479 2513 2596 2681 2855 2901 3023 3106 3114 3160
6577 : 824 1051 1346 1350 1409 1468 2650
6578 : 1181
6579 : 2306
6583 : 1345 1543 1616 1632 1664 1876 2148 2779 3138
6584 : 1423
6604 : 1705
6605 : 2931
6606 : 2249
6607 : 3125
6608 : 696
6609 : 1233 1305 1855 1945 2210 2288 2367 3027 3165
6610 : 103 675 941 1290 1398 1457 1488 1609 1710 1827 2002 2307 2479 2546 2938 3190
6611 : 2097 2198 2378 3049
6612 : 1885
6613 : 1912
6614 : 2734
6615 : 2734
6616 : 40 464 585 728 796 850 1062 1113 1135 1160 1195 1247 1264 1272 1308 1340 1359 1415 1427 1432 1534 1544 1587 1629 1649 1651 1665 1695 1697 1705 1855 1891 1929 1974 2036 2051 2054 2176 2211 2314 2341 2358 2370 2383 2421 2439 2535 2645 2646 2692 3049 3073
6617 : 1468 1625 1705 3013
6618 : 1564 1697
6620 : 3120
6621 : 2106
6622 : 1705
6623 : 3125
6624 : 2308
6627 : 2499
6628 : 1135 2036 2201 2355 2434 2500 2625 2631 3024
6629 : 2542 2987
6630 : 1636
6631 : 1744
6632 : 1587 2200 2203 2359 2376 2860 3083 3201
6633 : 1653 1827 2202 2499 2500 2892 2944 2968 2989
6635 : 1845
6636 : 106 1117 2019 2537 3059 3088
6638 : 106 1117 1185
6639 : 1774 1845 2218 2343
6640 : 2130
6641 : 1589
6642 : 2343
6643 : 3057
6646 : 2726
6649 : 2866
6651 : 2890
6652 : 2314 2319
6655 : 3083
6658 : 585 3076
6663 : 1258 1455 1552 1629 2514 2648 2904 3199
6664 : 1366 2145 2634 3142 3150
6666 : 1062 1693 2177 2727 3057
6667 : 2849 3032
6668 : 2849
6669 : 2737 3053
6671 : 414 2680
6675 : 1526 1641 1726 1728 1892 1916 1924 2297 2373 2434 2498 2595 2668 2688 2716 2862 2863 2914 2928 2978 2996 3152 3190
6676 : 1728 1751 1924 2498 2688 3006 3153
6678 : 1641 1751 1924 2137 2373 2498 2667 2862 2881 2978 3052 3152
6679 : 2926
6680 : 1752 1753 1810 1879 1884 2016 2017 2095 2106 2277 2358 2373 2380 2450 2522 2667 2668 2669 2741 2769 2881 3006 3097 3153
6682 : 1366 1808 2166
6685 : 2751
6687 : 630 1145 1836 2051 2189 2369 2630 2857 2925 2998
6688 : 224 982 1072 1182 1390 1403 2051 2160 2963 2996 3066
6690 : 248 1397 1764 2813
6691 : 248 1764
6694 : 58 63 70 71 78 104 106 202 243 251 252 265 276 282 303 321 397 417 441 464 479 492 531 558 596 619 630 675 679 695 721 726 851 867 944 950 963 971 972 980 1001 1032 1046 1049 1051 1066 1099 1121 1134 1226 1233 1247 1248 1253 1265 1267 1272 1288 1290 1292 1306 1307 1323 1325 1346 1354 1362 1366 1368 1380 1381 1394 1408 1410 1413 1430 1433 1435 1453 1454 1458 1463 1468 1474 1476 1485 1486 1497 1504 1505 1515 1517 1518 1524 1527 1528 1531 1548 1551 1616 1619 1623 1626 1658 1664 1675 1684 1713 1725 1751 1754 1805 1826 1834 1868 1879 1885 1905 1911 1930 1931 1936 1937 1945 1976 1978 1997 2020 2030 2033 2047 2049 2061 2080 2081 2094 2140 2152 2155 2163 2165 2166 2168 2169 2170 2175 2186 2194 2196 2197 2198 2202 2209 2215 2226 2230 2231 2246 2247 2253 2254 2262 2265 2289 2297 2301 2310 2314 2316 2318 2320 2327 2342 2354 2355 2356 2367 2368 2369 2377 2378 2379 2390 2400 2406 2420 2423 2433 2437 2438 2439 2451 2453 2480 2482 2493 2501 2517 2525 2541 2542 2555 2557 2568 2569 2571 2579 2581 2592 2594 2595 2597 2598 2603 2620 2622 2623 2626 2627 2629 2632 2643 2644 2646 2652 2670 2683 2684 2699 2701 2704 2707 2708 2709 2710 2714 2717 2719 2721 2722 2728 2737 2738 2739 2740 2742 2744 2746 2749 2750 2753 2764 2777 2785 2786 2787 2794 2800 2803 2804 2812 2816 2817 2829 2833 2842 2843 2846 2847 2848 2850 2852 2856 2859 2860 2864 2865 2867 2869 2870 2871 2876 2878 2882 2883 2885 2886 2887 2889 2893 2897 2898 2899 2900 2902 2911 2913 2915 2919 2921 2923 2925 2936 2937 2939 2940 2944 2945 2946 2948 2950 2958 2961 2966 2970 2973 2977 2988 2989 2994 3001 3002 3012 3014 3016 3020 3023 3024 3028 3030 3031 3033 3034 3043 3049 3050 3054 3057 3058 3060 3066 3070 3073 3076 3078 3080 3083 3085 3093 3094 3095 3101 3103 3104 3105 3110 3111 3116 3117 3129 3132 3134 3139 3147 3148 3150 3160 3163 3172 3173 3174 3175 3177 3188 3192 3194
6695 : 78 848 1008 1051 1397 1476 1764 1885 2096 2390 2715 3179
6696 : 335 1110 2248
6697 : 2033 2127
6699 : 2470
6700 : 2764
6701 : 320 950 1008 1158 1200 1262 1325 1341 1409 1468 1471 1554 1569 1601 1603 1747 1828 1846 1854 1960 2175 2195 2266 2289 2342 2401 2433 2515 2557 2685 2692 2700 2714 2727 2740 2785 2838 2851 2865 2895 2896 3059 3073 3075 3156 3175
6703 : 46 1613 2664 2785
6704 : 2289
6706 : 2311
6707 : 1713
6708 : 1428
6709 : 849 1347 1705 1721 1870 1901 2470 2686 2702 2827 2846 2847 2862 3046 3098 3107
6710 : 2827 2829
6711 : 1956 2702 3153
6712 : 104 536 973 1143 1171 1206 1224 1234 1267 1388 1514 1533 1571 1635 1892 2188 2344 2400 2656 2682 2697 2721 2750 2754 2819 2835 2860 2862 2873 2928 2956 3015 3023 3137 3138 3153
6713 : 2093 2198 2841
6715 : 1194
6716 : 2795
6718 : 1742
6721 : 205
6722 : 243
6727 : 1170 1350 1768 2396 2423 2545 2557 2581 2739 2923 3094
6728 : 2702 2897
6729 : 1170 1768 1825 2061 2113 2179 2423 2921 3045
6730 : 2015 2030 2179 2733 2921 3045 3094
6731 : 1012 1170 1265 1350 1548 1612 1825 1989 2030 2110 2112 2252 2301 2423 2492 2581 2739 2754 2794 2811 2836 3045 3176
6733 : 276 303 617 675 724 856 1030 1083 1180 1223 1226 1235 1252 1308 1323 1366 1425 1454 1549 1553 1614 1628 1635 1657 1665 1693 1727 1769 1810 1825 1827 1924 1939 2017 2061 2082 2155 2186 2232 2302 2304 2316 2354 2355 2357 2367 2377 2378 2433 2500 2534 2561 2631 2742 2751 2808 2822 2841 2846 2871 2921 2985 3021 3064 3101 3139 3148
6735 : 1048 1052 1110 1278 1326 1347 1402 1468 1497 1551 1724 1811 1939 1972 2091 2137 2192 2248 2265 2342 2420 2437 2646 2722 2807 2865 2931 3082
6736 : 1001 1108 1145 1169 1403 2140 2252 2570 2683 2944 3087 3125 3201
6737 : 248 2181 2197
6738 : 1099 1718
6739 : 724
6740 : 1862 2951 3160
6741 : 1543 3181
6742 : 1394
6743 : 825 1443 2142
6746 : 527 1326 1924 2568 3153
6747 : 1552 1632 1650 1924 2554 3002
6748 : 1015 1825 2254 2297 2374 2490 2604 2863
6749 : 2604
6750 : 717 1650 3041 3088
6751 : 483 617 1262 2486
6752 : 2471
6754 : 106 321 1050 1184 1465 1486 1536 1856 2356 2357 2369 2692 2828 2931 3020 3047
6756 : 1160 1223 1332 1613 1676 1724 2421 2595 2606 2886 2931
6757 : 1503 1928
6758 : 1324 1691
6761 : 1223 1411 1420 2421 2886 3014 3141
6762 : 1003 2217 2377 2438 2470 3074
6763 : 1456 2849 3111
6764 : 2622 3174
6765 : 2621
6766 : 1032 1046 1549 1748 2032 2197 2406 2739 2843 2852 3117
6767 : 2916
6768 : 2829
6769 : 2827
6770 : 1711
6774 : 1225 1262 1563 2032 2145 2289 2490 2630 2883 2890 2968 3032 3043 3164 3172
6775 : 1612 1855 2274 2490 2630 3164
6776 : 974
6779 : 2916
6784 : 462 1135 1170 1325 1390 1427 1706 1906 1974 2019 2215 2231 2232 2314 2402 2545 2669 2711 2721 2746 2811 2829 2903 2916 2985 3132 3135 3162
6785 : 3093
6786 : 1390 1486 2113 2145 2230 2231 2401 2485 2545 2669 2687 2711 2829 2994
6788 : 1349
6793 : 670
6794 : 3180 3183
6797 : 531
6803 : 1590 2754
6805 : 3135
6811 : 1445 2181
6812 : 1651 2398
6817 : 1231
6822 : 1307
6823 : 1032
6825 : 1626
6827 : 185 1711
6828 : 2622 3174
6829 : 2622
6833 : 1887
6834 : 1185
6835 : 1185
6836 : 144 254 462 616 1397 1628 1891 2035 2786 3160
6837 : 1072 1088 1112 1170 1590 1592 1726 1906 1997 2095 2145 2146 2421 2734 2784 2887 2911 2929 3005 3015 3036 3056 3085 3092 3142
6838 : 724 2359 3059
6839 : 1426
6840 : 2751
6843 : 2905
6844 : 2231 3041
6846 : 464 617 942 1025 1051 1248 1264 1334 1365 1408 1471 1552 1588 1630 1679 1680 1698 1938 1976 2003 2105 2111 2202 2233 2273 2372 2561 2598 2753 2771 2902 2904 3094
6847 : 462 533 671 1173 1267 1410 1411 1415 1518 1526 1529 1542 1572 1653 1719 1726 1728 1750 1752 1792 1828 1908 1938 2017 2033 2035 2048 2092 2145 2203 2217 2268 2318 2319 2344 2375 2437 2451 2535 2542 2669 2679 2681 2711 2716 2719 2722 2734 2740 2741 2765 2767 2779 2798 2812 2849 2859 2862 2880 2889 2902 2926 2936 2951 2984 2988 2990 2991 3017 3020 3028 3041 3048 3054 3058 3059 3072 3089 3119
6848 : 2245 2283 2714 2722
6849 : 964 1062 1199 1223 1255 1393 1430 1457 1641 1650 1681 1693 1709 1946 1975 2137 2189 2217 2420 2424 2455 2594 2665 2734 2753 2820 2902 2939 2944 3009 3037 3039 3125 3163
6850 : 396 615 855 1154 1258 1344 1350 1365 1399 1685 1699 2111 2541 2716 2723 2838 2996 3049 3202
6851 : 825 1810 2144 2145 2286 2396 2555 2897 2980 3139
6852 : 2125
6853 : 48 1315 1517 1609 1641 1874 2303 2304 2485 3028
6854 : 533 1672 1735 1859 2076 3195
6855 : 1385
6856 : 2571 3052
6857 : 1590 1609 1962 2316 2568
6858 : 1264 2130
6863 : 1470 1929 2228
6864 : 2680
6865 : 2060 2594 3164
6866 : 2822
6867 : 719 799 963 972 1381 1464 1470 1485 1767 1938 2033 2036 2094 2152 2194 2358 2500 2522 2594 2644 2692 2802 2870 3031 3193
6868 : 48 332 441 796 849 865 972 1010 1025 1029 1033 1117 1135 1161 1200 1234 1309 1348 1365 1389 1408 1671 1695 1709 1744 1746 1853 1854 2060 2076 2134 2148 2200 2202 2207 2252 2320 2514 2534 2592 2644 2651 2826 2851 2862 2939 3071 3075 3083 3101 3105
6869 : 1238 1892 2060 2140 2845 3156
6870 : 48 1641 1810 2138 2169 2455 2829 2856 3101 3114
6871 : 2695
6872 : 1169 2189 2646 2884 3118
6873 : 1594 2189 2834 2884
6875 : 2695
6877 : 2233
6881 : 2020
6882 : 1307 1962 3173
6883 : 397 440 2304 3158
6886 : 1428 1454 1610
6887 : 531 1381
6888 : 1113 1554 1754 1915 2692 3137
6890 : 1854 2739
6893 : 146 670 1267 2036 2203 2233 2342 2623 3002 3197
6894 : 2993
6895 : 2166 2805
6896 : 2805 2993
6897 : 1443
6898 : 2312
6904 : 1066 1529
6914 : 462 616 677 1365 1468 1868 1873 1939 2628 2753 2864 2945
6915 : 533 1647 1695 1939 2298
6916 : 1911 2993
6917 : 670 1879 2483 2913 2920
6921 : 2865
6922 : 1362
6923 : 616 1053 1135 1340 1588 1710 2080 2299 2319 2632 2785 2843 2867 3003
6925 : 619 2633
6926 : 1671 2581
6929 : 1671
6930 : 964
6933 : 825 2141
6934 : 825 1334
6935 : 825 1726 1929
6938 : 2786
6939 : 483 1012 1491 1569 1683 1768 1885 1939 2082 2990
6940 : 144 2537 3087
6941 : 104 670 695 982 1003 1048 1143 1260 1308 1384 1469 1552 1742 2130 2312 2358 2406 2632 2816 2817 2845 3078 3082 3102
6942 : 1627 2406 2998
6943 : 531
6944 : 1315
6945 : 1394 1664
6946 : 2721
6949 : 848
6950 : 1434
6951 : 1482 1929 2547
6952 : 615 1482 1710 1915 2065 2142 2152 2195 2201 2421 2523 2687 2829 2883 2980 3057
6953 : 605 1067 1324 1468 1929 2152 2201 2523 2827 2828 2959 3013 3149
6954 : 942 1502 1824 2356 2876
6955 : 1824 2356 3177
6956 : 2488 2754 3116
6963 : 730 2556 2887
6966 : 1172
6967 : 2053 3080
6968 : 1906
6971 : 3027
6972 : 2716
6973 : 3048
6974 : 1590
6975 : 2246
6976 : 111 1167 1653 1854
6980 : 558 1433 2285
6981 : 2807
6985 : 46 106 1750 1829 2150 2208 2517 2619 2851
6986 : 1169 2230 2911 3057
6988 : 2390 2526 3028
6989 : 1066 3057
6990 : 2483
6991 : 730 3175
6992 : 243 276 1349 1517 1525 2305
6993 : 2488 3116
6994 : 867 1185 1326 1369 1438 1721 2692 2696 2737
6995 : 1915 2692
6996 : 1334 1636
6998 : 2721
6999 : 1571 1750 1906 2218
7000 : 417 1621 2078 2187 2389 2721 2753 3035 3117 3172
7001 : 441 1088 1394 2163
7003 : 1692
7005 : 2622
7006 : 2096 2197 2471 2480 2958 3140
7007 : 2215 2368 2808 3012
7008 : 2368 2483 3050
7009 : 2368 2483
7011 : 982 2483
7012 : 2147
7013 : 2580
7014 : 1853
7017 : 1568 1741 2002
7018 : 2002 2633
7020 : 1554 1871 1929
7028 : 2907 2922 2925 2940 2966 2967 2987 2997 2998
7029 : 222 329 497 671 949 1146 1196 1257 1327 1364 1385 1412 1443 1543 1595 1621 1643 1681 1686 1692 1705 1721 1741 1890 1915 1958 2048 2148 2167 2185 2186 2196 2211 2266 2311 2313 2326 2525 2547 2609 2610 2623 2627 2697 2858 3024 3048 3074 3147 3165 3172 3188
7030 : 585 637 1792 1932 2053 2147 2229 2297 3194
7031 : 1665
7032 : 2851 2855 2857 3074
7033 : 1307 1741 2152 3074
7034 : 417 497 605 615 699 1043 1046 1121 1146 1326 1402 1403 1470 1590 1630 1679 1721 1807 1859 1888 1915 2001 2125 2142 2196 2211 2216 2252 2326 2400 2610 2656 2696 2804 2816 2827 2841 2868 3057 3064 3067 3132 3151
7035 : 3143
7040 : 1664
7041 : 1608
7042 : 1608 2606
7043 : 3117
7044 : 1426 1877 2375 3067
7045 : 1426 1505 1877 2209 2219 2387 2572 2720 2878 3067 3180 3195 3197
7048 : 2300 2302 2893 3090
7053 : 2125 2369 2692 2737 2753 2987
7054 : 1326 2004 2125 2987 3165
7055 : 2369 2692 2987
7056 : 3116
7057 : 3172
7058 : 111 1015 1346 1386 1387 1393 1430 1566 1567 1586 1620 1638 1643 1644 1650 1875 1946 1999 2093 2217 2266 2268 2354 2410 2471 2627 2696 2900 3057
7059 : 126 894 1109 1111 1197 1334 1393 1567 1586 1620 1633 1691 1784 1886 1946 2544 2621 2779
7060 : 677 1117 2146
7066 : 3066
7067 : 1632
7068 : 724 3142 3176
7070 : 2902
7071 : 719
7077 : 1434 1976 2246 2383 2496 2860 3066
7078 : 1765 1769 1908 2300 2721 2734
7082 : 1930
7083 : 1930 2246 3127
7085 : 104 276 1030 1048 1108 1117 1154 1381 1439 1453 1564 1719 2051 2091 2421 2500 2931 3087 3092
7086 : 1535 1726 2130 2153 2367
7089 : 891 1238 1527 3009
7091 : 106 2451
7093 : 248 1517 2004 2163 2189 2547 2572 2832 3160
7094 : 2035
7095 : 2230 2486
7096 : 1608 2163 2319 2963 3047 3076 3116 3172
7097 : 717 724 1169 1403 1430 1645 1707 1718 1727 1874 1876 1975 2167 2409 2554 2809 2985 3033
7099 : 1836 1973 2060 2918 3134
7100 : 595
7101 : 185 1676 2232
7102 : 944 2488 3135
7103 : 278
7104 : 1409 1445 1637 2289 2931
7105 : 982 1325 1497 1726 1868 1877 2033 2401 2873 3001 3153
7106 : 854 2142 2168 2650 2877 3053 3069 3134
7107 : 1264 1781 3016 3080
7110 : 1676
7113 : 1533 1698
7114 : 3032
7115 : 1854
7116 : 300 417 973 1135 1173 1379 1413 1711 1844 1935 2399 2437 2722 2726 2887 3017 3076 3078 3116 3179 3182 3183
7117 : 1769
7118 : 1674 1923 2358 2451 2828 3133
7119 : 973
7120 : 243 851 858 893 1010 1109 1155 1255 1365 1386 1495 1502 1525 1621 1654 1679 1680 1724 1742 1844 1978 2197 2301 2313 2652 2709 2838 3021 3042 3077 3091
7121 : 40 321 1033 1154 1196 1365 1454 1456 1742 1769 1824 1835 1939 1989 2167 2215 2299 2307 2380 2402 2420 2457 2501 2717 2865 2947 3069 3077 3121
7122 : 1430 1643 2093 2229 2947
7125 : 40 78 95 278 281 462 675 1145 1238 1365 1415 1634 1665 1672 1784 1792 1806 1825 1909 1939 2042 2051 2091 2110 2262 2287 2305 2317 2324 2451 2457 2482 2496 2547 2665 2684 2698 2709 2771 2841 2876 2905 2907 2911 2932 2938 2986 2987 3015 3032 3048 3054 3064 3069 3111
7126 : 1620 1623 2092 2251
7127 : 1612 1705 2821 3120
7128 : 670 3004 3011
7129 : 2709
7130 : 2810
7131 : 2181
7133 : 2894
7137 : 2483
7138 : 531 1707 1713 2619
7139 : 1088
7140 : 1379 1684 2139 3003
7141 : 1683 1723 1836 2015 2179 2340 2515 2546 2603 2986 3045
7142 : 1543 2901
7143 : 1223 2303 2971
7144 : 1071 1474 1766 2232 2356 2486 2624 2931 3068 3133
7145 : 321 1026 1491 1836 2178 2971 3056
7146 : 281 495 1026 1152 1258 1292 1396 1430 1497 2062 2286 2310 2325 2555 2605 2697 3131
7148 : 2619
7149 : 1752
7150 : 971 2518
7151 : 1722 2194
7152 : 1155 2217 2683 2817
7153 : 2683
7154 : 1526 2322 2516 2652 2721 2951 3030
7156 : 2344 2646 3136
7157 : 1533 2543 2625 3117
7158 : 1518 1805 3091 3136
7159 : 3027
7160 : 2911
7161 : 1225 1350 3091
7164 : 1908 2923
7167 : 2245 2571
7168 : 1620 1999 2323 2628 2688
7169 : 1540
7170 : 1087 1540
7171 : 2764 2858
7172 : 2734
7173 : 1354 1415 1808 2130
7174 : 3027
7175 : 2913
7176 : 1114
7177 : 2753
7180 : 254 825 894 1235 2065 2556 2970
7181 : 2035
7182 : 982
7183 : 670
7184 : 2253 3198
7186 : 71 329 1135 1252 1271 1309 1381 1550 1589 1651 1685 2035 2154 3160
7187 : 1415 2479
7188 : 721 890 1160 1166 1309 1464 1489 1543 1764 2154 2181
7189 : 728
7190 : 71 1272
7192 : 3036 3069
7194 : 3040
7195 : 2726 2927 2966
7196 : 1564 1824
7197 : 251
7198 : 3091
7199 : 2985
7201 : 1347
7202 : 1726
7203 : 2898
7204 : 243 533 1047 1721
7205 : 2165 2202 2424 2560 2893 3020
7206 : 68 106 116 144 321 441 462 464 531 585 598 616 691 867 891 894 962 1001 1046 1155 1162 1236 1253 1280 1290 1292 1325 1346 1366 1381 1394 1413 1417 1427 1571 1619 1635 1697 1700 1725 1885 1929 1931 1948 2152 2302 2321 2480 2556 2568 2625 2645 2750 2828 2871 2900 2968 2990 3083 3093 3099 3142 3156 3162 3174 3181 3203
7207 : 730 731 1309 1589 1651 1879 2153 2181 2457 2907 3004 3160
7208 : 2004
7209 : 111 124 241 254 276 435 462 533 619 694 799 858 890 891 974 982 1007 1009 1030 1046 1050 1097 1098 1108 1134 1147 1152 1162 1169 1180 1188 1194 1230 1237 1270 1271 1295 1308 1323 1333 1354 1431 1440 1476 1504 1524 1535 1541 1543 1549 1550 1570 1591 1610 1613 1636 1651 1653 1664 1671 1679 1680 1694 1695 1718 1738 1748 1764 1771 1782 1792 1807 1825 1836 1847 1853 1854 1856 1871 1876 1877 1879 1886 1892 1910 1915 1933 1939 1958 1961 1973 1978 1988 1997 2000 2004 2018 2030 2054 2076 2077 2092 2113 2134 2163 2176 2177 2187 2194 2218 2247 2252 2254 2267 2283 2289 2305 2324 2343 2369 2383 2396 2454 2470 2484 2490 2491 2515 2524 2526 2537 2555 2557 2560 2561 2568 2596 2618 2619 2622 2628 2630 2632 2650 2656 2665 2667 2679 2722 2723 2745 2751 2765 2771 2779 2784 2828 2834 2835 2836 2838 2840 2851 2855 2858 2860 2862 2863 2865 2880 2890 2892 2905 2912 2916 2926 2936 2945 2948 2949 2954 2955 2958 2962 2963 2966 2968 2973 2979 2980 2981 2984 2997 3000 3002 3014 3018 3020 3021 3027 3035 3037 3038 3040 3048 3057 3064 3069 3071 3075 3078 3081 3094 3099 3106 3110 3112 3113 3120 3130 3135 3138 3143 3147 3165 3167
7210 : 300 2627
7211 : 1122 1613 1651 1709 1856 2217 2546 2644 3025
7212 : 46 251 329 441 479 492 637 675 721 856 1267 1362 1366 1497 1515 1805 2030 2047 2155 2209 2246 2265 2301 2314 2320 2356 2367 2420 2437 2438 2452 2470 2480 2482 2522 2525 2546 2555 2569 2579 2592 2646 2710 2714 2719 2739 2742 2744 2750 2776 2794 2832 2842 2846 2883 2889 2925 2945 2950 2958 2977 2988 2989 3002 3012 3016 3049 3050 3083 3116 3141 3179 3181
7213 : 2300
7214 : 1379 1465 2515 2700 2957 3121
7215 : 2692 3069
7216 : 1679
7217 : 3008
7218 : 861
7219 : 861
7220 : 2194
7221 : 2153
7223 : 3035
7224 : 828
7225 : 3173
7226 : 3173
7227 : 1385
7228 : 1237
7230 : 1145
7231 : 3142
7232 : 3011
7233 : 1877 2227 2245 2482 2500 2571 2993
7235 : 2228
7236 : 2228 2482 2500
7237 : 1930
7238 : 527 679 848 1290 1453 1463 2030 2107 2219 2253 2316 2383 2555 2568 2624 2684 2714 2715 2766 2787 2832 2851 2855 2885 2887 2911 2918 2954 2961 2966 2973 3106 3107 3163
7239 : 464 497 677 891 1043 1072 1116 1257 1362 1567 1594 1650 1874 2109 2216 2453 2559 2674 2686 2687 2707 2721 2936 2966 3107 3149
7240 : 1641 1735 2020 3025 3136
7241 : 2020
7242 : 1873 2020 2985
7245 : 1529
7246 : 440 497 616 724 1001 1167 1173 1185 1194 1307 1476 1506 1713 2078 2274 2452 2665 3053
7247 : 278 1271 1314 1440 1503 2201 2251 2421 2481 2582 2626 2646 2723 2828 2860 2894 2928 2993 3002 3080
7248 : 944 1386 1408 1420 1717 1738 1854 1933 2018 2109 2621 2726 2770 3021 3037
7249 : 644 2106
7250 : 2770 2927 3037
7251 : 1390 1420 1706 1933 1960 2178 2378 2470 2771 2946 2956 3077 3109 3121 3124 3148
7252 : 731 1705 2080 2148 2378 2723 3073
7253 : 2994
7255 : 104 694 724 1034 1098 1349 1470 1528 1626 1635 1647 1769 1887 2232 2401 2772 2841 3089
7256 : 1003 1362 1390 2019 2096 2210 2494 2499 2740 2851
7257 : 585 1066 1194 1392 1476 1835 1960 2108 2379 2471 2522 2556 2626 2849 2888
7258 : 1067 1740 2786
7259 : 2341
7260 : 630 892 1726 1906 2019 2145 2494
7261 : 1067 1926 2341
7262 : 1113
7263 : 1455 1544 1926
7264 : 1681
7265 : 1216
7266 : 981 1066 1514 1705 1856 1916 2480
7267 : 1936 2900 2920
7268 : 972 2950
7269 : 1735 1846 2106 2571 2895 3109
7271 : 2876 3076
7272 : 3021
7273 : 1434 2377
7274 : 2822
7275 : 2092
7276 : 1474 2437 2516 2560 2681 2836 3175
7277 : 1235 2383 2668 3002 3175
7278 : 241 492 1032 1170 1433 1514 1694 1870 1930 1997 2032 2139 2275 2471 2498 2560 2569 2668 2682 2720 2862 2885 2914 2990 3016
7279 : 1235 2891
7280 : 1973 2245 2905
7282 : 492 1973 2543 2991
7283 : 2016
7284 : 46 78 106 124 300 322 435 440 441 462 497 536 595 619 675 695 730 761 854 891 973 1014 1025 1026 1066 1072 1083 1087 1098 1110 1116 1134 1145 1147 1159 1161 1164 1169 1185 1199 1248 1260 1274 1325 1341 1365 1379 1388 1398 1408 1429 1433 1434 1435 1438 1439 1454 1473 1517 1518 1525 1529 1543 1549 1550 1552 1563 1566 1592 1595 1602 1605 1609 1610 1623 1651 1671 1692 1694 1708 1711 1724 1726 1746 1751 1769 1828 1844 1846 1875 1877 1886 1906 1911 1925 1932 1934 1939 1978 1999 2003 2015 2033 2077 2078 2091 2134 2142 2150 2164 2166 2195 2196 2198 2200 2207 2247 2265 2275 2281 2286 2287 2297 2342 2383 2436 2449 2451 2482 2484 2488 2492 2498 2519 2524 2537 2546 2554 2568 2570 2597 2598 2604 2605 2606 2610 2618 2619 2627 2643 2656 2657 2665 2666 2670 2686 2692 2702 2703 2706 2710 2715 2742 2745 2750 2753 2777 2794 2805 2812 2816 2833 2837 2840 2856 2883 2895 2900 2912 2920 2922 2925 2929 2946 2963 2967 2969 2971 2979 2980 2989 2993 3001 3008 3009 3015 3017 3018 3030 3040 3050 3057 3064 3078 3092 3095 3110 3118 3138 3147 3148 3175 3176 3198
7285 : 3200 3202
7286 : 3203
7287 : 46 104 329 409 441 675 693 724 727 755 822 824 851 944 1009 1034 1048 1049 1083 1087 1099 1116 1147 1167 1171 1186 1196 1206 1214 1238 1258 1278 1290 1341 1365 1387 1390 1394 1401 1435 1459 1462 1487 1503 1507 1515 1572 1588 1591 1602 1605 1625 1636 1651 1652 1653 1658 1673 1676 1709 1746 1754 1767 1769 1792 1809 1846 1901 1925 1933 1946 1948 1978 2000 2046 2091 2094 2152 2165 2169 2170 2189 2194 2196 2198 2217 2230 2265 2268 2285 2289 2300 2321 2341 2343 2354 2365 2389 2390 2407 2420 2482 2486 2499 2536 2538 2542 2567 2592 2598 2605 2616 2622 2631 2669 2701 2723 2750 2753 2772 2785 2794 2828 2836 2856 2868 2918 2932 2937 2956 2958 2989 2993 2999 3017 3018 3024 3035 3040 3050 3064 3076 3086 3092 3096 3099 3100 3101 3116 3120 3146 3160 3166 3194 3200
7288 : 2953
7289 : 1030 1359 2939 3133
7290 : 20 39 95 282 335 441 495 497 537 619 981 1010 1029 1135 1155 1167 1169 1180 1183 1260 1265 1279 1315 1326 1344 1351 1353 1363 1369 1387 1388 1399 1403 1404 1444 1488 1514 1527 1535 1536 1569 1590 1609 1632 1675 1679 1683 1684 1696 1706 1766 1825 1886 1907 1911 1928 1936 2004 2062 2076 2092 2093 2096 2112 2134 2146 2164 2175 2186 2188 2194 2215 2268 2314 2342 2377 2396 2400 2401 2438 2483 2514 2515 2569 2606 2628 2799 2848 2877 2929 2939 2945 2969 2970 2997 3015 3020 3042 3043 3069 3075 3077 3101 3138
7291 : 78 104 282 319 435 441 495 531 558 596 759 824 981 1003 1071 1234 1236 1237 1265 1267 1290 1421 1455 1457 1464 1588 1601 1609 1705 1706 1753 1768 1809 1886 1907 2017 2062 2092 2113 2152 2196 2275 2276 2307 2339 2374 2421 2561 2569 2645 2723 2753 2772 2812 2835 2889 3032 3067 3101 3104 3139
7292 : 585 1536 2916
7293 : 1805 2692
7295 : 2342 2850 2943
7296 : 78 103 278 531 533 630 637 861 894 1003 1013 1029 1047 1051 1135 1148 1159 1169 1180 1186 1236 1257 1398 1410 1439 1454 1475 1498 1524 1541 1543 1565 1587 1686 1698 1741 1748 1844 1847 1856 1959 1962 2060 2080 2105 2195 2204 2219 2227 2233 2254 2309 2342 2353 2370 2378 2401 2421 2451 2452 2480 2484 2535 2681 2687 2746 2753 2799 2812 2851 2876 2912 2920 2928 2951 3020 3031 3095 3103 3104 3112 3138 3140 3142 3145 3153 3164 3192
7297 : 850 1179 1591 1647 1706 1808 2105 2160 3120
7298 : 224 243 278 618 825 942 1098 1135 1145 1198 1272 1308 1385 1410 1458 1541 1587 1698 1706 1748 1749 1828 1846 1928 1960 2080 2150 2228 2307 2320 2327 2342 2371 2376 2378 2396 2522 2581 2740 2848 2895 2920 2922 2979 3039 3043 3072 3073 3078 3081 3127 3128 3141 3184
7299 : 40 104 185 252 409 414 527 533 605 617 670 696 731 825 849 855 865 972 981 1012 1066 1088 1108 1135 1161 1195 1196 1206 1225 1226 1233 1236 1252 1264 1272 1307 1309 1326 1350 1359 1393 1412 1424 1455 1456 1457 1465 1468 1470 1482 1485 1489 1519 1523 1542 1543 1544 1549 1550 1570 1588 1601 1603 1604 1614 1652 1665 1711 1719 1726 1745 1746 1752 1769 1807 1853 1855 1892 1929 1957 1959 2036 2051 2054 2092 2113 2152 2162 2178 2188 2195 2252 2262 2307 2313 2314 2370 2396 2401 2421 2453 2481 2534 2536 2664 2692 2723 2727 2746 2787 2829 2838 2874 2888 2893 2902 2906 2950 2967 2977 2980 2999 3024 3030 3045 3059 3066 3072 3087 3088 3091 3106 3112 3120 3129 3131 3137 3151
7300 : 1160 1505 1530 1565 1589 1613 1625 1665 1671 1742 1805 1811 1825 1852 1901 2054 2162 2175 2188 2202 2377 2438 2469 2497 2499 2536 2645 2723 2838 2918 2928 2973 3027 3039 3119 3153
7301 : 82 1025 1324 1389 1665 1680 1684 1811 1825 1852 1988 2128 2166 2497 2570 2714 2723 2859 3075 3156
7302 : 281 699 851 1001 1052 1166 1216 1264 1272 1354 1400 1613 1691 1700 1710 1767 1807 1891 1939 1974 1989 2002 2050 2065 2138 2200 2201 2217 2263 2317 2365 2669 2795 2821 2884 2897 2903 2943 2947 3018 3033 3070
7303 : 677 1003 1116 1223 1334 1415 1426 1518 1631 1665 1695 1855 1874 1886 1891 1937 1962 1988 2194 2217 2283 2379 2623 2645 2734 2786 2897 3103 3115
7304 : 533 637 677 861 1026 1029 1348 1564 1739 1855 1933 1939 2490 2515 2622 2786 2901
7305 : 861 1067 1265 1271 1456 1458 1475 1684 1929 1939 2004 2480 2683 2828 2994
7306 : 558 1423 1700 1998 2804 3075 3090 3116
7307 : 1012 1088 1168 1238 1365 1385 1416 1769 1926 2138 2145 2245 2314 2317 2864 2919 2921 2962 3027 3157
7308 : 1012 1569 1612 2015 2580
7309 : 1517
7310 : 2302 2314 3030
7311 : 1694 1873 2525 2557 3085 3116
7313 : 616 724 1099 1349 1381 1382 1628 2163 2309 2345 2480 2580 2810 2852 3003 3011 3022
7315 : 1908 3066
7317 : 2201
7318 : 595 3145
7319 : 251
7320 : 2962
7321 : 1517
7322 : 1554 2097
7323 : 1383
7324 : 2093
7326 : 46 68 71 202 251 252 272 278 320 396 537 585 619 678 699 726 728 796 822 824 825 847 854 856 865 891 941 964 971 1003 1012 1014 1033 1043 1050 1088 1113 1114 1134 1135 1145 1155 1158 1160 1165 1168 1173 1185 1186 1195 1235 1248 1257 1262 1264 1265 1305 1307 1315 1327 1334 1345 1352 1354 1368 1384 1388 1393 1394 1397 1400 1403 1410 1415 1417 1424 1427 1453 1460 1465 1468 1470 1471 1485 1487 1503 1506 1526 1535 1542 1543 1550 1553 1565 1589 1591 1603 1604 1605 1614 1616 1623 1625 1632 1641 1642 1647 1654 1657 1664 1674 1677 1678 1680 1684 1700 1727 1728 1738 1739 1751 1752 1768 1774 1788 1805 1806 1807 1809 1810 1811 1827 1829 1845 1855 1856 1868 1871 1878 1890 1901 1906 1912 1916 1926 1930 1931 1939 1947 1959 1962 1974 1977 2002 2031 2035 2051 2054 2080 2082 2096 2108 2111 2130 2145 2207 2210 2217 2227 2253 2262 2264 2265 2268 2285 2287 2297 2299 2314 2325 2345 2366 2368 2383 2399 2420 2423 2436 2450 2453 2456 2470 2471 2480 2481 2483 2499 2500 2518 2522 2534 2556 2561 2570 2582 2605 2609 2616 2645 2657 2668 2669 2682 2683 2688 2700 2701 2705 2709 2717 2718 2719 2730 2732 2746 2764 2795 2802 2812 2819 2820 2838 2850 2851 2855 2856 2858 2859 2862 2864 2865 2869 2870 2877 2886 2888 2896 2898 2899 2903 2919 2923 2928 2929 2930 2931 2938 2939 2943 2944 2945 2961 2969 2972 2989 3004 3005 3014 3023 3024 3030 3052 3055 3066 3069 3073 3080 3091 3094 3100 3104 3106 3112 3114 3121 3125 3130 3140 3142 3146 3147 3148 3154 3157 3170 3200 3203 3204
7328 : 1482 2314
7329 : 1741
7330 : 46 103 282 441 462 495 726 1253 1324 1502 1544 1622 1677 1706 1717 1723 2016 2274 2299 2341 2452 2606 2620 3101 3184
7331 : 272 396 630 728 1098 1213 1262 1282 1470 1570 1591 1602 1605 1727 1792 1878 2111 2155 2320 2343 2527 2651 2709 2730 2785 2833 2898 2940 3081 3091 3103 3150
7332 : 409 616 724 1740 1792 2082 2314 2584 2738 2820 3091
7333 : 46 71 92 104 252 300 322 397 409 435 497 558 585 595 616 637 644 655 679 682 691 695 724 730 796 867 891 949 972 990 1043 1045 1046 1066 1083 1084 1088 1098 1099 1113 1135 1171 1188 1216 1237 1247 1252 1253 1255 1261 1265 1278 1307 1315 1327 1348 1353 1365 1380 1381 1385 1389 1390 1391 1395 1397 1404 1421 1433 1454 1455 1457 1458 1459 1463 1470 1484 1485 1486 1488 1491 1530 1536 1550 1588 1591 1592 1602 1605 1612 1621 1623 1628 1632 1641 1650 1651 1658 1664 1677 1685 1693 1696 1700 1703 1706 1740 1747 1774 1781 1788 1811 1824 1834 1852 1854 1860 1870 1875 1885 1889 1892 1900 1902 1905 1908 1929 1945 1959 1977 1988 2053 2060 2065 2105 2110 2125 2127 2154 2155 2178 2180 2184 2192 2193 2198 2202 2226 2227 2252 2264 2265 2285 2305 2314 2316 2317 2324 2341 2370 2395 2480 2514 2518 2537 2541 2546 2556 2570 2592 2625 2645 2651 2684 2698 2701 2705 2716 2718 2730 2733 2738 2739 2744 2777 2785 2787 2802 2821 2842 2850 2856 2873 2883 2886 2887 2898 2899 2915 2919 2921 2922 2929 2937 2938 2939 2941 2943 2957 2959 2971 2979 2993 3002 3004 3030 3033 3046 3073 3077 3087 3091 3092 3094 3098 3099 3101 3102 3103 3105 3107 3113 3145 3148 3150 3185 3190 3192
7334 : 46 68 69 71 103 185 224 252 278 284 409 464 671 695 731 758 940 942 964 1001 1003 1013 1025 1028 1029 1053 1114 1135 1155 1160 1162 1166 1167 1172 1179 1180 1183 1195 1237 1247 1264 1270 1324 1347 1348 1350 1354 1390 1396 1454 1457 1459 1469 1471 1486 1489 1498 1503 1526 1603 1625 1626 1629 1647 1665 1674 1677 1680 1708 1713 1720 1728 1771 1797 1805 1827 1844 1845 1854 1862 1871 1884 1892 1923 1947 1948 2017 2036 2046 2053 2097 2130 2147 2151 2163 2164 2210 2268 2273 2314 2317 2320 2325 2326 2343 2345 2358 2365 2374 2378 2389 2407 2423 2439 2471 2514 2538 2616 2623 2644 2645 2646 2667 2669 2719 2732 2802 2812 2820 2823 2843 2850 2852 2856 2863 2864 2865 2871 2876 2896 2899 2902 2903 2907 2923 2929 2937 2939 2943 2969 2972 2989 2998 3000 3004 3005 3014 3024 3030 3031 3034 3052 3054 3059 3067 3069 3077 3080 3091 3103 3104 3110 3127 3130 3140 3144 3154 3157
7335 : 1295 1476 1769 1805 1862 2979 3193
7336 : 1412 3026
7337 : 3028
7338 : 3164
7339 : 2882
7340 : 1609 2534
7341 : 2493
7342 : 637 1034 1409 1515 1611 1723 2017 2180 2298 2357 2572 2740 2843 3146 3148 3188
7343 : 1891 2319 2572
7344 : 2019 2670 2692
7345 : 1382 1554 2231
7347 : 1735 2311 2919 3146
7348 : 1543
7349 : 2316
7352 : 1474
7353 : 679
7354 : 2307 3076
7355 : 2219 2233
7356 : 1386 2631 3014
7357 : 2705 2767 3068
7358 : 1465
7359 : 1134
7360 : 2046
7363 : 2274
7364 : 3087
7366 : 278 537 761 1386 1725 1834 1961 2042 2164 2217 2227 2264 2342 2470 2597 2657 2777 2804 2851 2865 2866 2896 2940 2943 2949 2958 2981 3008 3014 3079 3170
7368 : 1638 1834 2192 2342 2700 2851 2943 2972 2990 3014 3031 3140
7369 : 1347 1946 2049 2129 2523
7370 : 616 719 1282 1327 1425 1497 1811 1890 2053 2179 2603 2742 2816 2922 2966 3004 3064 3195
7371 : 1234 1381 2265 2308 2456 2557
7372 : 48 70 222 533 755 854 944 1026 1154 1200 1212 1223 1270 1282 1293 1364 1469 1518 1586 1604 1674 1698 1834 1874 1925 2092 2094 2160 2186 2229 2275 2287 2323 2326 2424 2457 2545 2547 2595 2700 2728 2779 2795 2802 2809 2865 2866 2870 2883 2907 2940 2945 2980 2991 3006 3068 3077 3100 3135 3150
7373 : 106 1420 1645 1892 1936 2109 2288 2438 2700 2889 2916 2970 3001 3006 3021 3052 3057 3112 3149
7374 : 1182 1514 3153 3157
7375 : 849 1525 1727 1956 2110 2388 2490 2513 2650 2701 2746 2847 3037 3112
7376 : 605 2604 3112
7377 : 990 1290 1476 1845 2203 2320 2343 2367 2372
7378 : 2572 3076 3102
7379 : 533 1696 3091 3125 3176
7380 : 380 644 721 794 855 950 982 1001 1006 1028 1050 1051 1116 1233 1265 1308 1421 1468 1514 1525 1526 1592 1614 1673 1691 1721 1747 1806 1871 1911 1931 1959 2032 2053 2108 2128 2130 2134 2160 2177 2196 2220 2307 2345 2400 2407 2450 2455 2479 2492 2518 2527 2542 2582 2593 2598 2657 2669 2688 2696 2704 2852 2874 2892 2915 2922 2944 2946 2988 2997 3015 3017 3043 3046 3071 3076 3094 3098 3100 3124
7381 : 71 397 2262 2594 2688 2704 2923
7382 : 2546 2598
7383 : 950
7384 : 1611
7385 : 670
7387 : 1415 2323
7388 : 2558 2620 3128 3182
7389 : 2046 2377
7390 : 1331 2868
7391 : 1471 1711 1747 1748 2377 2621 2626 2632 2840 2868 2876 3111 3128 3144
7392 : 2849 2892 2949
7393 : 3038
7395 : 2016 2065 2572 2715
7396 : 185 1475 2340 2376 2499 2850 2865 2866 2919 2945 2981 3014 3157
7397 : 728 1638 1710 1749 1788 1807 1936 2042 2083 2174 2179 2288 2337 2568 2697 2703 2740 2802 2821 2866 2880 2896 2945 3009 3103 3203
7398 : 693 724 1350 1824 2722
7399 : 2794
7401 : 1725 1946
7402 : 71 409 531 670 696 1003 1162 1264 1380 1433 1435 1458 1467 1566 1571 1601 1603 1646 1658 1674 1699 1705 1706 1748 1754 1807 1856 1869 1875 1923 1974 2003 2046 2082 2106 2138 2151 2175 2181 2219 2233 2305 2307 2322 2356 2357 2374 2398 2480 2482 2534 2536 2579 2626 2632 2634 2645 2686 2728 2750 2832 2848 2859 2893 2996 3000 3014 3049 3053 3086 3093 3105 3121 3133 3145 3146 3150 3166
7403 : 861 1029 1194 1195 1392 1425 1497 1505 1544 1602 1605 1705 1754 1811 1824 1889 1930 2034 2054 2106 2113 2114 2197 2219 2380 2390 2421 2499 2534 2592 2730 2822 2828 2849 2868 2871 2955 2979 2985 3012 3049 3065 3088 3103 3133 3182 3185 3197
7404 : 435 616 1226 1290 1381 1412 1432 1463 1502 1523 1671 1705 2035 2064 2198 2651 2684 2898 2931 2951 3026 3064 3068 3087 3104 3127
7405 : 68
7406 : 2192 2217 2337 2457 2700 2764 2850 2851 2865 2896 2907 3014 3031 3080 3104 3157
7407 : 3117
7408 : 1194 1487 1829 1902 1929 2201 2651
7409 : 409 1552 1745
7410 : 3008
7411 : 2572
7412 : 2483
7413 : 1635 2620
7414 : 3083
7417 : 2803
7418 : 1420 1691 1870 3115
7421 : 531
7422 : 1487 1699 2494 2519
7425 : 1247 1703 3076 3180 3181
7426 : 1531 3003 3022
7427 : 3021
7428 : 329 1046 1072 1567 1684 1703 1765 1784 1877 2000 2019 2147 2154 2198 2216 2305 2395 2450 2453 2517 2891 2914 2915 2936 2963 2990 3021 3107 3187
7429 : 1621
7432 : 2749 2811
7433 : 144
7435 : 964 1264 1700 3192
7436 : 1700
7438 : 2298
7439 : 1315
7443 : 2705 3099
7444 : 40 144 1046 1939 2202
7445 : 2922
7446 : 58 78 116 243 284 321 462 598 942 944 971 990 1046 1062 1083 1087 1108 1183 1196 1294 1326 1348 1366 1412 1474 1523 1530 1543 1553 1572 1649 1693 1710 1726 1742 1754 1767 1768 1770 1824 1827 1844 1879 1912 1924 1978 2016 2020 2180 2219 2226 2227 2252 2341 2367 2396 2398 2500 2501 2518 2567 2621 2651 2652 2707 2715 2717 2767 2808 2848 2868 2894 2918 2936 3078 3099 3103 3136 3138 3148 3191 3198 3199
7447 : 2561
7448 : 531 758 1134 1188 1650 1787 1962 2457 2538 3097
7449 : 1834
7450 : 1855
7451 : 1341 2106 2899
7452 : 2197
7453 : 719
7455 : 1098 1247 1787 1847 2061 2112
7456 : 2327
7458 : 1426 1433 1856 1868 2567 2709
7459 : 1327 2931
7460 : 48 1929
7461 : 2953
7463 : 2692
7467 : 2679
7469 : 1786 1875 2018 2109 2285 2395 2745 2770 2890
7470 : 1401
7471 : 1146 1273 1784 1858 2048 2354 2355
7472 : 1308 2827
7473 : 2019
7474 : 1099
7475 : 103 1976 2823
7476 : 1654
7477 : 675 1159
7478 : 3076
7479 : 1415 1705 1810 1930 2197 2687 2705 2708 2751 2968 3153
7480 : 2710
7481 : 1517 2560
7482 : 2750
7483 : 2467
7484 : 675 1928 1938 2188 2203 2750
7485 : 944 1035 1333 1345 1616 1637 1727 1750 2373 3094
7486 : 942
7488 : 964 1892 2170
7489 : 1472
7490 : 2827
7491 : 3033
7492 : 973 1278
7493 : 1401
7495 : 972 2160 2718 2722 2728 2968 3134
7496 : 1681 1976 2288 2307 2451 2452 2524 2561 2716 2728 2882 2990 3087
7498 : 598 670 942 1001 1408 1456 1527 1700 1783 1784 1788 1809 1811 1988 2092 2265 2396 2572 2893 2931 2961 2979 3163
7499 : 1160 2127
7500 : 2518 3092
7501 : 2518
7502 : 58 464 670 1049 1155 1324 1341 1413 1456 1527 1572 1698 2082 2127 2160 2342 2345 2470 2499 2705 2930 2931 2989 3076 3087
7503 : 1928 2535 2712 2866 2878 2891 2993 3027
7504 : 1408 1517 1518 1564 2188 2454 2712 2720 2970 2988 3059 3070 3119
7505 : 2878 2993
7507 : 1933
7508 : 2679
7509 : 1489 1767 1768 2169 3097
7510 : 1997 2679
7514 : 1859 1888
7515 : 335
7516 : 1862
7518 : 1292 1497 1975 2200
7523 : 3047
7526 : 1108
7527 : 96
7528 : 1636
7529 : 1066 2876 3195
7530 : 3203
7532 : 1630
7535 : 1143 1315
7536 : 1315 1427
7537 : 1315
7539 : 1003 2232
7540 : 615 1525 1593 2200 2267
7547 : 1413 2106 3076 3142
7548 : 1572 2181
7549 : 1341
7550 : 2499 3021
7555 : 670
7556 : 2609
7558 : 2317
7564 : 332 533 827 854 856 865 1013 1073 1153 1270 1293 1344 1420 1434 1631 1674 1691 1750 1786 1847 1885 1930 1939 1951 1997 2176 2233 2249 2261 2276 2421 2490 2516 2569 2570 2620 2628 2649 2679 2686 2722 2916 3097 3098
7566 : 104 1171 1935 2035
7567 : 298
7570 : 848 1262 1324 1440 1497 1588 1608 1665 1724 1844 1875 1892 1948 1956 2144 2179 2285 2308 2314 2375 2396 2592 2692 2828 2837 2979 3001 3025 3077 3078 3092 3095 3148
7571 : 2567 2620
7572 : 1672 2160 2699
7573 : 1695 2175
7575 : 644 1435 1517
7580 : 111 185 251 1003 1161 1197 1304 1314 1516 1695 1726 1769 2135 2547 2924 3134
7581 : 944 1199 1454 1638 2313 2369
7583 : 1474
7584 : 2592
7585 : 1891 2421 2674 2687
7586 : 20 825 1003 1267 1290 1408 1516 1652 1698 1769 1805 1806 2289 2483 2595 2620 2721 2893 2928 2996 3097 3117 3132
7587 : 1165 1280 1426 1726 1805 1962 2054 2620 2950 3072
7589 : 3010
7590 : 1171 1504 1844 1867 1956 2620 2697 2881 2911 3052
7591 : 319 951 964 1346 1351 1645 1722 2138 2164 2169 2229 2268 2286 2555
7592 : 1395 2930
7593 : 2020
7594 : 3052
7597 : 2197
7598 : 1427 2994
7603 : 2979
7604 : 1878 1936 3164
7605 : 1385 1908 3172
7606 : 479 3166
7607 : 1003
7608 : 3142
7609 : 1003 1962 3012
7610 : 1455 3196
7611 : 1315
7612 : 282 329 616 1108 1117 1223 1568 1741 1956 2146 2526 2687 2912 3145
7613 : 630
7614 : 321 1868 2684
7615 : 492 1237 1253 1710 2787
7616 : 1623 2390 2597 2946
7617 : 849 1002 1153 1432 1526 1591 2266 2289 2341 2592 2771 2787 3101
7619 : 860 1747 2146 2912
7620 : 1925
7621 : 1725
7622 : 1388 1665
7623 : 719 1937 1939 2106
7625 : 605 1035 1116 1169 1197 1408 1524 1536 1614 1679 1705 1707 1774 1946 1998 2214 2233 2263 2266 2438 2544 2682 2697 2738 2838 2859 2931 2950 2957 2969 3000 3047 3048 3054 3086 3140 3146
7626 : 2751
7627 : 1265 1408 2093 2254 2787 3075 3146 3152
7628 : 2765
7629 : 1049
7630 : 2423 2863
7631 : 278 2138 2876 2936 2939
7632 : 2469 2491
7633 : 409 558 1677 2406 2491 2592 2632 2682 2920
7635 : 2559
7636 : 3074
7637 : 1109 2494
7638 : 1612
7639 : 1853 2571
7640 : 1486
7641 : 1506 1751 2592 2779 2993
7642 : 1533 1658 1727 1855 2546 2650 2998
7643 : 2186 2860 2864
7644 : 1279 1426 1626 2211 2683 2937 3121 3204
7645 : 2938 3077 3079 3143 3145
7646 : 1159 1770 2307 2316 2479 2542 2719 2734 3023
7647 : 1415
7648 : 1487
7651 : 950
7652 : 2036 2219 2228
7653 : 48 531 696 972 1935 2219 2355 3049
7654 : 48 2376
7655 : 3050
7656 : 1476 2215 2376 2849
7657 : 116 497 679 1046 1051 1066 1121 1254 1278 1294 1333 1516 1620 1722 1754 1781 1931 1960 2323 2450 2598 2619 2669 2709 2837 2906 2923 2999
7658 : 414 867 942 1012 1028 1696 1751 1891 1907 2000 2193 2226 2373 2517 2625 2670 2847 2881 2892 2930 2979 3098 3187
7660 : 1645 2649
7661 : 492
7664 : 2833
7665 : 2723 3112
7666 : 2833 2944
7668 : 462 619 1170 1265 1314 1399 1527 1590 1902 2054 2112 2195 2215 2232 2287 2402 2794 2811 3165 3183
7669 : 2195 3203
7670 : 981 1358 1590 2310 2581 2913 3030 3179 3194
7671 : 1265 1527 1787 2698
7672 : 1787
7673 : 405 1915 3033
7674 : 322 1825 2195 2922
7676 : 2747
7677 : 2276
7678 : 254 1001 1659 1771 1927 2181 2479 2538 2776 3130
7679 : 68 111 1631 1705 1845 2232 2479 2584 2810
7680 : 2252
7681 : 1179
7684 : 891
7685 : 2321
7686 : 2434 2922
7687 : 1184
7688 : 2231 2305
7689 : 2231 3177
7690 : 1443 1686 2231 2925
7691 : 2142 3015 3114
7693 : 850
7694 : 282 396 696 850 851 854 856 892 1711 1855 1902 2114 2201 2203 2288 2359 2722 2848 2860 2866 2926 3002 3084 3088 3129
7696 : 675 825 1590 1827 1974 2622 2996
7697 : 2016 3076
7698 : 236 440 492 531 619 696 850 851 856 865 892 1195 1271 1315 1637 2114 2203 2304 2359 2451 2496 2728 2881 2926 2941 3044 3101 3105
7700 : 1935 2753 3045
7701 : 1591 1878 2901
7702 : 1551 2838 3015 3093
7703 : 1878
7704 : 332 695 1025 1549 2708 3093
7705 : 2823
7706 : 2737
7708 : 243 726 867 1146 1721 2134 2211 2631 2696
7709 : 964 1334 2354 2410 2487 2779 2955
7710 : 1392
7711 : 1186 1234 1972 2903 2953 3020 3080
7712 : 224 527 941 1002 1012 1025 1098 1154 1180 1234 1247 1411 1453 1768 1887 2129 2148 2210 2301 2326 2457 2470 2780 2828 2835 2903 2907 2953 3053 3069 3094 3101 3104 3124
7713 : 1223 2189 2192 2210 2997
7714 : 3012
7717 : 1306
7718 : 2434
7720 : 2300
7722 : 396 1066 1147 1206 1434 1516 1535 1879 2033 2128 2176 2207 2366 2388 2487 2524 2633 2643 2674 2697 2820 2991 3005 3036
7723 : 497 1072 1915 1946 2113 2125 2219 2273 2283 2421 2484 2821 2925 3036 3042 3078 3091 3096 3112 3157
7724 : 405 1110 1725 1934 1958 2130 2216 2554 2839 2862 2927 2970
7725 : 2701 2877
7726 : 1280 1326 1543 1641 1807 2265 2554 2603 2664 2680 2726 2728 2742 2882 2918
7727 : 637 1224 1429 1641 1679 1928 2033 2061 2263 2554 2706 2707 2787 2904 2970 3002
7728 : 1491 2216
7729 : 1172
7730 : 48 1454 1976 2046 2728
7731 : 1155 1807 2288 2579 2801 2971 3125
7735 : 983
7736 : 2692
7737 : 1523 1878 2692
7739 : 2164
7741 : 531 2313 2669 2794
7742 : 106 116 397 1226 1258 1404 1774 1868 2060 2106 2339 2402 2595 2632 2669 2822 2833 2857 2862 2864 2881 2888 2944 2966 2996 3006 3012 3052 3053 3057 3067 3069 3087 3112 3120 3172
7743 : 2373 2833 2857 2862 2864
7744 : 241 1456 1753 1807 1916 1945 2060 2194 2367 2373 2377 2669 2857 2859 2884 3003
7745 : 1412 1470 1485 2377 2928
7747 : 278
7748 : 116 1469 1676 1764 3060
7749 : 1470
7750 : 2911
7751 : 2402
7752 : 2204 2354 2802 2905
7753 : 1713 2679
7754 : 2716
7755 : 2923 3076
7756 : 3047
7757 : 144 2834 2888
7758 : 68 1134 2216 2218
7759 : 3047
7761 : 1974
7763 : 2802
7764 : 1891 3097
7765 : 670
7766 : 1877
7767 : 441 1160 1341 1548 1946 2053 2147 2274 2366 2500
7768 : 1003 1272 1630 2184 2342 2807 2810 3133 3154
7769 : 695 1362 2204 2401 2538 2730 2776 3133
7770 : 1309 2060 2401
7772 : 2970
7774 : 2314 2741
7775 : 1430 1473 1630 2523 2547 2604 2610 2980 3165
7776 : 2181 2197
7777 : 1048 1726 2320 2523 2829 2904 2980 2987 3165 3172 3200
7778 : 531 796 1535 1807 2579 2928 2989 3115
7779 : 1184 1409 1549 2989 3087 3097
7780 : 3047
7781 : 536 1171 1709 2217 2395 3091 3190
7783 : 1453 1665 1739 1906 2051 2650 2838 2921
7784 : 2998
7785 : 2998
7787 : 670
7788 : 3153
7789 : 670 1711 3183
7790 : 1315
7791 : 2186
7792 : 3182
7794 : 1099
7797 : 2097 2542
7798 : 2424
7803 : 3195
7805 : 2033
7806 : 1747
7807 : 2569 2695 2847 3046 3107
7809 : 724 1026 1051 1116 1382 1471 1503 1856 2955 3142
7810 : 68 951 1031 1154 1173 1344 1359 1400 1401 1458 1703 1726 1781 1874 1907 1945 1961 2051 2106 2167 2345 2354 2407 2485 2487 2705 2748 2751 2806 2950 3040 3076 3078 3091 3130 3182
7811 : 1637 2851
7812 : 670 973 1194 1382 1518 1664 1711 1806 1825 1856 1887 1925 1961 2227 2232 2595 2622 2682 2709 2795 2990 3034
7813 : 124 464 536 849 850 1170 1211 1649 1752 1961 2032 2052 2060 2134 2195 2210 2288 2302 2354 2373 2645 2769 2779 2901 2981 3011
7814 : 1033 2092 2710 2715 2716 3087 3100
7815 : 2710
7816 : 949 990 1135 1326 1456 1469 1836 2046 2187 2265 2313 2340 2484 2515 2699 2739 2883 2955 2957 2986 3143 3148
7817 : 1261 1491 1748 1892 1975 2229 2253 2302 2369 2420 2794 2850 2957 2985 3018 3065 3087 3091 3117 3128 3133
7818 : 759 1034 1412 1486 1710 1874 1901 2187 2245 2252 2369 2619 2721 2780 2877 3069 3102 3124 3136
7819 : 96 796 963 1143 1354 1529 1530 1664 1697 1735 1752 1932 2048 2051 2144 2166 2194 2195 2233 2245 2246 2283 2499 2526 2628 2698 2709 2734 2749 2768 2828 2832 2859 2886 3056 3074 3076 3094 3128
7820 : 2165
7821 : 3015
7822 : 1888 3015 3132
7823 : 3015
7824 : 2700 3110
7825 : 1936 2701
7826 : 2911
7827 : 2911
7828 : 2817
7829 : 1392 1529
7830 : 1032
7831 : 222 964 1032 1155 1171 1271 1487 2050 2095 2138 2367 2383 2622 2728 2808 2898 2990
7832 : 671 1206 1270 1465 2918 2937 3030
7833 : 440 1066 1182 1411 1703 1743 1844 1907 2380 2581 2704 3068 3089
7834 : 3177
7835 : 1145 1236
7836 : 1135 2220 2537
7837 : 1603
7838 : 1680
7839 : 1257 1587
7840 : 1853
7841 : 2723
7842 : 1523
7844 : 536 2389 3139 3158
7845 : 1703
7846 : 675 724 2046 2288 2317 2705 3046 3053
7847 : 1257 1295 1497 1946 2200 2378 3021
7848 : 2447
7849 : 1117 1235 1386 1531 2367 3041 3177
7850 : 2276 2369 2931 3182
7852 : 92 2534 2820
7853 : 1847 2669
7854 : 949 1348 1463 1502 1764
7855 : 2753
7857 : 2594
7858 : 1307
7862 : 696 972 1506 1534 1544 1681 1682 1699 1829 1844 1889 2439 2501 2536 2948 3204
7863 : 696 698 1544 3174
7864 : 2751 2799 2801 2953 3020
7865 : 1223 1769 1807 2376 2991
7866 : 761 1134 1692 2652 2898
7867 : 1035 2001
7868 : 1609 2652 2692
7869 : 655 1253
7870 : 2841
7871 : 670 2829
7873 : 1696
7876 : 2307 2493 2816 3152
7878 : 2816 2833 3152
7879 : 3152
7880 : 2493 2816
7881 : 2681
7882 : 2534 3045
7883 : 2456
7885 : 2499
7886 : 241 941 1594 2866 2912
7887 : 1630 2372 2923 3157
7888 : 1002 1697 2396 2497 2699
7889 : 396 2492 2692
7890 : 717 1433
7891 : 1225 1946 2732 2747
7892 : 1013
7893 : 3014
7895 : 1976 2857 3192
7896 : 950 1134 1200 2420
7897 : 1180 1395 1638 1728 1884 2668 2767 2862 2863
7898 : 3048 3060
7899 : 718 2002 2929
7900 : 2245
7901 : 1632
7902 : 1650
7905 : 146 254 321 329 462 616 637 724 1051 1236 1238 1325 1349 1416 1476 1659 1765 1771 1846 1927 2046 2048 2181 2198 2226 2283 2380 2522 2527 2777 2852 2930 2979 3099 3130 3160 3184
7906 : 1062 1315 1445 1946 2188 2998
7907 : 531 1238 1428 2396
7908 : 464 531 675 972 1272 1309 1518 1862 2197 2911 2959 3050 3117
7909 : 1699
7910 : 248 1425 1541 1568 1630 1634 1805 1856 1916 2113 2252 2389 2515 2682 2931 2979 3036 3094 3172
7911 : 40 284 759 1062 1135 1152 1326 1362 1394 1503 1630 1634 1676 1677 1843 1853 1855 1909 1915 1924 1934 2046 2059 2105 2137 2138 2248 2320 2451 2486 2487 2494 2547 2625 2633 2668 2692 2702 2739 2753 2787 2794 2795 2826 2851 2883 2920 2924 2937 2940 2984 2987 2998 3040 3041 3115 3116 3133 3164
7912 : 2078
7913 : 144 1098 1457 1602 1924 1989 2177 2525 2753 2794
7914 : 1754 2572 2682
7915 : 3160
7916 : 224 717 1135 1295 1362 1427 1517 1630 1828 1836 1890 1916 1925 1934 2059 2177 2200 2268 2297 2372 2451 2484 2668 2692 2720 2744 2769 2801 2827 2841 2862 2883 2902 2924 3116 3175
7917 : 615 678 1483 1496 1695 1854 1856 1889 1934 2547 2645 2794 2819 2850 2987 3021 3094 3109 3165 3175
7918 : 616 1113 1476 1489 1527 1571 2186 2275 2827 2972 3163
7920 : 2822
7921 : 1747
7922 : 2669
7923 : 92
7924 : 675 1726
7925 : 1163
7926 : 1162 1165 1486
7928 : 2742
7929 : 1236 1681 1877 1879 1937 2375 2378 2596 2734 2817 3002 3097 3164
7930 : 619 1527 1543 1664 1705
7931 : 1434 3134
7932 : 1083 1271 1879 2596 2628 2680 2730 2798 2911 3000 3002 3087 3164
7933 : 799 1145 1351 1402 1423 1441 1457 1462 1470 1620 1643 1679 1738 2092 2105 2127 2130 2263 2289 2321 2341 2344 2354 2421 2438 2453 2497 2500 2622 2683 2766 2767 2799 2821 2826 2833 2838 2973 3024 3077 3125 3163 3181 3201
7934 : 241 251 252 320 322 441 492 617 696 698 860 861 941 942 1025 1051 1113 1146 1161 1163 1166 1170 1172 1188 1272 1281 1307 1315 1347 1379 1462 1497 1535 1542 1564 1587 1602 1609 1630 1741 1810 1825 1847 1875 1886 1924 1936 1976 2030 2033 2054 2062 2145 2166 2177 2181 2203 2286 2314 2343 2354 2357 2380 2390 2421 2424 2455 2499 2515 2524 2526 2557 2567 2580 2606 2619 2620 2627 2680 2687 2692 2697 2710 2715 2726 2742 2834 2855 2862 2885 2889 2921 2925 2928 2970 3032 3042 3047 3072 3084 3091 3096 3111 3112 3118 3129 3157 3201
7935 : 981 1238 1347 1470 1497 1709 2175 2374 2801 2846 2898 2927 2928 2988 3024 3097 3134
7936 : 46 630 1088 1135 1188 1215 1238 1308 1384 1459 1476 1504 1516 1627 1651 1652 1658 1844 1930 2078 2080 2166 2186 2188 2276 2297 2314 2421 2628 2666 2674 2704 2812 2839 2846 2870 2902 2928 2988 3000 3033 3046 3098 3112 3204
7937 : 144 1071 1166 1181 1274 1309 1332 1410 1503 1504 1589 1609 1613 1709 1717 1728 1740 1807 1856 2076 2106 2146 2162 2249 2261 2263 2354 2355 2438 2490 2492 2513 2534 2554 2625 2650 2669 2679 2695 2712 2714 2727 2747 2748 2799 2817 2838 2857 2890 2931 2944 2997 3002 3036 3047 3054 3071 3075 3112 3125 3128 3171 3176
7938 : 40 95 1028 1186 1381 1434 1457 1602 1650 1653 1674 1709 2354 2439 2738 2884 3069
7939 : 1238
7941 : 3081
7942 : 1906
7943 : 1726
7944 : 2559
7945 : 2559
7946 : 1591
7947 : 1680
7948 : 236 440 585 1010 1194 1324 1409 1427 1456 1571 1695 1699 1765 2097 2127 2166 2298 2522 2645 2708 2882 2932 2951 2961 2979 2985 3022 3035 3091 3100 3111 3179 3181 3182 3183
7952 : 2921 3053
7953 : 619
7954 : 619 1624 1719
7955 : 2421
7956 : 695 1314 1718 2887 2901
7957 : 3129
7958 : 2864 2911
7959 : 2434
7960 : 1829 2033 2680 3067
7961 : 2180
7962 : 1647 2358
7963 : 1359
7964 : 1267 2807
7965 : 2018 2109
7966 : 1874 2109
7967 : 1740
7968 : 2145
7969 : 1726 2217 2794 2876 2913
7970 : 2828
7971 : 1906 2733
7972 : 322 1401 1906 2265 3076
7973 : 2396
7974 : 1167 1959 2053 3087
7976 : 796
7977 : 1505 1506 1751 1752 1877 2080 2128 2141 2181 2219 2228 2450 2482 2485 2499 2500 2541 2597 2753 2951 3048 3072 3088 3117
7978 : 1591 1680 1862 1877 1938 2020 2054 2202 2297 2320 2499 2500 2522 2951 3092
7979 : 185 278 670 1001 1265 1326 1652 1855 1936 2019 2095 2126 2127 2145 2198 2308 2319 2342 2526 2554 2610 2628 2632 2795 2856 2863 2869 2885 2915 2990 3005 3022 3041 3134 3185 3195
7980 : 1066 1282 2321
7981 : 1421 1946 2366 2807
7982 : 1572 1829 2715 3013
7984 : 696 1002 1010 1413 1435 1829 2036 2188 2499 2561 2674 2716 2720 2721 2951 2988 3088 3089 3153
7985 : 1412 1487 2054 2339 2451
7986 : 2321 2367
7987 : 417 1462 1476
7988 : 1862 3158
7989 : 1238 3181
7990 : 1534 2700
7991 : 1433
7992 : 2889
7993 : 1712
7994 : 851 1154 1589 2152 2870
7995 : 243 1198 1706 1939 2064 2111 2252 2396 2546 2594 2646 2840 3042 3057 3110 3196
7996 : 1978
7997 : 1806 1936 2064 2594 2701 2766 2839 3110
7998 : 278 321 1035 1307 1939 2130 2619 2739 2777 3125
7999 : 2956
8000 : 1307
8001 : 2582
8003 : 2388 2889
8004 : 1745 2388 2455 2582 2717
8005 : 3042
8006 : 1548 3021
8007 : 462 677 1099 1115 1117 1197 1216 1230 1307 1383 1433 1434 1453 1595 1645 1707 1879 1900 1915 2046 2153 2154 2215 2220 2594 2598 2603 2622 2649 2665 2709 2801 2848 2867 2890 2897 2980 3006 3008 3020 3021 3045 3070 3080 3163 3174 3204
8008 : 1172 1348 1946 2580 2656
8010 : 1908 2154 2497 2993 3202
8011 : 396 495 1456 1572 1692 1695 1699 1869 1891 2000 2053 2082 2179 2202 2214 2297 2389 2492 2523 2651 2669 2687 2928 2937 2956 2968 2971 3015 3056 3101 3182 3190
8012 : 335 464 616 617 637 675 892 893 894 950 964 1003 1009 1013 1051 1135 1143 1147 1148 1169 1199 1216 1224 1271 1292 1308 1309 1333 1346 1359 1404 1409 1423 1433 1453 1517 1533 1542 1550 1551 1566 1595 1604 1605 1631 1636 1637 1638 1720 1752 1766 1792 1805 1879 1886 1888 1892 1902 1908 1928 1931 1932 1948 1956 1957 1978 2017 2054 2060 2077 2081 2094 2095 2097 2134 2167 2176 2200 2203 2215 2216 2220 2232 2263 2272 2283 2285 2286 2298 2300 2339 2344 2353 2357 2375 2390 2434 2447 2455 2457 2484 2519 2522 2524 2525 2535 2556 2560 2582 2596 2598 2619 2620 2622 2627 2628 2631 2634 2645 2652 2667 2697 2702 2709 2711 2720 2770 2776 2801 2809 2811 2823 2859 2863 2864 2883 2889 2890 2892 2899 2905 2906 2911 2926 2929 2945 2950 2955 2966 2970 2972 2977 2985 2989 3000 3012 3016 3020 3022 3035 3048 3054 3065 3066 3078 3080 3086 3092 3096 3117 3134 3142 3147 3153 3160 3163 3175 3195
8013 : 1591
8014 : 1645
8015 : 1434 1476 1886
8016 : 2643 2922 2971
8017 : 2047
8019 : 2438 3067
8021 : 1612
8023 : 440 619 655 891 892 944 1032 1194 1236 1271 1359 1415 1457 1506 1514 1527 1627 1681 1699 1700 1711 1725 1935 1937 2082 2114 2140 2160 2288 2307 2314 2388 2451 2455 2501 2516 2519 2561 2711 2795 2832 2846 2882 2905 2947 2978 2990 3012 3067 3134 3163
8025 : 619 1236 1695 1725 1976 2114 3084 3095
8026 : 619 2307 2388 2722 2905
8027 : 2967
8028 : 409 1032 1527 1929 2543 2978 3084 3135
8030 : 1549
8032 : 2421
8033 : 2893 2998 3021 3048 3136
8034 : 1884 1900 2154 2181 2721 3021 3181
8035 : 3021
8036 : 2951 3016 3144 3177
8038 : 1223 1884 2189 2786 3032 3065
8040 : 2801 3074
8041 : 2365
8043 : 40 890 1654 1658 1781 1806 2198 2232 2709
8044 : 332 1194 1353 1385 1431 1525 1549 1653 1654 1785 1846 2127 2401
8045 : 2406 2433 2709 2915
8046 : 3138 3189
8047 : 3074
8048 : 1001 1071 1711
8049 : 761
8050 : 2889
8051 : 2496
8053 : 1032
8054 : 1117
8055 : 1117
8056 : 282
8057 : 1307 1399 2030 3157
8058 : 1468
8064 : 1741
8073 : 1738
8074 : 1703
8075 : 2310
8076 : 1421 1491 1961 2622
8079 : 2377
8080 : 2377
8084 : 536 1014 1433 2537 3182
8085 : 2920 2979
8087 : 2621
8091 : 2721
8093 : 1890
8105 : 3177
8119 : 982 1541 1542 1653 1678 1788 1945 2163 2197 2307 2310 2390 2958 3012 3140 3142
8120 : 2810 3035
8124 : 2233
8130 : 1590
8131 : 848 1031 1420 1440 1495 1524 1601 1615 1932 1933 1999 3058
8133 : 111 380 1031 1047 1567 1633 1790 1956 2544 2800
8134 : 2189
8146 : 619
8147 : 2369
8148 : 1554 1594 1741 1891 2628
8149 : 695 1369 2369 3097
8150 : 2218 2646
8151 : 1369
8155 : 1098 1410 2669 2905
8156 : 1915 2485 2526 2697
8157 : 731 2525 3130
8158 : 981 1292 1497 1784
8159 : 981 1273 1783 1879 1998 2267
8160 : 1197 1351 1474 1524 2649
8161 : 1705 2580
8164 : 1906
8165 : 2890
8166 : 185 282 855 858 990 1053 1196 1216 1230 1549 1622 1651 1829 1893 2095 2567 2648 2767 3203
8167 : 70 272 980 1165 1282 1433 1470 1552 1620 1738 1768 1854 1959 1978 2217 2368 2542 2739 2924 2936 3199 3201
8168 : 1906 2196 2890 2973 3032
8170 : 558 1651 1744 1905 2289 2372 2557 2695 3008 3138
8181 : 1247 1726
8183 : 224 282 941 1216 1354 1395 1563 1671 1672 1784 1868 1879 1911 1989 2093 2210 2263 2273 2342 2423 2514 2712 2751 2885 3113
8184 : 320 440 670 1083 1170 1172 1235 1307 1350 1390 1399 1469 1487 1489 1491 1527 1671 1684 1770 1784 1828 1834 1855 2048 2135 2148 2263 2273 2274 2342 2372 2420 2453 2480 2580 2644 2668 2726 2733 2786 2848 2860 2866 2884 2886 2940 2943 2981 3094 3113 3149
8186 : 185 272 1112 1155 1165 1179 1234 1354 1475 1506 1519 1550 1591 1622 1700 1727 1844 1884 1902 2168 2169 2297 2314 2365 2376 2723 2820 2968 3050 3144 3187
8189 : 123 380 1143 1145 1172 1519 1884 1931 2034 2035 2376 2500 2719 2722 2749 2903 2920 2953 2963 2989 3127 3162
8190 : 298 300 396 537 637 1238 1550 1811 1902 2004 2061 2110 2111 2438 2513 2887 2937 3129
8206 : 2406
8209 : 2471
8214 : 1469
8215 : 2320 2920 3172
8217 : 1877 3158
8218 : 2920
8223 : 1572
8225 : 724
8229 : 2019
8230 : 2196
8231 : 1463
8239 : 1637 1681 1901 1927 1946 2050 2062 2546 2819 2821 2864 2930 2996 3000 3073 3138 3145 3147
8240 : 1590 2913 3166 3167
8241 : 1962 2383
8242 : 1435 1765 1782 1962 2062 2276
8260 : 1113 3047
8262 : 1238
8263 : 724
8264 : 1410 1810
8265 : 1010 1159 1238 1315 1325 1410 1464 1524 2046 2094 2216 2433
8266 : 2851
8267 : 972 1088 1271 1888 2524 2687 2980 3200
8268 : 1359 1609 1939 2657 2817 3024
8269 : 95 971 1622 1976 2174 2410 2451 2595 2651 2666 2800 2845 2890 3067
8270 : 1586 1627 1976 2210 2538 3095
8273 : 3089
8277 : 1259 1685 2354 2525
8278 : 1564 1879 2989 3103
8280 : 144 1051 1088 1869 1997 2081 2111 2537 3080
8281 : 558 671 1117 1525 1924 2365 2598 2652 2697 2929 3020
8282 : 536 2931
8283 : 1470
8289 : 1417 1572 1675 1929 2105 2127 2401 2500 2518 2536 2592 2882 2979 3002 3076
8291 : 1067 1568
8292 : 111 1525 2002 3138
8294 : 1072 1223 1327 1358 1427 1825 2211 2398 2421 2674 2687 2742
8295 : 1807 2211
8296 : 1544 2370
8297 : 329 1427 2370
8298 : 1032 1108 2287 2370 2742
8299 : 1427 1651
8301 : 2882
8305 : 2151
8306 : 2828
8307 : 2751
8316 : 185 1008 1434 1540 1609 1960 2496 2767 2813 2817
8317 : 1194 1609 2052 3064
8318 : 2228 2950
8319 : 2950 3072
8320 : 1609 2413
8321 : 185 1008 1013 1434 1603 1609 1611 1713 1748 1752 1959 2052 2080 2128 2189 2196 2209 2219 2245 2320 2344 2375 2450 2500 2535 2541 2568 2570 2628 2767 2866 2891 2936 2950 3064 3072
8326 : 2953
8327 : 106 272 536 661 892 1045 1084 1145 1147 1197 1212 1281 1326 1401 1408 1468 1497 1523 1544 1626 1641 1743 1854 1890 1902 1907 1958 1972 1976 1999 2151 2202 2253 2277 2301 2343 2354 2355 2369 2410 2451 2494 2497 2622 2625 2708 2747 2768 2815 2827 2833 2886 2901 2949 2950 2980 3005 3058 3071 3081 3093 3133 3152 3174 3175
8328 : 405 1211 1722 1878 2200 2233 2343 2383 2493 2514 2558 2625 2798 3177
8342 : 2398 2568 2787 3077
8343 : 2197
8363 : 1381 1654 1659 1771 1862 2187 2310 2538 2823 2899 2962 2985 3003 3010 3022 3130 3140 3160
8364 : 1384 1398 2142 2390
8365 : 679 730 1008 1010 1210 1364 1384 1507 1809 1868 2925 2971 3015 3024
8366 : 1391 1571
8367 : 1769 2367 2519
8368 : 1348 1467 1628 1697 1747 2035 2308 2311 2874 2886 3182
8369 : 3145
8370 : 619
8373 : 2692
8375 : 2730
8378 : 2035
8382 : 1945
8383 : 693 849 944 1115 1145 1155 1194 1236 1433 1699 1700 1786 1935 1936 1961 2018 2093 2109 2217 2251 2288 2307 2389 2451 2524 2581 2598 2722 2746 2753 2828 2832 2839 2883 2885 2889 2916 2922 2947 2966 2968 2969 2978 2991 3033 3040 3041 3057 3084 3095 3109 3133 3135 3143 3147 3163
8385 : 849 1390 1739 2307 2885
8386 : 1699
8387 : 2018 2885 2916
8388 : 440 849 1032 1270 1324 1398 1524 1721 1936 2113 2215 2483 2524 2547 2966 3041 3058 3087 3135 3172 3176
8391 : 2483
8392 : 39
8393 : 1271 1642 1976 2033 2356 2358 2398 2526 2593 2860 2991
8394 : 2682
8395 : 2622
8396 : 1711 2622 3021 3111
8397 : 2786
8398 : 202 319 533 1350 1434 2150 2181 2198 2316 2366 2556 2766 3023
8399 : 2924
8400 : 202 1164 1262 1540 1726 1770 2919 2924
8401 : 2632 2869 2870 2945 3021 3068 3158
8402 : 3177
8403 : 531 2233 2372 2869 2870 2945 3021 3068 3111 3158 3174 3177 3182
8407 : 1956 2176 2375 2891
8408 : 2233
8409 : 1517 2176 2716
8410 : 2932
8411 : 724 1324 1856 2127 2606 2705 2839
8413 : 2106
8414 : 1497 1879 2095 2130 2498 2625 3115 3165
8415 : 1523 1626 1726 1727 1753 1916 2130 2358 2377 2980
8417 : 1497 1890 2128 2358
8418 : 71
8419 : 367 497 867 1158 1173 1471 1497 1506 1527 1632 2095 2218 2358 2498 2625 2864 3067
8422 : 1162 2629
8423 : 1143 1415 2274 2784 3111
8424 : 2629
8425 : 146 615 1108 1487 1552 1604 1647 1741 1977 2180 2367 2437 2452 2610 2856 2911 3036 3179
8426 : 282 892 1517 2188 2200 2344 2390 2434 2484 2493 2737 2860 3036 3095
8427 : 103 243 558 854 890 1013 1033 1098 1186 1226 1279 1326 1875 1877 2188 2207 2375 2437 2514 2518 2537 2621 2622 2634 2765 2784 2802 2812 2837 3002 3103
8428 : 2135
8429 : 1309 1350 2483 2753 3095 3141
8430 : 2826
8431 : 1989 2753
8433 : 1307 1590 2215
8438 : 1167 1496 1824 1989 2050 2092 2127 2148 2274 2396 2699 2764 2820 2842 2886 2980 3045 3121 3133
8439 : 1425 2931
8440 : 949 1323 1358 1471 2111 2112 2155 2178 2326 2470 2703 2842 2870 2886 2945 3077 3188
8441 : 2740 2777
8442 : 2597 2740
8444 : 2153
8446 : 1774
8447 : 2516
8450 : 1409
8452 : 3188
8453 : 3188
8455 : 972
8456 : 2376
8457 : 2376 2798
8460 : 693 1474 1623 1693 1843 1951 2081 2252 2451 2535 2581 2668 2753 2865 2891 2905 3081 3096
8461 : 972 1143 1273 1805 2049 2112 2283
8463 : 1347
8466 : 982 1012 1170 1350 1527 1768 1855 2113 2739 2795
8467 : 1170 1265 1324 1415 1487 1527 1787 1855 1856 1939 1989 2274 2396 2546 2703 2739 2795 3094
8469 : 2712 3132
8470 : 1235 1347 1471 1535 1650 1750 1811 1846 1879 1889 1891 2018 2051 2227 2670 2902 2919 3101
8471 : 96 2065 2194 2670 2892 3154
8472 : 695 1516 2198 2692 2798 2801 2815 2924 2925 3032
8473 : 2957 3132
8474 : 1514 1742 1891 1928 2541 2883 2977
8479 : 224 278 851 858 940 1031 1088 1109 1236 1279 1359 1491 1590 1605 1638 1665 1867 1874 1886 1911 1945 1946 2034 2047 2054 2081 2125 2185 2201 2204 2233 2456 2496 2497 2692 2826 2868 2891 2897 2901 2963 2971 2991 3015 3100 3115
8480 : 865
8481 : 3128
8482 : 1084 1188 1279 1691 1696 1824 1874 1916 2081 2201 2342 2383 2557 2771 2901 2963 3164
8483 : 865 1824 1886 2202 2898 3113
8485 : 78 320 1261 1435 1475 1749 1846 2062 2215 2359 2516 2560 2740 2866 2885 2898 2938 2970 2991 3039 3058 3073
8486 : 185 661 1062 1108 1853
8488 : 796 950 1409 1928 1936 2289 2557 2925 3097 3129
8489 : 1410
8491 : 675 893 974 1029 1109 1110 1134 1148 1161 1163 1195 1214 1346 1366 1388 1390 1474 1495 1679 1710 1879 2181 2229 2276 2410 2555 2606 2734 2961 3026 3201
8493 : 205 321 1158 1194 1247 1262 1288 1391 1524 1854 2020 2096 2200 2451 2484 2499 2692 2704 2754
8494 : 441
8495 : 2535
8497 : 462 1380 1412 1456 1543 1741 1844 2201 2372 2480
8498 : 670 1194 1238 1745 1771 1862 1889 2046 2219 2380 2604 2720 2894 2902 2948 3119 3130 3153 3182
8499 : 1604
8500 : 531 1247 1703 1745 2197 2985 3035 3180
8502 : 2604
8503 : 2204 3025
8506 : 70 71 94 95 144 205 265 278 298 320 322 396 527 536 615 717 731 942 981 1012 1013 1025 1026 1030 1062 1135 1166 1169 1172 1186 1188 1214 1255 1259 1261 1271 1279 1307 1326 1327 1362 1403 1421 1425 1491 1504 1527 1595 1603 1605 1622 1630 1652 1685 1698 1705 1706 1751 1770 1782 1847 1854 1875 1886 1888 1900 1931 1936 1957 1988 2017 2031 2033 2035 2036 2048 2049 2052 2080 2109 2112 2148 2154 2178 2181 2189 2203 2207 2252 2268 2274 2275 2277 2288 2317 2337 2342 2367 2372 2373 2378 2380 2389 2434 2436 2450 2470 2480 2484 2494 2497 2515 2522 2524 2537 2538 2570 2580 2582 2595 2625 2645 2651 2666 2706 2718 2720 2739 2740 2741 2750 2765 2767 2794 2799 2805 2812 2819 2821 2827 2835 2843 2845 2851 2865 2897 2900 2905 2914 2920 2925 2930 2955 2956 2981 2987 2991 2993 2996 3013 3034 3036 3040 3041 3042 3050 3067 3118 3127 3134 3135 3141 3151 3157 3165 3173 3201 3203
8509 : 298 678 717 990 1030 1135 1143 1172 1230 1391 1416 1614 1671 1725 1834 1957 1976 2189 2342 2497 2580 2643 2699 2714 2728 2772 2848 2851 2905 2987 2997 3041 3088 3099 3103 3135 3157
8510 : 322 2398
8511 : 3036
8514 : 1862 2319 3039
8515 : 1307
8517 : 2913
8518 : 2494
8519 : 2751
8520 : 2991
8525 : 2926 3081
8533 : 2341 2569 2829 2847 2883 3046 3098 3125
8534 : 2924
8535 : 1182 1528 2692 2828 2841 2924
8539 : 2358
8540 : 972 1486 1745 1750 1753 1844 1892 2150 2358 2867
8541 : 1811 1959 2320 2625 2817 2849 2851 2918 3039 3068 3105 3128
8543 : 585 796 1471 1523 1526 1552 1572 1642 1746 1938 2197 2358 2380 2621 2626 2912 2946 3025 3069 3105
8546 : 2889
8547 : 1552
8550 : 2019
8563 : 48 644 2047 3097 3115 3150
8564 : 2944
8566 : 2002 2113 3097
8567 : 2928
8573 : 1049
8575 : 319 848 1674 1845 1956 2194 2204 2383 2501 2771 3143 3204
8576 : 1623 2810 3150 3181
8577 : 1768 2707
8578 : 2247
8579 : 1415 1625 2276
8580 : 2630 2883
8582 : 3097
8585 : 111 242 335 1143 1170 1180 1346 1489 1634 1877 1931 1946 2050 2054 2140 2339 2383 2494 2496 2515 2628 2667 2674 2700 2712 2737 2767 2883 2889 2890 2891 2911 2966 3012 3066 3074 3116 3142 3177
8586 : 497 1997 2217 2268 2734 2936
8587 : 2051 2151 2316 2375 2603 2704 2883 2911 2931 2940 3067
8588 : 93 111 321 479 483 497 536 618 637 677 728 755 849 855 865 867 894 973 1028 1148 1167 1200 1252 1279 1352 1379 1388 1404 1408 1427 1488 1497 1525 1536 1566 1608 1633 1637 1638 1643 1675 1691 1692 1751 1806 1810 1811 1827 1836 1843 1846 1847 1859 1867 1873 1874 1907 1909 1910 1923 1924 1931 1932 1936 1951 1958 1973 1997 1998 2018 2053 2092 2109 2111 2139 2148 2151 2179 2186 2192 2217 2228 2229 2231 2247 2263 2267 2287 2289 2301 2342 2344 2358 2373 2374 2420 2455 2456 2470 2487 2525 2526 2536 2545 2569 2570 2582 2595 2603 2606 2619 2625 2627 2628 2643 2646 2687 2701 2702 2703 2707 2710 2712 2722 2726 2733 2767 2770 2784 2787 2800 2805 2807 2838 2840 2846 2851 2863 2867 2876 2884 2885 2888 2889 2903 2905 2911 2913 2918 2927 2939 2944 2957 2966 2973 2981 2987 2991 2996 2998 3008 3014 3015 3018 3031 3052 3055 3072 3081 3082 3084 3086 3096 3106 3110 3125 3128 3136 3146 3148 3149 3152 3157 3162 3163
8589 : 319 1098 1110 1171 1352 1430 1503 1535 1610 1924 1997 2049 2175 2354 2355 2398 2400 2451 2579 2665 2777 2817 2905 2937 2947 3031 3043 3066 3105 3111 3176
8591 : 2401
8601 : 1234 1595 2572 2737
8603 : 2987
8605 : 2927
8607 : 1108
8608 : 1099
8611 : 1146 1843 1867 1875 1876 2994
8612 : 971 1739 2105 2829 2866 3131
8614 : 462 1108 1891 2913
8615 : 2233 2471 3021 3038
8616 : 2233
8618 : 3021
8619 : 40 329 1307 1423 2096 2931 2932
8620 : 1148
8621 : 298 619 892 893 1115 1143 1171 1215 1381 1420 1454 1544 1549 1571 1634 1718 1783 1792 1869 1908 1936 1958 2000 2004 2091 2185 2308 2316 2344 2359 2365 2518 2649 2684 2722 2742 2749 2750 2826 2828 2893 2958 2961 3030 3076 3092 3117
8622 : 1807 1908 2096 2176 2186 2219 2570 2579 2674 2730 2742 2862 2882 3035 3106 3140 3183
8623 : 1718 3138
8628 : 71 103 202 243 252 616 894 944 1145 1169 1182 1211 1294 1350 1362 1409 1421 1425 1462 1470 1568 1593 1649 1698 1707 1743 1829 1847 1853 2035 2110 2151 2176 2181 2202 2231 2301 2317 2396 2435 2480 2517 2554 2688 2705 2769 2829 2941 2954 2979 3012 3013 3046 3098 3105 3114 3135
8629 : 497 2198 2494
8630 : 982 1047 1182 1707 2184 2561 2695
8631 : 1700 1976 2705
8636 : 2470
8637 : 93 95 144 202 224 320 367 533 728 1010 1033 1047 1097 1134 1155 1231 1234 1265 1334 1400 1408 1409 1423 1454 1456 1488 1523 1536 1564 1571 1588 1593 1603 1619 1644 1652 1657 1674 1683 1691 1725 1726 1742 1810 1834 1844 1846 1871 1885 1892 1907 1936 1939 1948 1956 1972 1997 2001 2002 2003 2018 2076 2093 2146 2148 2165 2178 2179 2184 2194 2263 2264 2289 2353 2368 2387 2402 2438 2449 2454 2490 2498 2514 2555 2569 2571 2603 2618 2667 2669 2688 2692 2717 2719 2723 2749 2753 2768 2801 2805 2820 2835 2850 2859 2890 2891 2897 2903 2904 2923 2936 2940 2945 2947 2956 3000 3045 3052 3055 3070 3072 3079 3093 3094 3105 3112 3114 3138 3147 3157 3164 3170
8638 : 3048
8639 : 1333 1726 1844 1915 2717 3014 3037 3046 3098 3176
8640 : 1844
8641 : 1066 1353 1905 3138
8642 : 40 1134 1261 1649 1677 2053 2166 2185 2625 2692 2826 3107
8643 : 1453 1587 1625 2167 2726
8644 : 1248 1625 3203
8645 : 300 1134 1295 2396 2541 2631 2747 3136
8646 : 284 319 824 1257 1651 2400 2536 2972 3104 3128
8647 : 533 1488 1652 1681 1925 1932 2152 2726 2750 3031 3128
8648 : 1533 2054 2287 3104
8649 : 48 894 1643 1874 1978 2035 2233 2379 2487 2610 2620 2943 3097
8654 : 104 1236 1523 2383 2931 3050 3067
8655 : 104 678 1030 1426 1517 1928 2077 2106 2215 2233 3050 3064 3072
8656 : 1265 1426 1427 1912 2080 2145
8657 : 605 1846 1854 1928 2383 2862 2863
8658 : 104 678 1030 1166 1234 1253 1261 1288 1366 1380 1427 1435 1484 1541 1572 1591 1637 1680 1695 1752 1805 1811 1845 1870 1879 1890 1928 2062 2188 2218 2261 2272 2344 2375 2535 2542 2628 2652 2721 2734 2749 2767 2798 2829 2882 2902 2911 2914 2931 2936 2955 2967 2970 3042 3048 3070
8659 : 1517 1846 2233 2721 2798 2859 2889 2911 2918 2966
8660 : 1427 1468 3048
8662 : 585 1713
8663 : 39 185 495 536 1238 1365 1406 1705 1846 1928 2061 2150 2202 2369 3064 3075
8664 : 865 1030 1184 1197 1609 1811 1828 1855 2217 2266 2439 2651 2859 2871 3026
8666 : 2354
8668 : 39 144 964 1033 1051 1112 1166 1383 1430 1469 1544 1601 1632 1674 1811 1825 1856 1901 1976 1997 2030 2113 2160 2168 2302 2322 2387 2401 2421 2424 2438 2453 2535 2595 2597 2692 2722 2746 2802 2838 2878 2884 2886 2905 2922 3005 3025 3069 3074 3103 3114 3131 3153 3196 3199
8669 : 1159
8670 : 2433
8671 : 2470
8673 : 1721 2275
8674 : 1608 2606
8675 : 2001 2093
8680 : 2380 2900
8683 : 1145 1181 1199 1589 1862 1877 2228 2526 2840 3074
8684 : 1066 1116 1184 1280 2142 2365 2471 2919 3050 3054 3128
8686 : 1859
8688 : 124 254 282 755 1084 1152 1184 1363 1525 1548 1629 1652 1691 1752 1825 1844 1855 1884 1888 1956 2019 2033 2062 2109 2130 2134 2168 2176 2179 2203 2207 2208 2211 2251 2341 2343 2344 2358 2373 2498 2568 2592 2595 2623 2646 2669 2702 2712 2719 2734 2766 2770 2786 2829 2859 2889 2902 2914 2916 2929 2980 2986 2988 2993 2996 3005 3015 3053 3058 3074 3112 3125
8689 : 2095 2218 3057
8690 : 1184 1724 1844 1879 2095 2168 2498 2596 2668 2845 2864 2902 2955
8692 : 1392
8693 : 1166 1630 1651 2826
8694 : 1390
8695 : 761
8698 : 2936 3041
8699 : 103 1454 2097 2480
8700 : 1099 3146
8701 : 973
8707 : 1711
8711 : 677 2421
8712 : 1333 1441 1743 2046 2093 2196 2670 2819 3001 3190
8718 : 1733
8719 : 1340 1516 1534 1626 1641 1692 1936 1999 2421 2742 2753
8720 : 40 849 1504 1641 1642 1750 2208 2276 3117
8721 : 1109 1197 1862 3097
8728 : 205 254 942 1046 1235 1260 1264 1307 1323 1346 1387 1430 1475 1496 1497 1505 1506 1603 1609 1629 1642 1651 1658 1742 1829 1856 1862 1871 1889 1924 1926 1930 1962 2033 2035 2047 2051 2082 2095 2127 2202 2263 2289 2299 2359 2378 2379 2401 2421 2451 2455 2494 2499 2526 2538 2605 2606 2646 2684 2727 2734 2786 2835 2847 2899 2905 2929 2937 2948 2973 3056 3066 3108 3112 3121 3136 3146
8729 : 799 1184 1453 1497 1501 1825 1889 2033 2453 2596 2856 3125 3163
8730 : 1403 2214 2784 2858 2905
8739 : 1161 2125 2696 2920
8740 : 2609
8741 : 2353 2991
8747 : 531 1398 1413 2705 2810 3010 3076
8748 : 3179
8749 : 2163
8750 : 2308 2367 2572 3179
8754 : 1159 1165 1199 1366 1455 1462 1518 1552 1572 1603 1676 1679 1750 1827 1845 2002 2003 2065 2106 2138 2151 2202 2211 2245 2246 2342 2356 2357 2358 2378 2379 2424 2491 2542 2667 2738 2812 2821 2843 2867 2869 2887 2919 2924 2958 2967 3025 3028 3056 3092 3127 3140 3142 3146
8755 : 3165
8758 : 248 2178 2264 2622
8759 : 1384 1809 2523 2709 2771 2925
8760 : 2771 3116
8763 : 2988
8764 : 20 39 78 95 106 124 329 409 497 536 675 730 755 891 1013 1088 1145 1147 1196 1238 1274 1280 1325 1364 1365 1387 1388 1398 1444 1473 1495 1525 1529 1601 1602 1610 1623 1651 1680 1692 1739 1744 1746 1766 1811 1846 1888 1911 1925 1939 2000 2106 2134 2165 2186 2207 2216 2248 2265 2287 2289 2409 2436 2449 2487 2567 2568 2570 2598 2605 2606 2610 2618 2619 2627 2666 2688 2697 2707 2712 2750 2772 2777 2800 2802 2807 2868 2871 2898 2906 2907 2912 2925 2929 3001 3057 3059 3110 3121 3179 3200
8765 : 1003 1013 1290 1379 1387 1505 1549 1862 1877 2150 2217 2289 2323 2482 2486 2487 2592 2606 2753 2802 2900 2912 2937 2953 3001 3018 3033 3073 3078 3120 3153 3182 3200
8766 : 2194
8767 : 78 495 693 824 1185 1363 1396 1486 1591 1602 1934 2091 2094 2142 2196 2285 2343 2389 2598 2604 2697 2745 2903 2948 2993 3015 3077
8768 : 335 1186 1214 1234 1623 1767 1888 2125 2196 2287 2498 2670 2701 2745 2777 2883 2993 3100 3146
8769 : 2753
8770 : 2537 2665 2703 3018
8771 : 595 1009 1066 1083 1169 1171 1278 1387 1388 1394 1435 1651 1658 1806 1910 1946 1978 2164 2196 2353 2389 2408 2420 2606 2710 2715 2828 2833 2922 2923 2971 2979 3015 3082 3125 3154 3199
8774 : 2657 2692
8775 : 329 1145 1381 1412 1552 1571 1671 2035 2064 2299 2314 2519 2534 3048
8776 : 92 678 1471 2893
8777 : 677 857 861 865 1117 1325 1527 1630 1724 1956 2017 2051 2108 2176 2679 2716 3075
8778 : 677 858 2272
8779 : 694 850 851 854 855 856 861 865 1117 1638 2017 2042 2108 2146 2176 2216 2272 2337 2628 2953 2973 3054 3187
8781 : 1928 2233 3179
8783 : 1465 1962 2051 2645
8784 : 1749
8785 : 1590 2580
8786 : 71 397 1033 1043 1135 1163 1179 1195 1226 1234 1264 1305 1359 1380 1427 1454 1498 1565 1647 1703 1739 1854 1974 2233 2252 2327 2400 2423 2480 2518 2522 2534 2542 2892 2897 2923 2944 3024 3027 3032 3101 3114 3120 3121
8787 : 2004
8791 : 794 940 1051 1071 1172 1259 1542 1552 1587 1641 1901 2033 2078 2081 2208 2230 2249 2262 2272 2276 2287 2359 2389 2437 2490 2498 2500 2537 2559 2680 2711 2716 2734 2748 2753 2816 2820 2863 2902 2916 2918 3005 3033 3041 3057 3072 3074 3075 3103 3112 3113 3129 3132 3134
8792 : 699 1650 1782
8795 : 2389 2701
8796 : 1034 1469 1844
8797 : 1504 1847 2177 2289 2472 2954 3032
8799 : 144 661 1457 2695 2769 2905 2986 3176
8800 : 1612
8801 : 3015 3138
8803 : 1554 2753 2924
8805 : 3194
8806 : 2705
8807 : 146 252 278 695 698 1045 1088 1098 1108 1111 1180 1183 1309 1366 1404 1409 1423 1459 1470 1474 1552 1587 1626 1652 1693 1710 1725 1750 1774 1824 1876 1885 1889 1902 1910 1978 2016 2065 2081 2094 2112 2135 2164 2196 2323 2380 2396 2435 2486 2487 2497 2518 2582 2623 2714 2851 2884 2897 2921 2940 2943 3005 3010 3015 3043 3054 3071 3120 3199
8808 : 2094
8809 : 417
8810 : 1181 1426 2016 2111 2341 2918 2919 2981 3071 3082
8811 : 2940
8812 : 1160 2246 2370
8813 : 2962
8815 : 278 724 1147 1155 1159 1173 1186 1258 1347 1365 1385 1396 1408 1435 1468 1469 1516 1739 1771 1934 2054 2138 2189 2203 2217 2230 2300 2316 2321 2324 2452 2536 2772 2811 2860 2941 2948 2990 3076 3087 3094
8816 : 103 1044 1161 1168 1652 2230 2538 2651 2739 2812 2873 3005 3166
8817 : 596 796 1033 1263 1470 1684 1695 1845 1854 1911 1916 2035 2152 2160 2277 2321 2356 2556 2605 2632 2683 2716 2842 2869 2958 2981 3031 3104 3140 3150 3170
8818 : 822 1213 1900 2112 2154 2204 2210 2356 2380 2688 2765 2812 2895 2930 2958 3147
8819 : 396 858 2002 2105 2219 2380 2920 2957 3154
8822 : 533 1255 1435 1637
8824 : 1637 2167
8825 : 1486
8826 : 1590 2581 3194
8827 : 367 617 796 824 963 1113 1145 1235 1544 1549 1615 1653 1665 1674 1810 1847 1890 1908 1961 2004 2152 2179 2186 2289 2344 2469 2606 2746 2754 2832 2855 2948 2987 3081 3106 3107 3131
8828 : 2139
8829 : 1647 2423
8831 : 2111 2650
8832 : 1307
8833 : 1621
8834 : 435 1002 2169 2742 2968
8837 : 1113
8839 : 96 1543 1664
8841 : 3071
8843 : 2317 2534 2692
8845 : 1859 1875 1888 2487 2656 2924
8846 : 2656
8847 : 2144 2705 3041
8848 : 1469
8849 : 1184 2313
8851 : 1197
8852 : 698 2054
8853 : 248 1397 3160
8855 : 1711
8858 : 2197
8865 : 2106 2656 2980
8869 : 726 848 1440 1644 1915 1932 1999 2134 2557 2770 2799 2806 3058 3111
8871 : 94 495 497 536 1423 1443 1632 1644 1650 1978 2488 2670 2779 3138
8879 : 3138
8883 : 755 1473 1946 2780 2800 2807
8884 : 1426
8885 : 2275
8887 : 1143 1426 1744 2174 2186 2799 3041 3138 3167
8889 : 1234 1534 1787 2438 2862 2903 2914 3067 3080 3106
8890 : 719
8891 : 719
8892 : 1099 1771
8894 : 865 1231 1381 1543 1601 1847 2145 2485 2692 2977 2985
8895 : 1974 2195 2201 2485 2542 2924 2977 2985 3160
8897 : 2436
8899 : 1290 3028
8901 : 254 397 435 721 730 755 950 1051 1067 1267 1281 1350 1408 1411 1416 1421 1432 1462 1484 1488 1523 1529 1601 1638 1649 1650 1680 1685 1692 1706 1741 1792 1888 1891 1900 2035 2049 2064 2154 2176 2186 2249 2305 2324 2366 2402 2439 2451 2455 2567 2605 2656 2695 2720 2723 2799 2837 2850 2874 3013 3016 3060 3132 3166 3176 3199 3201
8902 : 1476 1703 1845 2019 3195 3197
8903 : 1681 1900 1930 2154
8904 : 2810 2821 2915
8905 : 2306 3054
8906 : 1334
8911 : 2610
8912 : 1721 2490 2996 3080
8913 : 2832
8914 : 1171 1197 1351 1440 1566 1932 2189 2266 2338 2916 3097
8915 : 3055
8916 : 1412
8918 : 1671
8919 : 973 1003 1349 1653 1665 1748 1843 2113 2181 2186 2195 2198 2228 2300 2305 2342 2746 2851 2866 2890 2915 2921 2922 2970 3077 3131 3142
8920 : 483 1390 1623 1824 2147 2436 3105
8921 : 691 730 1003 1033 1066 1254 1270 1379 1432 1470 1649 1974 2252 2700 2739 2812 2897 3197
8922 : 71 224 677 761 990 1134 1135 1183 1262 1281 1348 1379 1470 1485 1496 1530 1569 1647 1705 1937 1947 2252 2456 2470 2518 2527 2556 2777 2897 2943 3005 3024 3189
8923 : 224 1488 1691 1696 2741 2851 2920
8925 : 1889
8926 : 2815 2846 2877 2905 2924 3017 3072 3105 3116 3176
8927 : 2937
8928 : 2931
8929 : 48
8930 : 2996
8931 : 533 2374 3016
8932 : 48 972 2399 2849
8933 : 2889
8934 : 69 533 942 1171 1206 1252 1344 1410 1420 1604 1629 1631 1637 1674 1691 1695 1874 2062 2096 2525 2595 2634 2849 2951 2970 2999 3084 3092 3166
8935 : 298 1171 1605 2373 2525 2961 3145
8936 : 671 677 1344 1365 1404 1411 1445 1518 1601 1892 2559 2595 2623 2911 2929 2996 3048
8937 : 116 972 1712 1862 2147 2680 2810 3022
8938 : 670 1711
8943 : 146
8948 : 2684
8949 : 1413 3065
8951 : 755 1003 1026 1029 1252 1260 1363 1402 1535 1905 1946 2053 2145 2207 2251 2264 2869 2897 2951 2966 2994 3004 3013 3080 3204
8952 : 1906
8954 : 1154 1353 1535 1825 2003 2108 2315 2401 2554 2572 2714 2903 2981 2986 3118
8955 : 1709 2802
8956 : 1891
8957 : 1554
8962 : 2826 3185
8965 : 2567 2800
8966 : 2567
8969 : 616 1770 3181
8970 : 2197
8973 : 644
8974 : 1194 1410 1435 1540 1696 1892 2535 2742 2767
8985 : 1169 1908
8986 : 1524 2093
8987 : 3036
8988 : 2184
8989 : 71 104 106 272 278 279 322 414 615 695 696 794 827 854 855 865 944 1032 1034 1062 1071 1072 1098 1172 1184 1225 1235 1237 1247 1264 1271 1282 1326 1359 1389 1392 1423 1427 1430 1431 1475 1503 1504 1516 1542 1549 1552 1564 1570 1587 1624 1626 1627 1630 1658 1665 1677 1679 1694 1708 1709 1711 1724 1728 1738 1750 1754 1785 1811 1826 1847 1853 1879 1886 1936 1956 2031 2053 2064 2076 2082 2109 2113 2130 2137 2140 2162 2177 2186 2188 2202 2208 2314 2343 2354 2358 2374 2421 2433 2438 2452 2454 2481 2484 2513 2516 2526 2537 2547 2560 2596 2623 2627 2628 2631 2643 2674 2680 2722 2728 2750 2765 2768 2799 2816 2833 2845 2846 2855 2856 2860 2911 2927 2944 2954 2955 2967 2991 2996 3002 3008 3012 3017 3026 3046 3052 3074 3088 3098 3106 3112 3129 3176 3201
8990 : 272 405 675 696 796 1173 1412 1455 1534 1627 1641 1671 1695 1700 1847 1884 2030 2208 2344 2390 2526 2620 2692 2828 2951 3028 3052 3156 3158
8991 : 106 495 661 944 972 1033 1062 1516 1527 1680 1708 1847 1853 1856 1891 1962 2046 2198 2211 2289 2307 2358 2537 2669 2711 2728 2744 2771 2795 2905 3002 3008 3124 3152 3202
8992 : 796 1003 2833
8993 : 272 1211 1402 1455 1486 1551 1976 2621 2623 2648 2832 3008 3176
8997 : 1925 2142 3147
8998 : 241 1145 1152 1394 1623 1931 1934 2097 2146 2438 2943
8999 : 2383
9002 : 3035 3117
9003 : 2483
9004 : 2454 2493 2644 2979 3058 3154
9005 : 1236 1526 1856 2275 2355 2368 2471 2522 2556 2571 2897 2922 2926 3008 3097 3133
9009 : 1162 2245 2321 3048
9010 : 2893 2946 3048
9012 : 605
9015 : 2904
9016 : 1862
9017 : 2998
9018 : 1366
9019 : 71 1048 1392
9021 : 1135 2202
9022 : 2922
9024 : 2800 2938
9025 : 2165 2215 2807 3015
9026 : 2283
9027 : 1792 1879 2095
9028 : 1946
9029 : 464 644 759 865 1007 1234 1358 1359 1395 1455 1570 1592 1665 1681 1706 1739 1824 2036 2110 2112 2139 2581 2595 2631 2650 2698 2746 2819 2901 2916 2947 2996 3006 3094 3115 3162 3202
9030 : 2050
9031 : 479 644 677 794 851 860 861 982 1012 1062 1084 1211 1359 1399 1455 1671 1706 1739 1768 1824 1976 2035 2146 2274 2537 2595 2631 2745 2819 2901 2947 2996 3006 3108
9032 : 2679
9033 : 2421 3015
9034 : 1862
9035 : 1544
9037 : 1605 1862 2702 2777 2852 2865 2981 3188
9039 : 1010 1399 2035 2233 2568 2702 2751 2904 2911
9042 : 1135 1323 1350 1399 1916 1928 2313 2457 2493 2580 2811 2816 3135
9043 : 320 483 527 616 849 855 1012 1114 1134 1135 1234 1254 1290 1305 1341 1381 1389 1392 1409 1415 1427 1431 1456 1465 1491 1542 1552 1569 1590 1683 1725 1727 1749 1768 1807 1827 1829 1835 1845 1856 1860 1885 1916 1925 1936 1939 1959 1972 1974 2035 2060 2061 2064 2080 2081 2082 2083 2114 2160 2178 2187 2195 2252 2254 2287 2299 2302 2314 2320 2341 2402 2421 2433 2452 2483 2484 2513 2519 2547 2561 2594 2595 2665 2670 2699 2718 2722 2740 2767 2811 2828 2836 2846 2848 2857 2858 2870 2877 2918 2922 2925 2940 2941 2945 2954 2957 2998 3008 3010 3017 3026 3027 3067 3070 3103 3106 3109 3120 3124 3133 3135 3138 3139 3163
9044 : 1050 1226 1359 1457 2148 2152 2320 2449 2453 2516 2738 2787 2802 2929 2943 2957 2958 2971 2972 3004 3005 3077 3145
9045 : 527 855 1012 1051 1098 1115 1424 1431 1549 1570 1588 1612 1613 1710 1860 1869 1878 1928 1959 1972 2060 2064 2078 2081 2092 2114 2138 2152 2155 2178 2198 2254 2406 2433 2438 2452 2524 2546 2581 2594 2648 2665 2699 2701 2709 2718 2766 2832 2838 2954 2978 3008 3017 3032 3058 3072 3120 3135 3173
9046 : 1470 1485 2002 2032 2065 2113 2343 2433 2597 2740 2972 3073 3127
9048 : 3034
9049 : 595 1013 1270 1384 1391 1445 1591 1609 1678 1835 1862 2106 2153 2310 2480 2820 2843 2899 3145 3146
9050 : 1434 1540 1550 1592 1862 2153 2181 2233 2398 2480 2820 2823 2962 3010 3146
9051 : 1048 1280 1909 1924 2032 2093 2110 2208 2481 2525 2887 2951 3042 3118 3146 3153
9052 : 104 329 1181 1792 1951 2050 2147 2233 2302 2556 2628 2705 2728 2776 2978 2988 3072 3117 3121
9053 : 68 440 724 942 974 1048 1083 1108 1143 1280 1325 1426 1427 1441 1533 1550 1572 1728 1781 1809 1834 1900 1908 1951 2017 2061 2091 2129 2154 2163 2181 2203 2233 2268 2274 2302 2327 2339 2344 2359 2451 2452 2469 2485 2526 2535 2571 2721 2767 2776 2798 2803 2813 2862 2882 2920 2977 3001 3005 3012 3035 3054 3066 3119 3124 3136
9054 : 1113 1591 1769 3052
9061 : 1705 2850 2922 3077
9062 : 867
9063 : 2254
9065 : 1696
9066 : 2546 2702
9067 : 2538
9068 : 2697
9069 : 1146 1535 1604 2801
9070 : 497 1146
9072 : 1223 1807 2802
9073 : 405 1390 1886 1957 2175
9074 : 1425
9075 : 2981
9076 : 2568
9077 : 3018
9078 : 1948
9079 : 1015
9080 : 185 531 595 615 670 1134 1143 1384 1445 1497 1527 1659 1700 1771 1927 1945 2020 2050 2130 2188 2232 2233 2302 2557 2702 2813 2840 2858 2929 2993 3001 3040 3198
9081 : 619 1517 1631 2125 2765 2903
9082 : 2937 3066
9083 : 1453 2046 2710
9084 : 2715 2906
9085 : 1924 3152
9086 : 2357
9087 : 1264 1476 2534 2546 3092
9089 : 1657
9090 : 2226
9091 : 1349
9092 : 2002
9093 : 2196
9094 : 2342 2482 3033
9095 : 2558
9096 : 679
9097 : 278 971 1066 1308 3199
9098 : 3002
9099 : 2604
9100 : 464 695 962 1003 1062 1179 1200 1247 1332 1347 1432 1470 1602 1603 2202 2267 2423
9101 : 95 202 731 796 824 942 980 1025 1029 1062 1200 1210 1214 1255 1264 1282 1393 1470 1930 2299 3201
9102 : 1305 2884
9103 : 2697
9104 : 1134 1807
9105 : 2745 2963
9107 : 106 1651 2220 2377 2598 2692 2968 3040 3102 3120 3202
9108 : 678 2820
9109 : 185 254 799 1032 1216 1411 1572 1665 1705 1768 1976 2265 2568 2631 2684 2817 2821 2835 2864 2959 2971 3001
9110 : 1391 1622 1652 2127 2484 2568 2631 2817 2971
9111 : 335 854 1465 1641 2374 2582 2707 2883 2893 2937 2998 3030
9112 : 396 1043 1159 2113 2216 2625 2798 3053 3056 3080 3166
9113 : 2450
9114 : 298 3094
9115 : 2181
9116 : 2668
9118 : 144 1390 1665
9119 : 2274 2890 2929 3175
9120 : 1393
9121 : 1062 2139
9122 : 1768 2819
9123 : 1529
9125 : 1469 1534 2188 2321 2377 3048
9126 : 2188 2319 2482 2629
9127 : 950 2204
9128 : 1454 2127
9129 : 2744
9130 : 2047
9133 : 1939 2390 3096
9134 : 1911
9135 : 3044
9136 : 1527
9137 : 1853 2275
9138 : 962
9139 : 46 1145 1163 2034 2097 2105 2145 2245 3041
9140 : 619 1116 1145 1307 1365 1622 1768 1824 1856 1877 1938 2094 2211 2217 2924 2990 3175
9141 : 1002 3026
9142 : 867 1052 1212 1401 1594 1742 2129 2204 2248 2998 3015 3031 3138 3151
9143 : 1184 1653 2189
9144 : 2096
9146 : 1588
9147 : 1454 2076 2771
9148 : 1430 2287
9149 : 397 483 1197 1253 1263 1386 1710 1742 1877 1936 2003 2254 2340 2594 2598 2619 2624 2651 2700 2744 2749 2754 2838 2951 2981 2986 2989 3085 3099 3146
9150 : 95 322 1309 1962 2320 2356 2889 2945 2993 3069 3184
9151 : 1235
9153 : 1354 1877 2215 2315 2621 2652 2669 2993 3033 3164
9154 : 417 585 822 962 1122 1200 1212 1235 1262 1278 1408 1411 1415 1484 1488 1684 1868 1910 2020 2109 2184 2197 2390 2485 2499 2541 2570 2584 2680 2705 2777 2847 2860 2919 2957 3107 3138
9155 : 497 1323 1470
9156 : 1485
9157 : 303 531 1252 1306 1457 1505 1792 2130 2499 2538 2710 3160
9158 : 319 417 1032 1362 1366 1381 1936 2152 2176 2309 2327 2482 2794 2828 2859 2870 2871 2885 2890 2893 2907 2977 3073 3111
9159 : 2080
9160 : 1331
9161 : 298 397 1031 1035 1416 1425 1484 1593 1612 1631 1652 1726 1748 1787 1972 2081 2138 2177 2195 2266 2341 2433 2470 2597 2621 2622 2674 2838 2852 2858 2870 2936 2938 2971 3001 3068 3105 3112 3134 3166 3171 3184
9162 : 1292 1497 1683 2437 2524
9164 : 655 1099 1412 1429 1432 1456 1651 1888 2081 2230 2289 2301 2453 2582 2631 2918 3053 3101
9168 : 536 981 1052 1333 1632 1650 1956 2144 2194 2554 2720 2746 2786 2947 2978 3001 3057
9169 : 116
9170 : 2127
9171 : 694 1366 1728 2203 2226 2634 2708
9172 : 2355 2899
9173 : 892 1066 2217
9174 : 329 397 464 492 691 962 1272 1421 1476 2181 2999
9175 : 759 2049 2712
9176 : 981
9177 : 236 1349
9178 : 1148 2049 2144 2410
9179 : 1052 1143 1632 1650 1694 2142 2144 2606 2744
9180 : 3047
9185 : 1099
9186 : 2603
9187 : 2697
9188 : 251
9189 : 2081
9190 : 1700 1862 1891
9191 : 755 1098 1504 1601 1645 1847 1946 2096 2110 2179 2298 2359 2525 2606 2621 2625 2628 2855 2891 2936 3046 3187
9192 : 1171 2582 2884
9193 : 2322
9195 : 679
9196 : 1844
9197 : 58
9198 : 1827 2344 2378 2667
9199 : 695 1462 1959
9200 : 2981
9201 : 2665
9202 : 2572
9203 : 40 1350 2812
9204 : 1165 1179 1347 1664 2605 2716 2876
9205 : 2046 2538 2850
9206 : 1166 1382 2002 2876 3201
9207 : 2850
9208 : 982 1433 1506 1550 1889 1923 2298 2302 2370 2624 2674 2716 2893 2911 2939 2957 2977 3026 3105 3145
9209 : 303 2181 2734 2813 2864 2916 2939 3024 3105
9210 : 1396 1788 2188 2718 3025 3130 3131
9211 : 3011
9212 : 2379
9213 : 1248 1625 2413 3001
9214 : 1854 2945
9215 : 1890
9217 : 2572
9218 : 973 1146 2004 2274 2751 2795 2827 2828 2829 2924 2925 3047
9219 : 867 2827 2841 2924 3116
9221 : 2722
9222 : 1626 2840 2902 3011 3073
9223 : 1680
9224 : 2523
9225 : 1458 2622
9226 : 116 1154 1159 1272 1720 1754 1765 1948 2147 2163 2308 2309 2776 2823 2899 3003 3022 3142
9228 : 2170 2556 3117
9229 : 670
9231 : 2051
9232 : 1698
9233 : 2838
9235 : 2807
9241 : 2218 2988 3055
9242 : 1829
9243 : 1829 2219 2481 3067
9244 : 2219 3055
9246 : 1769
9248 : 1392
9250 : 1741
9253 : 1033 1591 2321 2569
9256 : 1719 1844 1886 3032
9260 : 1654
9262 : 265 655 759 944 1121 1314 1397 1652 1706 1785 1886 1948 2081 2111 2494 2901 2958 3078
9263 : 265 1033 1162 1166 1180 1210 1216 1252 1255 1257 1344 1386 1387 1388 1543 1706 1753 2065 2164 2165 2169 2170 2253 2314 2645 2850 3071 3094 3200
9264 : 3201 3203
9265 : 82 222 644 759 980 1233 1331 1345 1350 1589 1616 1768 2494 2623 2850 2901 2921 3079 3108
9267 : 495 848 1567 2047 2261 2526 2554 2686 3156
9268 : 1829 3026
9270 : 1679 1709 2342
9271 : 3179
9272 : 1747 1828 1854 2376 3039 3082 3128
9273 : 2740 3043
9274 : 2497 2912 2946 3082
9275 : 1484 1928
9277 : 3082
9278 : 2541
9282 : 1752
9283 : 464 1012 1062 1170 1225 1358 1415 1456 1491 1530 1612 1781 1855 1911 2050 2082 2113 2178 2274 2396 2423 2733 2795 2931 3121 3133
9284 : 1135 1681 2492
9285 : 1307 1415 1470 1589 2059
9286 : 3188
9287 : 224 464 595 949 1025 1234 1348 1358 1379 1453 1781 1787 1885 2002 2111 2112 2148 2178 2252 2341 2684 2703 2708 2710 2733 2739 2764 2785 2786 2820 2821 2921 3045 3093 3102 3198
9289 : 1002 1653 2210 2325 2687 2924
9290 : 1062 2687 2856
9291 : 2771 2829
9292 : 1962
9293 : 533 2683 2848
9294 : 2233 2682 3047
9296 : 39 40 46 71 202 252 282 284 322 396 409 585 637 671 675 695 696 698 699 728 731 851 854 944 971 972 980 1003 1010 1012 1032 1033 1034 1046 1066 1071 1083 1087 1108 1110 1160 1161 1163 1168 1170 1173 1179 1194 1195 1225 1236 1238 1247 1252 1264 1274 1290 1304 1307 1308 1309 1315 1325 1347 1348 1365 1380 1386 1388 1391 1393 1394 1408 1410 1412 1427 1428 1432 1439 1441 1456 1458 1459 1463 1467 1469 1472 1482 1484 1486 1487 1489 1502 1505 1506 1507 1515 1516 1518 1519 1523 1525 1526 1533 1534 1542 1543 1544 1571 1589 1591 1604 1605 1611 1626 1627 1647 1651 1652 1653 1657 1664 1665 1671 1676 1677 1680 1682 1685 1692 1695 1697 1698 1699 1708 1710 1712 1719 1721 1741 1744 1745 1747 1749 1750 1752 1753 1754 1755 1767 1774 1827 1829 1844 1845 1853 1878 1885 1891 1892 1902 1910 1923 1927 1931 1937 1938 1939 1957 1959 1960 1977 1988 1989 2002 2004 2016 2017 2035 2054 2064 2065 2080 2083 2091 2092 2095 2097 2105 2113 2126 2137 2151 2152 2153 2168 2169 2188 2189 2195 2201 2211 2218 2219 2228 2247 2274 2277 2288 2297 2305 2308 2311 2314 2317 2318 2319 2321 2342 2344 2353 2357 2358 2365 2370 2371 2372 2375 2376 2377 2378 2379 2380 2390 2398 2423 2424 2439 2452 2470 2481 2485 2486 2497 2498 2500 2501 2516 2519 2522 2526 2535 2536 2541 2542 2560 2561 2567 2571 2581 2582 2596 2604 2618 2622 2623 2624 2626 2629 2632 2667 2668 2669 2681 2682 2697 2700 2711 2730 2740 2741 2747 2749 2750 2764 2786 2794 2798 2811 2812 2819 2829 2833 2838 2840 2841 2845 2849 2850 2859 2860 2865 2867 2868 2878 2882 2892 2894 2918 2919 2920 2924 2928 2941 2943 2947 2948 2950 2951 2954 2955 2959 2984 2988 2989 2999 3002 3012 3015 3016 3021 3025 3028 3048 3049 3050 3059 3064 3067 3068 3070 3071 3072 3076 3078 3080 3082 3087 3089 3090 3103 3112 3121 3127 3128 3129 3131 3134 3136 3137 3144 3147 3153 3181 3183
9297 : 92 1261 1695 2227 2802 2911 3020
9298 : 1180 1368 1411 1721 2245 3147
9299 : 104 144 284 320 322 417 435 440 616 637 670 695 724 822 860 1032 1043 1066 1071 1097 1099 1164 1196 1226 1236 1252 1267 1290 1324 1341 1347 1349 1380 1387 1388 1401 1409 1415 1453 1457 1473 1476 1484 1485 1489 1518 1541 1552 1570 1572 1616 1636 1684 1713 1719 1728 1748 1751 1754 1774 1781 1811 1826 1844 1845 1846 1877 1901 1908 1912 1928 1938 1946 1951 1978 1988 2002 2020 2036 2046 2080 2106 2111 2127 2130 2138 2151 2165 2166 2168 2195 2198 2268 2313 2314 2318 2320 2321 2323 2343 2345 2358 2359 2402 2406 2407 2421 2435 2479 2496 2522 2525 2567 2572 2582 2594 2621 2622 2624 2625 2697 2730 2739 2741 2749 2750 2765 2798 2807 2821 2828 2833 2840 2849 2852 2859 2870 2871 2876 2882 2888 2938 2951 2955 2970 2985 2988 2990 3000 3001 3002 3006 3011 3012 3015 3025 3026 3028 3052 3059 3072 3076 3077 3078 3087 3090 3092 3103 3105 3112 3117 3124 3142 3148 3150 3153 3177 3180 3181 3182 3183
9300 : 3059
9302 : 3036
9303 : 464 964 1180 1237 1263 1314 1327 1332 1430 1483 1488 1564 1566 1684 1786 1956 2018 2053 2109 2162 2251 2263 2369 2423 2453 2471 2517 2518 2543 2559 2598 2622 2625 2726 2770 2820 2833 2890 2904 2905 2928 2958 2999 3033 3034 3045 3053 3083 3134 3176
9305 : 320 1135 1172 1237 1252 1327 1334 1354 1430 1488 1548 1564 1587 1684 1785 1937 2018 2053 2220 2251 2263 2273 2423 2453 2492 2518 2598 2616 2625 2726 2747 2848 2856 2905 2916 3033 3034 3053 3113 3176
9307 : 2002
9309 : 95 464 1309 1327 1489 1632 1705 2232 2710 2754
9310 : 605
9311 : 241 1224 1672 1724
9312 : 2051 3023
9313 : 1416
9315 : 3033
9316 : 2483
9318 : 1166 2665 2766 3095
9319 : 1032
9320 : 2625
9321 : 1238 1308 1309 2482 2652
9322 : 2897
9323 : 2957
9324 : 2902
9328 : 40 92 495 950 1282 1341 1384 1394 1470 1609 1613 1829 1847 1879 1978 1989 2042 2150 2203 2263 2572 2670 2787 2835 2897 3113
9329 : 1308 1354 1394 1915 1956 1960 2125 2196 2453 2568 2697 2698 2746 2969 2973 3085
9330 : 2160 2189 2979 2985 3001 3021 3151
9332 : 2517
9338 : 2535
9343 : 251
9346 : 282 694 696 854 858 860 1035 1117 1210 1264 1308 1400 1416 1425 1433 1475 1516 1827 2035 3192
9347 : 694 799 851 861 964 1117 2035
9351 : 1768
9352 : 3142
9356 : 284 1476 1603 1752 1811 1901 2181 2188 2570 2571 2665 2753 2897 2898 3052 3074 3091 3185
9357 : 1257 1811 1877 1928 2036 2128 2204 2413 2485 2500 2570 2571 2627 2667 2753 3047 3100 3150
9359 : 1856 2204
9363 : 1709
9366 : 3204
9367 : 2153
9369 : 2480
9371 : 595 1288 1445 1591 1646 1652 2097 2310 2480 2808 2843 2971 3022 3145
9372 : 3146
9373 : 3146
9374 : 321 417 891 1353 1445 1487 1726 1889 2210 2486 2810 2925 2951 3076 3090 3092 3182
9375 : 20 93 367 479 533 536 619 693 865 894 963 972 974 1008 1028 1029 1034 1043 1049 1108 1117 1143 1144 1152 1153 1159 1164 1185 1186 1223 1225 1231 1234 1261 1278 1282 1294 1295 1307 1314 1327 1350 1354 1386 1395 1411 1434 1498 1517 1518 1535 1536 1554 1567 1601 1613 1615 1627 1636 1664 1673 1700 1703 1709 1741 1825 1846 1867 1868 1879 1906 1923 1925 1928 1933 2015 2054 2139 2140 2141 2152 2162 2186 2193 2195 2196 2207 2210 2227 2286 2313 2337 2356 2402 2409 2424 2438 2449 2470 2492 2537 2559 2579 2643 2688 2707 2727 2741 2751 2771 2826 2851 2856 2869 2903 2924 2929 2954 2958 2970 2984 2997 3014 3033 3039 3041 3047 3048 3059 3070 3075 3079 3091 3104 3120 3132 3135 3137 3141 3147 3152 3171 3176 3177 3193
9377 : 104 111 276 329 441 605 678 695 796 827 849 850 851 860 861 961 962 964 1049 1099 1108 1143 1145 1159 1163 1164 1206 1215 1226 1282 1334 1400 1435 1439 1468 1474 1475 1489 1506 1534 1543 1548 1564 1570 1592 1605 1609 1613 1623 1626 1642 1646 1665 1682 1686 1695 1738 1754 1774 1785 1808 1834 1846 1886 1916 1925 1928 1929 2019 2034 2051 2111 2127 2130 2167 2170 2179 2186 2207 2215 2218 2262 2324 2344 2359 2402 2454 2482 2500 2623 2624 2643 2652 2683 2699 2708 2716 2726 2751 2777 2828 2829 2838 2866 2871 2897 2905 2907 2912 2927 2940 2944 2979 2991 3014 3015 3016 3020 3030 3047 3053 3056 3070 3078 3104
9378 : 1413 1862 2302 2311 2321 2893 3025 3182 3183
9379 : 3010
9380 : 1199 3179
9381 : 236 417 1099 1161 1381 1385 1413 2202 2233 2302 2401 2718 3025 3117 3150
9383 : 1161 1252 1365 2145 2253 2683
9387 : 2536
9390 : 3196
9391 : 48
9392 : 698 1181 1544 1726 2054 2948 3196
9393 : 698 1544
9395 : 1108
9396 : 1740 2153 3204
9397 : 1194
9398 : 1891
9400 : 1155
9401 : 1155
9402 : 585
9403 : 1003
9404 : 2947
9405 : 796 1594 1614 1853 1886 2716 2904
9406 : 675 860 1226 1307 1659 2198 2300 2317 2739 2856 2874
9407 : 2919 2949 2978 2985
9408 : 677 724 1341 2152 3092 3104
9409 : 2304 2895 2902
9410 : 46 2623 3188
9411 : 185 1721 2627 2720 2890 2911 3011
9417 : 1741
9419 : 2656
9421 : 1345 1365 1394 1543 1616 2804 3071
9424 : 2994
9425 : 2894 2924 2947 2979 2988
9426 : 2899 2979
9427 : 2931
9428 : 2931
9429 : 2924
9430 : 2918
9431 : 2918
9432 : 2896
9433 : 1514 1635 1644 2097 2810 2864 2890 2922 2925 2990
9434 : 278 1725 1901 2189 2305 3125
9435 : 2923
9436 : 144 367 1188 1350 1591 1682 1699 1740 1844 1891 1936 1938 2054 2105 2201 2380 2536 2786
9437 : 1010 1767 1889 2046 2198 2321 2439 2501 2948 3036
9438 : 1524 1614 2940
9439 : 1591
9440 : 1680 3074
9441 : 1398 2227 2871 3014 3077 3157
9442 : 303 675 1611 2176 2390 2568 2794 3004
9443 : 278 441 533 794 1066 1098 1111 1135 1188 1194 1196 1199 1206 1223 1237 1267 1344 1382 1383 1491 1498 1503 1527 1542 1543 1604 1665 1717 1788 1847 1956 1997 2019 2138 2155 2178 2184 2187 2203 2217 2251 2264 2276 2299 2313 2326 2401 2410 2451 2519 2524 2554 2595 2597 2610 2697 2707 2712 2719 2732 2771 2785 2802 2805 2846 2864 2874 2886 2902 2913 2918 2938 2946 2972 2984 2989 2996 3000 3006 3025 3035 3059 3066 3068 3080 3108 3130 3157 3180 3200
9444 : 2894 2955 2985
9445 : 1717 2194
9446 : 2924
9447 : 2920
9448 : 2547 3047
9449 : 2996
9450 : 2932
9452 : 2998
9453 : 2997
9454 : 2996
9457 : 70 103 675 698 1033 1047 1112 1195 1236 1270 1411 1454 1474 1502 1637 1658 1671 1700 1854 1931 2033 2139 2177 2185 2215 2217 2220 2263 2268 2275 2324 2339 2379 2389 2514 2534 2561 2592 2624 2902 2904 2961 2970 3013 3033 3035 3066 3099 3104 3138 3145
9458 : 298 558 1003 1145 1170 1197 1524 1592 1691 1768 2162 2196 2245 2268 2273 2285 2402 2753 2767 2859 2893 3035 3066 3132
9460 : 533 1112 1454 1474 1902 2147 2153 2202 2245 2268 2310 2453 2702 2703 2850 2977 2987 2994 3031 3145
9461 : 298 865 1116 1206 1235 1420 1517 1564 1631 1641 1691 1946 1997 2216 2220 2494 2525 2620 2634 2753 2787 2795 2884 2936 3138
9463 : 1170 1235 1272 1491 1565 1591 1614 1616 1652 1739 1856 2035 2050 2233 2252 2299 2341 2501 2537 2582 2623 2631 2739 2746 2786 2916 2947 3005 3115 3175
9464 : 679 730 1651
9465 : 2233
9466 : 1726 2947
9467 : 2829
9468 : 2523
9469 : 2523
9470 : 1764
9473 : 3165
9474 : 1382 1392
9475 : 1725 1834 2031 2200 2210 2220 2229 2232 2544 2644 2764 2794 2986
9476 : 1116 2288 2390 2470 2709 2728 2737 2900 2912 3004 3077
9477 : 2695
9478 : 616 1088 1502 1595 1664 1684 1834 1905 2167 2170 2232 2261 2317 2324 2450 2455 2457 2559 2592 2665 2667 2709 2890 2916 2927 2932 2968 3111
9479 : 1595 1961 2145 2543 2784 3107
9480 : 1711 2383 2931 2979
9481 : 2383
9482 : 727 1048 1425 1567 1665 1721 1722 1727 1806 1856 1934 1948 2166 2323 2326 2327 2449 2470 2484 2580 2598 2616 2648 2809 2842 2924 2931 2932 3040
9483 : 1003 2721
9484 : 2990
9485 : 2167
9486 : 3000
9487 : 1692 3015
9488 : 321 940 1706 2192 2667 2810 2834 2850
9489 : 616 1383 2572
9490 : 2283
9491 : 2283
9499 : 1259 1726 1770 2341 2499 3099
9501 : 2216
9502 : 1741 2127
9504 : 2748 2882
9505 : 2857
9506 : 1165 1472 2681 2712
9508 : 1267
9509 : 3031
9510 : 2860
9513 : 1025 2438
9515 : 696
9516 : 2359
9517 : 2913
9519 : 40 48 124 185 224 241 272 278 282 335 380 435 585 619 637 755 794 796 849 854 858 972 1002 1034 1051 1071 1072 1112 1113 1117 1145 1161 1166 1179 1225 1234 1237 1264 1295 1304 1307 1341 1354 1366 1409 1410 1413 1441 1455 1462 1464 1489 1503 1519 1523 1525 1526 1540 1550 1587 1604 1619 1621 1626 1637 1641 1642 1643 1645 1646 1658 1675 1679 1685 1694 1700 1712 1735 1739 1774 1811 1827 1847 1869 1884 1915 1928 1936 1938 1947 1956 1962 1973 1976 2033 2052 2053 2054 2062 2110 2134 2140 2169 2175 2176 2177 2188 2196 2202 2220 2231 2233 2245 2249 2263 2273 2288 2289 2297 2316 2359 2372 2373 2375 2380 2388 2421 2424 2438 2452 2455 2483 2490 2496 2500 2513 2515 2526 2535 2537 2557 2567 2570 2598 2620 2621 2627 2645 2650 2664 2665 2674 2687 2695 2701 2702 2705 2707 2716 2719 2720 2722 2742 2745 2746 2749 2765 2766 2820 2821 2828 2834 2838 2839 2846 2856 2862 2883 2885 2889 2911 2912 2922 2929 2938 2944 2951 2963 2973 2988 2989 2997 3005 3014 3025 3033 3037 3041 3056 3057 3065 3069 3074 3075 3085 3088 3091 3094 3095 3097 3103 3112 3113 3114 3118 3151 3153 3156 3162 3163 3171 3195
9520 : 3142
9521 : 146
9523 : 282 849 1003 1173 1354 1410 1472 1550 1590 1604 1638 1641 1642 1696 1811 1931 1956 1974 2113 2125 2413 2438 2516 2570 2620 2722 2838 2874 2889 3000 3046 3094 3131 3138 3153 3190
9524 : 3025
9525 : 3088
9526 : 1116 1429 2619 2666 2772
9527 : 1116
9528 : 2787
9529 : 1708 1855 1916 2765 3023 3048 3190
9530 : 1433
9534 : 3060
9535 : 2568
9541 : 1810 2305 2906
9544 : 2233
9547 : 3057
9549 : 2033
9550 : 2286 2555
9551 : 1353
9552 : 2556
9558 : 1929
9562 : 1029 1083 1196 1365 1530 1684 1769 2274 2452 2695 2848 3117 3121 3157
9564 : 1653 1699 1962 2016 2307 2343 2728 2843 2951 3031
9565 : 1462 1847 3011
9566 : 2367 2708 3111
9567 : 942
9568 : 146 1046 1362 1781 2181 2198 2316 2899 2941 3076 3130
9569 : 367 441 1295 1717 1805 1925 2287 2753
9570 : 1295 1723
9571 : 1595
9572 : 1925 2523 2949
9574 : 1788 3028
9576 : 2925
9578 : 1711
9579 : 1713 1770 3087
9580 : 278 755 860 861 1154 1315 1326 1464 1517 1552 1632 1650 1765 1886 1924 1936 1956 2050 2051 2137 2146 2208 2319 2359 2375 2452 2496 2498 2596 2604 2828 2858 2887 2955 2963 2968 2984 3082 3092 3151
9581 : 3092
9582 : 1926 2721 2809 2919 3082
9584 : 2092
9585 : 2470
9586 : 2883
9587 : 1563
9588 : 2471
9592 : 396 464 1033 1264 1463 1890 2582 2889
9593 : 1197
9594 : 671 2113 2625 3027
9595 : 1181
9596 : 1143
9597 : 2989
9598 : 1752 1878 2657
9599 : 1925 1972 2922 2928 3056 3102
9600 : 1108
9601 : 1108
9602 : 825 1443 2845
9603 : 2988
9604 : 1711
9605 : 1703
9606 : 2816 3083
9607 : 2626 2860 2927 3119
9608 : 1165 1750 2186 2245 2262 2321 2828 2876 3017 3111 3132
9609 : 2897
9611 : 104 605 971 1890 1892 2046 2059 2688 2749
9613 : 2623
9614 : 2180
9615 : 462 1099
9616 : 103 1099 1382 1591 1889 1945 2584 2985 3100 3132
9617 : 1443
9618 : 1845 3172
9619 : 2817 2833 2944 3026 3129 3137 3148 3173
9620 : 1475 2198 3173
9621 : 95 1956
9622 : 1764
9623 : 146 964
9624 : 2112
9625 : 284 1188 1267 1433 1636 1652 1692 1890 3002 3076 3097 3182 3183
9626 : 1315 1591 1641 1852 2130 3034
9627 : 1159 3025
9628 : 1173 2130
9629 : 848 1381 1525 1679 1876 2210 2354 2355 3077
9630 : 615 759 1113 1180 1261 1350 1390 1395 1423 1473 1664 1707 1916 2203 2354 2355 2437 2695 3081 3138
9631 : 1855 1885 1911 1939 1989
9632 : 1047 1109 1358 1565 1681 1722 1876 1885 2152 2155 2274 2354 2437 2695 2804 3014 3077 3121
9633 : 1180 1681 1753 2931 3057 3115 3172
9635 : 1486 1947 2019 2253 2276 2905
9636 : 1525 2409 2957 3077 3121 3172
9637 : 1003 1696 1829
9638 : 2145
9639 : 224 1161 1458 1665 1787 1989 2342 2603 3025 3077 3087 3146
9640 : 972 1695 2746 2864
9641 : 2769 2986 3156
9642 : 2420
9643 : 1259
9644 : 93 1135 1188 1324 1684 2421 2423
9645 : 1160 2059 2306 2657 2812 2903 3080 3202
9646 : 1647 2264 2786 2897
9647 : 224 1166 1324 1671 2264 2339 3015
9648 : 144 405 630 982 1066 1160 1162 1163 1167 1237 1272 1358 1602 1621 2112 2372 2423 2453 2517 2534 2625 2717 3184
9649 : 982 1135 1167 1385 2684
9650 : 1033 1179 1188 1216 1305 1464 1496 1727 1781 1824 2053 2091 2112 2264 2645 3187
9651 : 1781
9653 : 144 695 1066 1234 1516 1743 1907 2535 3032 3036 3101
9654 : 144 329 696 2436 2633 3021 3111 3158
9655 : 696 1035 2105 3036
9656 : 695 1181 1544 2633 2849 2912
9657 : 1290
9659 : 3074
9660 : 2849
9661 : 1610
9662 : 3152
9663 : 2189 2885
9664 : 2193
9665 : 2093
9666 : 1672 1909
9667 : 2377
9668 : 2193
9669 : 1234
9671 : 2196
9672 : 2059 2857 2953 3095
9673 : 2954
9675 : 2233
9676 : 2265 2701
9677 : 727 1162 2052 2060 2112 2227 2353
9678 : 1455 2189 2263 2359 3101 3153
9679 : 441 1134 1164 1673 1751 1884 2651 2941
9680 : 1046 1166 1435 1717 2631 2851
9681 : 849 1072 1115 1170 1324 1415 1457 1504 1676 1845 1847 1934 1936 1939 2032 2053 2177 2216 2254 2273 2316 2369 2388 2390 2451 2453 2483 2484 2556 2722 2739 2767 2832 2836 2846 2856 2886 2889 2922 2953 2954 2987 3032 3040 3041 3042 3057 3081 3086 3095 3096 3124 3163
9682 : 944 1936 1939 2032 2215 2216 2388 2396 2413 2451 2455 2722 2739 2832 2839 2856 2889 2926 2968 3009 3041 3042 3065 3113 3163
9685 : 3066 3185
9686 : 1385
9687 : 671 1159 1341 2317 2962
9690 : 537 1497 1974 1975 2201 2286 2648
9691 : 1170 1935
9694 : 1707 2249 2283 2925
9697 : 2001
9698 : 1623
9699 : 1888 1910 2047 2695
9701 : 2695
9703 : 849 2846
9704 : 616 1623 2580
9707 : 2082
9708 : 1487
9709 : 1525 3203
9712 : 2483
9713 : 63
9714 : 116 1349 1550 1742 1862
9715 : 1410
9718 : 71 1294
9719 : 2919
9720 : 2921 2930 2957 2990
9721 : 2921 2971
9722 : 2957 2971
9723 : 2907 2939
9725 : 1711 2354
9726 : 1810 2483
9727 : 1416
9728 : 854 949 1196 1425 1497 1644 1784 2994 3014 3049
9729 : 1362 1693 2263
9730 : 1722
9731 : 1365 2606 2692
9732 : 1333 1363 1441 1635 1783 1858 1946 2487
9733 : 1052
9734 : 616
9736 : 282
9737 : 2233
9738 : 2895 2929 2938 2949 2966 2987 2997
9743 : 1427 2399 2751
9746 : 48
9749 : 2928
9755 : 1517 1677 1706 2060 2188
9756 : 1304 1472 1518 1550 2680
9757 : 2233 3142
9759 : 1385
9760 : 724
9761 : 1997 2230 2499 2519 2730 3013
9764 : 1290 1505 1665 2097 2356 2368 2842
9765 : 1680
9767 : 2856
9769 : 796
9771 : 3131
9773 : 251 483 492 605 618 867 982 1143 1152 1181 1398 1426 1432 1589 1591 1626 1691 1768 1787 1847 1874 1989 2083 2094 2167 2177 2178 2184 2194 2218 2265 2289 2341 2497 2527 2560 2632 2651 2768 2827 2850 2899 2939 2941 2956 3006 3105 3142
9774 : 1083 2036 2937 3193
9776 : 655 867 891 1200 1213 1358 1365 1379 1426 1474 1482 1543 1614 1625 1693 1774 1861 1879 1932 2002 2030 2032 2046 2051 2082 2233 2254 2289 2299 2470 2527 2634 2651 2667 2705 2720 2721 2722 2794 2810 2815 2887 2931 2941 2956 2957 2958 3002 3006 3066 3071 3103 3116 3142 3199
9777 : 1334 2786
9778 : 1621 2486 2786
9779 : 1010 1681 2501 3192 3196
9780 : 96 857 892 942 1236 1295 1514 1526 1811 1888 1902 1962 2144 2166 2289 2370 2646 2687 2688 2767 2786 2821 2832 2838
9781 : 2262 2718 2916 3131
9782 : 1719
9783 : 1083 1738 3087
9785 : 1621
9786 : 1621
9787 : 3176
9791 : 2572 2951 3091
9792 : 1459 2148 2938
9794 : 1307 2622
9795 : 2046
9796 : 1491
9797 : 2050 2110 2231
9798 : 670
9799 : 1188
9800 : 1652
9801 : 2621
9802 : 2619
9803 : 1224 2919
9804 : 3088
9805 : 1272 2996
9806 : 278 1154 2248
9807 : 2175
9808 : 2979
9810 : 1200
9811 : 2499
9812 : 3068
9814 : 730
9815 : 1264
9816 : 1379
9817 : 2628
9819 : 2247 2359 2433 2943
9820 : 116
9822 : 462
9823 : 1066
9824 : 1381 1382 1384 1391 1771 2153 2407 3130
9826 : 1389
9827 : 3195
9829 : 440 1066 1408 1552 1754 1860 1885 1939 1951 1960 2274 2717 2734 2795 2842 2846 3147 3173
9830 : 1595
9831 : 1470 2082 2479 3150
9832 : 1253
9833 : 2921
9835 : 616 1381 1445 1553 1625 1769 1892 2106 2188 2317 2327 2734 2764 2795 2913 2931
9836 : 981 1453 1742 2876 3087
9837 : 1703 2017 3146
9839 : 2890
9840 : 278
9841 : 3190
9842 : 1847 1961 2052 2177 3156
9843 : 2106 2931
9844 : 2696
9845 : 531
9846 : 1595
9847 : 1782 2413
9848 : 1650
9849 : 1847
9850 : 2893
9852 : 1194 1489 2383
9853 : 2902
9854 : 1846
9860 : 1527
9861 : 1112
9863 : 319 1380 1469 1939 2871 2931
9864 : 824 1567
9865 : 103 940 1143 1566 1603 1870 1888 2035 2076 2216 2261 2326 2380 2388 2596 2649 2720 2734 2924
9866 : 3131
9867 : 2080 2216 2276 2926 3084
9868 : 1650 2870
9869 : 693 2686
9870 : 2723
9871 : 1469
9874 : 1630 1694 2547 3086
9875 : 2175
9876 : 531 655 675 1279 1295 1665 1682 1808 1853 2538 2623 2625 2648 2905 3069
9877 : 2160 2732 3141
9878 : 1975
9879 : 40 1164 1409 1432 1680 1741 1805 1810 1892 1901 1974 2146 2153 2219 2481 2809 3037 3048
9883 : 694 963 1956 2219 2628 3102 3201
9884 : 1593
9886 : 1946 2696
9887 : 1769 1930 2046
9888 : 2684
9889 : 1349 1720 1862 1889 2304 2810
9890 : 68 69 1604 1654 1862 1902 2317 2634
9891 : 1145 1413 1766 2215 2275
9893 : 1725
9894 : 2627
9896 : 1379 1454 1738 2047
9897 : 321 1379 1564 1614 2866
9898 : 321
9899 : 1307
9900 : 2060
9901 : 1700
9902 : 1612
9903 : 464
9904 : 1417
9905 : 2594
9908 : 1827
9909 : 1854
9910 : 440 1907 2424 3078
9911 : 851 1154 1194 1393 2050 2396
9913 : 2233
9914 : 1684 1738
9915 : 1099
9916 : 1718
9917 : 2164
9919 : 3011
9920 : 865
9922 : 1636 2741 3136
9923 : 1726
9924 : 1498 3053
9925 : 1726
9927 : 1623
9928 : 2233
9929 : 1432
9930 : 619 1200 1409 1506 2379 2916 3001
9931 : 2652 3116
9933 : 1272
9934 : 972 1264 1936 2198 2710 2949 2957
9935 : 2390 2799 3175
9936 : 2816
9937 : 440 531 1475 1696 1905 2799 2846 2923 3138 3167 3175
9939 : 1528 1707 1906 2402 2568 2595 2800 2828 2837 2866 2878 2925 2927 3196
9941 : 2230 2308 2398 2753
9942 : 3182
9943 : 1769
9944 : 2572
9945 : 675
9948 : 1098
9949 : 1409 1652 2699
9950 : 691 695 848 963 1071 1365 1412 1526 1693 1908 2140 2308 2500 2567 2579 2645 2669 2887 3012 3048 3067
9951 : 2815
9955 : 1703 2750
9956 : 321 1172 1341 1595 2469 2711 2721 2979 2996 3080
9958 : 1010 1033 1071 1160 1162 1165 1188 1194 1257 1281 1307 1389 1410 1464 1486 1506 1526 1602 1603 1642 1651 1664 1671 1680 1695 1698 1703 1738 1746 1747 1827 1829 1844 1908 1912 1937 1938 1939 1960 1974 1978 2002 2003 2020 2035 2054 2105 2151 2167 2198 2219 2307 2320 2324 2357 2358 2377 2398 2424 2514 2535 2594 2604 2622 2629 2645 2716 2811 2841 2873 2876 2878 2887 2951 2959 2985 2990 3012 3024 3025 3072 3088 3092 3127 3158
9959 : 300 322 698 1010 1043 1071 1194 1264 1366 1454 1471 1519 1530 1604 1647 1735 1753 1844 1908 2020 2035 2046 2054 2219 2358 2372 2379 2572 2621 2634 2645 2652 2710 2717 2817 2833 2878 2951 3011 3087 3158
9960 : 1212 1408 1410 1411 1420 1691 1787 2093 2144 2323 2402 2438 2525 2899 3192
9962 : 2572
9963 : 695 1009 1392 1738 1746 1754 1974 2002 2016 2061 2126 2226 2299 2375 2572 2705 2722 2939 2961 3192
9964 : 440 598 1347 1381 1765 1845 1879 1892 2208 2374 2560 2571 2716 2720 2988 3059 3088
9965 : 322 1602 1938 2433 2821
9966 : 251 1001 1381 1623 1641 2081 2287 2559 2718 2720 3059
9967 : 1033 1115 1369 2718
9968 : 104 2095 2343 2967 3005
9969 : 242 1067 1261 1404 1626 1925 2146 2249 2919
9971 : 630 1726
9973 : 1590
9975 : 1385
9976 : 3087
9978 : 630 974 2175 2186 2263 2368 2396 2739 2859 3180
9979 : 1590
9980 : 2869
9981 : 2377
9982 : 1195 1474 1534 1828 2015 3014 3021
9983 : 558 585 693 728 1099 1237 1621 1916 2484 2821 2907 3014
9984 : 2882
9985 : 2096
9987 : 536 615 1029 1030 1143 1147 1197 1206 1281 1402 1403 1514 1525 1536 1566 1568 1645 1672 1725 1727 1766 1784 1874 1932 1976 2060 2144 2148 2160 2216 2261 2264 2266 2342 2354 2535 2610 2686 2692 2696 2809 2835 2850 2862 2893 2956 3001 3040 3046 3052 3055 3094 3157 3183
9988 : 875 1764 1997 2216 2294 2295 2301 2805
9995 : 894
9997 : 3108
9999 : 1677 3066
10000 : 719 850 940 941 964 1195 1280 1292 1331 1398 1589 1643 1649 1696 2004 2095 2218 2344 2366 2544 2568 2609 2657 2670 2686 2741 2766 2801 2863 2901 2923 3001 3002 3005 3058 3081 3097 3199
10001 : 615 990 1052 1073 1171 1381 1386 1398 1470 1536 1568 1605 1626 1658 1693 1694 1709 1807 1878 1951 2050 2060 2169 2193 2203 2261 2320 2449 2569 2570 2670 2710 2835 2851 2866 2988 3001 3033 3034 3040 3043 3069 3072 3077 3081 3094 3098 3128 3157 3201
10002 : 679
10004 : 1045 1344 1347 1404 1435 1605 1632 1637 1650 1935 2216 2375 2970 3167
10005 : 1369 1593 1613 1706 1727 2779 2941 3133
10006 : 1650 1785 3017 3054 3058
10007 : 895
10008 : 2569 2847 3046
10009 : 92 1117 2000 2232 2344 2665 2734 2811 2893 2911 3143
10010 : 1444
10011 : 1084 1143 1633 1703 1752 2217 2245 2344 2646 2855
10012 : 1641 2142 2203 2536 2682 2721 3011 3050
10013 : 2297 2858 2911 3066
10014 : 71 380 397 417 670 719 856 971 1035 1048 1066 1087 1143 1145 1155 1384 1389 1457 1467 1519 1528 1572 1603 1628 1650 1695 1767 1835 1890 1962 2002 2060 2065 2169 2197 2217 2233 2341 2355 2356 2370 2389 2538 2561 2924 3049 3050 3054 3073 3143
10015 : 724 981 1349 2254 2570 2828 3183
10016 : 858 1003 2034 2571 2682 2720 3047
10018 : 2233 2951
10019 : 2536 3183
10022 : 2233
10023 : 615 973 1455 1748 2370 2451 2809 3024 3129
10028 : 1528 2099 2194 2249 3015 3016 3115
10029 : 605 1309 1456 1503 2065 2218 2979
10030 : 1456
10033 : 2721
10034 : 320
10035 : 973
10037 : 1415 1488
10038 : 2339
10039 : 2050
10040 : 3022
10044 : 2938
10045 : 396
10046 : 1749 2326 2396 2424 2683 2871 2940 3038 3068 3140
10047 : 3140
10048 : 1868 2543
10050 : 1160 2342 2918 3021
10051 : 2865 2870 2945 3068
10055 : 2299
10056 : 3165
10057 : 123 254 536 630 730 1083 1162 1351 1657 1829 1958 1997 2030 2031 2091 2134 2210 2233 2340 2420 2597 2670 2698 2703 2715 2928 3015 3037 3160
10058 : 123 464 2874 3114
10060 : 854 2019 2062 2387 3052
10061 : 2490 2692 3172
10062 : 1548 2231
10064 : 1847 1961 2189 2490 2630 2692 3139 3156 3172
10067 : 3146
10068 : 1906
10069 : 1430
10070 : 2519
10071 : 1891
10072 : 322 972 1087 1196 1915 2167 2187 2311 2314 2484 2692 2716 2870 3027 3049
10073 : 973 1891 2184 2215 2325 2378 2650 2765 2819 2832 2849 2981 3092 3097
10074 : 1891 2794
10075 : 854 1278
10076 : 1066
10077 : 2187 2959 3147
10080 : 1465
10081 : 1134 2911
10082 : 1210
10084 : 1525 1626 1698 1708 1747 1752 1753 1826 1906 2017 2262 2343 2380 2481 2498 2624 2668 2669 2833 2863 2864 2914 2978 3000 3006 3023
10086 : 1647
10087 : 284 2289 2981 3031 3133 3144
10088 : 2369 2828 3047
10089 : 1413
10091 : 236
10093 : 3095
10094 : 265 462 1978 2751 2984
10095 : 2717
10096 : 1482
10097 : 440 531 1749 1751 2480 2888
10098 : 616 2145
10101 : 1012 1307 2054 2711 2836
10102 : 2584
10104 : 2633
10107 : 40 851 1146 1272 1472 2198 2218 2359
10108 : 2692
10109 : 1475
10110 : 2113 3077
10125 : 2378 2572 2838 2866 3097
10127 : 1698 2375 2866 2878
10131 : 3066
10146 : 2082
10147 : 1236
10148 : 1703 2167
10152 : 2196
10156 : 2709
10157 : 1711
10164 : 3201
10165 : 2498
10171 : 3102
10174 : 96 1590 1673 2811
10175 : 1590 2754 2811
10178 : 2811
10180 : 96 417 440 615 1173 1235 1366 1453 1470 1485 1727 1785 2082 2327 2519 2526 2733 2947 3015 3076
10182 : 2015 2125 2179 2683 2840 3039
10183 : 1612
10184 : 695 1366 2626
10187 : 2177
10189 : 2470
10191 : 2666
10199 : 242 2580 2834
10201 : 2437 2514 2596 2799 2829 2836 2955 3167
10202 : 2499 2568 2829 2836
10203 : 2499
10204 : 1146 1159 1784 2471 3053
10220 : 3090
10231 : 2304
10240 : 1686
10247 : 185 670 1135 1155 1384 1519 1603 1745 1892 1956 2065 2135 2194 2203 2285 2314 2375 2538 2592 2705 2926 2979 3054 3080 3148
10248 : 332 1148 1292 1423 1929 2034 2096 2141 2310 2634 2779 3165
10249 : 1389 2837 3028 3078
10250 : 329 1381 2020 2152 2310 2572 2623 2887 3052 3181
10251 : 719 2232
10252 : 2232
10253 : 2978
10272 : 1438
10273 : 2401 2692
10276 : 2368
10278 : 2368 2471
10280 : 2289
10281 : 2536
10282 : 48
10283 : 2145
10286 : 1674 2150 2302 3074
10287 : 1878 2645 3094
10288 : 1391 1674 2951
10291 : 1385
10293 : 675
10308 : 2823 3022
10315 : 329 944 1112 1170 1179 1182 1235 1456 1592 1665 1691 1725 1870 2054 2177 2211 2232 2581 2631 2887 2998 3131 3175
10316 : 48 144 695 851 1051 1112 1182 1235 1314 1487 1525 1665 1693 1700 1725 1750 1843 1855 1879 2051 2064 2233 2423 2450 2486 2581 2631 2697 2710 3176
10317 : 303 464 585 616 617 724 851 855 982 1001 1010 1014 1099 1172 1394 1468 1476 1506 1534 1543 1567 1595 1720 1724 1742 1769 1860 1900 1908 1911 1978 2092 2154 2174 2188 2198 2232 2233 2267 2369 2383 2390 2406 2452 2479 2517 2568 2595 2645 2705 2738 2770 2809 2815 2833 2851 2882 2918 2923 2990 2999 3004 3111 3120 3146
10319 : 1468 1610 2082
10321 : 1385 1571 1748 2450 2931
10322 : 596 616 617 724 799 1012 1391 1425 1458 1476 1621 1751 1792 1868 2035 2061 2091 2187 2277 2314 2373 2434 2450 2522 2582 2595 2714 2764 2863 2914 2996 3067 3146
10323 : 185 2682 2882 2928 2988 3072
10325 : 1976 2092 3147 3176
10326 : 3160
10327 : 1180 2766 2954
10328 : 1698 1856 2311 2572 3077 3146
10330 : 2245 2455 2701 2916 2963 3042 3162
10339 : 2343
10340 : 321 595 964 1155 1282 1366 1389 1433 1454 1455 1588 1651 2310 2526 2895 3145
10341 : 116 2895
10342 : 2946
10343 : 1861
10344 : 282 320 860 865 1028 1135 1179 1183 1248 1262 1471 1781 2017 2138 2146 2150 2305 2316 2356 2526 2906 2912 3004 3145
10345 : 282 728 847 942 971 1117 1145 1161 1168 1183 1214 1215 1264 1305 1315 1334 1345 1348 1391 1403 1424 1427 1439 1464 1468 1469 1486 1498 1503 1523 1542 1549 1564 1591 1625 1671 1676 1680 1705 1741 1811 1854 1926 1939 2002 2092 2096 2217 2233 2317 2356 2383 2439 2456 2471 2483 2519 2645 2812 2850 2912 2937 2939 2943 3005 3080 3127 3160 3189 3199 3201 3202 3204
10346 : 1206
10367 : 3102
10369 : 103 1472 2962
10370 : 63 675 1066 1145 1210 1421 1445 1468 1516 1620 1677 1748 1889 1900 2106 2154 2304 2322 2324 2327 2450 2584 2823 2906 3028 3035
10374 : 405 1013 1381 1609 1722 2108 2144 2233 2272 2283 2857 3016 3203
10375 : 1722 1956 2275
10376 : 1111 1272 2200
10377 : 1387 1402 1423 1594 1707 1875 1916 1956 2176 2342 2569 2851 2859 2927 3048 3085 3134
10398 : 48 1116 1197 1351 1438 1643 2266
10409 : 2721
