1 : 23 30 39 40 44 46 48 54 58 60 66 68 70 71 76 78 79 82 87 90 92 93 94 96 103 104 106 111 116 122 123 124 134 142 144 146 147 153 166 173 174 175 184 185 192 195 202 203 205 218 222 224 231 236 241 242 243 248 251 252 253 254 268 272 274 277 278 280 281 282 283 284 304 319 320 321 322 327 329 332 335 348 350 351 355 361 366 367 380 383 396 397 406 407 409 417 435 438 439 440 441 443 453 462 464 476 477 478 479 483 488 491 492 495 497 527 531 533 535 536 537 545 546 553 558 567 568 581 585 593 594 595 598 605 615 616 617 619 623 624 626 628 629 630 637 644 646 653 655 658 670 671 675 676 677 678 679 681 689 691 692 694 696 698 699 717 718 719 724 726 727 728 730 731 751 752 755 757 759 761 764 767 768 794 796 799 821 824 825 827 833 842 847 848 849 850 851 854 855 856 858 861 865 867 878 887 889 891 892 893 894 895 897 925 937 940 941 942 944 949 950 953 962 963 964 971 972 973 974 979 980 981 982 990 996 1001 1002 1003 1006 1007 1008 1009 1010 1011 1012 1013 1015 1025 1026 1028 1029 1030 1031 1032 1033 1034 1035 1037 1043 1044 1045 1046 1047 1048 1049 1051 1052 1053 1062 1066 1067 1071 1072 1073 1083 1084 1087 1088 1089 1098 1099 1108 1109 1110 1111 1112 1113 1114 1116 1117 1121 1134 1135 1136 1139 1143 1144 1145 1146 1147 1148 1154 1155 1160 1161 1162 1164 1165 1166 1167 1168 1169 1170 1171 1172 1173 1179 1180 1181 1182 1183 1185 1186 1188 1192 1196 1197 1198 1199 1200 1214 1216 1223 1224 1225 1226 1230 1231 1234 1235 1237 1238 1247 1248 1252 1253 1255 1257 1258 1259 1260 1261 1262 1264 1265 1267 1268 1270 1271 1272 1274 1278 1279 1280 1281 1282 1284 1285 1286 1288 1290 1292 1293 1294 1295 1304 1305 1306 1307 1308 1309 1315 1323 1324 1325 1326 1327 1329 1330 1331 1332 1333 1334 1338 1340 1341 1344 1346 1348 1350 1351 1352 1354 1358 1359 1362 1363 1364 1365 1366 1368 1369 1379 1380 1381 1383 1384 1385 1386 1388 1389 1390 1391 1392 1394 1395 1397 1398 1399 1400 1401 1403 1404 1407 1408 1409 1410 1411 1412 1413 1415 1416 1417 1420 1421 1423 1424 1425 1426 1427 1430 1431 1432 1433 1434 1439 1440 1441 1443 1445 1453 1454 1455 1456 1457 1458 1460 1462 1465 1467 1468 1469 1470 1471 1472 1473 1474 1475 1476 1482 1484 1485 1486 1487 1489 1491 1495 1496 1497 1501 1502 1503 1504 1505 1506 1507 1510 1511 1514 1515 1516 1517 1519 1520 1523 1524 1525 1526 1527 1528 1529 1530 1533 1534 1535 1536 1540 1542 1543 1544 1545 1549 1550 1551 1552 1553 1554 1563 1564 1565 1566 1567 1568 1569 1570 1571 1572 1576 1577 1586 1587 1589 1590 1591 1592 1593 1594 1595 1601 1602 1603 1604 1605 1608 1609 1610 1612 1613 1614 1615 1616 1618 1621 1622 1623 1625 1626 1627 1628 1629 1630 1631 1632 1634 1635 1638 1641 1642 1643 1644 1646 1647 1649 1650 1651 1654 1657 1658 1659 1662 1664 1665 1667 1671 1674 1675 1676 1677 1678 1680 1681 1682 1683 1684 1685 1689 1691 1692 1693 1694 1695 1696 1697 1698 1699 1700 1703 1705 1706 1707 1708 1709 1710 1711 1712 1719 1720 1721 1724 1725 1726 1727 1728 1738 1739 1740 1741 1742 1743 1744 1745 1747 1748 1749 1750 1751 1752 1754 1764 1765 1766 1767 1768 1770 1774 1775 1782 1783 1784 1785 1786 1787 1788 1792 1805 1806 1807 1809 1810 1811 1821 1824 1825 1826 1827 1828 1829 1830 1834 1835 1836 1839 1843 1844 1845 1846 1847 1848 1852 1853 1854 1855 1856 1859 1860 1862 1868 1869 1870 1871 1873 1874 1875 1876 1877 1878 1879 1882 1884 1885 1886 1887 1888 1889 1890 1891 1892 1893 1901 1902 1906 1908 1910 1911 1912 1915 1916 1924 1925 1926 1927 1928 1929 1930 1931 1932 1933 1934 1935 1936 1937 1938 1939 1940 1942 1945 1946 1948 1954 1956 1957 1958 1959 1961 1962 1968 1974 1976 1977 1978 1988 1989 1991 1997 2000 2002 2003 2004 2015 2016 2017 2018 2019 2020 2024 2030 2031 2032 2033 2034 2035 2036 2037 2039 2042 2043 2044 2046 2047 2049 2050 2051 2052 2053 2054 2055 2058 2059 2061 2062 2064 2065 2068 2069 2075 2076 2080 2081 2082 2083 2085 2091 2092 2093 2094 2095 2096 2097 2099 2105 2106 2107 2110 2111 2112 2113 2125 2127 2128 2130 2134 2135 2137 2138 2139 2140 2141 2142 2143 2144 2145 2146 2147 2148 2150 2151 2152 2153 2155 2160 2161 2162 2163 2164 2165 2166 2167 2168 2169 2175 2176 2177 2178 2181 2184 2185 2186 2187 2188 2189 2193 2194 2195 2196 2197 2198 2200 2201 2202 2203 2204 2207 2208 2209 2210 2211 2215 2216 2217 2218 2219 2220 2226 2227 2228 2229 2230 2231 2232 2233 2245 2246 2247 2249 2251 2252 2253 2254 2261 2262 2263 2264 2265 2266 2268 2273 2274 2275 2276 2277 2279 2283 2285 2286 2287 2288 2289 2290 2291 2297 2299 2300 2301 2302 2304 2305 2307 2308 2310 2311 2314 2315 2316 2317 2318 2319 2320 2321 2322 2323 2326 2328 2335 2337 2339 2340 2341 2342 2343 2344 2345 2353 2354 2355 2356 2357 2358 2359 2366 2367 2368 2369 2370 2371 2372 2374 2375 2376 2377 2378 2379 2380 2383 2385 2387 2388 2389 2390 2392 2396 2398 2401 2402 2406 2407 2408 2410 2415 2419 2420 2421 2423 2424 2428 2430 2432 2433 2436 2437 2438 2439 2440 2449 2450 2451 2452 2453 2455 2456 2458 2469 2470 2471 2477 2479 2480 2481 2482 2483 2484 2485 2487 2488 2490 2492 2493 2494 2496 2497 2498 2499 2500 2501 2514 2515 2516 2517 2518 2519 2522 2523 2524 2525 2526 2527 2530 2534 2535 2536 2537 2538 2542 2543 2545 2546 2547 2552 2554 2555 2556 2557 2559 2560 2561 2567 2568 2569 2570 2571 2572 2574 2580 2581 2582 2584 2585 2587 2592 2593 2594 2595 2596 2597 2598 2600 2603 2604 2605 2606 2609 2610 2619 2620 2621 2622 2623 2624 2625 2626 2627 2628 2629 2630 2631 2632 2634 2643 2644 2645 2646 2648 2649 2650 2651 2652 2657 2663 2664 2666 2667 2668 2669 2670 2671 2674 2676 2680 2681 2682 2683 2684 2685 2686 2687 2688 2692 2695 2696 2697 2698 2699 2700 2701 2702 2703 2704 2705 2707 2708 2709 2710 2711 2712 2714 2715 2716 2717 2718 2719 2720 2721 2722 2723 2726 2727 2728 2729 2730 2732 2734 2737 2738 2739 2740 2741 2742 2744 2745 2746 2749 2750 2751 2752 2753 2754 2758 2764 2765 2766 2767 2768 2769 2770 2771 2772 2775 2776 2777 2780 2786 2787 2790 2794 2795 2798 2799 2801 2802 2804 2806 2810 2811 2812 2815 2816 2817 2819 2820 2821 2823 2826 2827 2828 2829 2831 2832 2833 2834 2835 2836 2837 2838 2839 2840 2841 2842 2843 2846 2847 2848 2849 2850 2851 2852 2856 2857 2858 2859 2860 2862 2864 2865 2867 2868 2869 2870 2871 2873 2876 2877 2878 2881 2882 2883 2884 2885 2886 2887 2888 2889 2890 2891 2892 2893 2894 2895 2896 2897 2898 2899 2900 2901 2903 2905 2906 2907 2912 2913 2914 2916 2918 2919 2920 2921 2922 2923 2924 2925 2926 2928 2929 2931 2934 2936 2937 2938 2939 2940 2943 2944 2945 2946 2947 2948 2949 2950 2951 2954 2955 2956 2957 2958 2959 2961 2962 2963 2966 2967 2968 2969 2970 2971 2972 2973 2977 2978 2979 2980 2981 2984 2985 2986 2987 2988 2989 2990 2991 2993 2994 2996 2997 2998 2999 3000 3001 3002 3005 3006 3010 3012 3013 3014 3015 3016 3017 3018 3020 3021 3022 3025 3026 3027 3030 3031 3032 3033 3034 3035 3036 3039 3040 3041 3042 3044 3045 3046 3047 3048 3049 3050 3052 3054 3055 3056 3057 3059 3060 3064 3066 3067 3068 3069 3070 3071 3072 3073 3074 3075 3076 3077 3078 3080 3081 3082 3083 3084 3085 3087 3089 3090 3091 3092 3093 3094 3095 3096 3097 3098 3099 3100 3102 3103 3104 3105 3106 3109 3110 3111 3112 3114 3115 3116 3117 3118 3120 3121 3124 3125 3127 3128 3129 3131 3132 3133 3134 3135 3136 3137 3138 3139 3141 3142 3143 3144 3145 3146 3147 3148 3150 3151 3152 3153 3154 3156 3157 3158 3160 3163 3164 3165 3166 3170 3172 3173 3174 3175 3176 3177 3179 3180 3181 3183 3184 3185 3188 3190 3191 3192 3193 3194 3195 3196 3199 3201 3202 3203 3204
9 : 3203
23 : 1469 1678 1747 2684 2705 2851 2931 2940 2950 2958 3000 3031 3103 3105 3128 3133
27 : 2486
28 : 675 1350 1400 1455 1524 2060 2730
29 : 332 827 854 856 972 1032 1194 1412 1552 1641 1724 1750 1792 1976 2018 2082 2106 2138 2150 2202 2358 2372 2377 2438 2452 2490 2493 2496 2516 2536 2558 2622 2626 2631 2643 2765 2816 2817 2828 2849 2869 2926 3002 3024 3053 3081 3105 3147 3156 3176
34 : 585 981 1165 1439 1516 1624 1632 1665 2036
36 : 464 759 1354 1412 1792 1855 1911 1960 2125 2263 2420 2808 2969 3005 3024 3105 3113 3138
53 : 1155
54 : 1657
55 : 617 1470 2002 2264 2340 2378 2517 2823 3113 3198
59 : 605 730 894 1134 1224 1236 1413 1433 1439 1533 1623 1641 1698 1699 1845 1890 1997 2275 2299 2527 2680 2684 2721 2864 2988 3067 3094
61 : 1389 2077 2247 2547 2710 2715 2750
64 : 1862 2341
65 : 761 1007 1046 1679 2744 3032 3138
67 : 2479
68 : 40
70 : 93 224 278 492 615 1035 1166 1295 1463 1626 1753 2108 2109 2253 2580 2625 2833 2849 2858 2918 2991 3005 3035
79 : 1519 1644 2499 3145
85 : 2627 3018 3157
86 : 1747 2893
92 : 1113 1167 1978
94 : 2471
101 : 1267 1691 2344 2452 2542 2680 2944
103 : 2301
104 : 1265
105 : 3145
106 : 3142
113 : 2233
115 : 2216 2815
120 : 1098 1252 1255 1391 1445 1457 1467 1533 1589 1651 1908 1974 2016 2233 2300 2343 2665 2750 2812 2841 2848 2865 2925 2961 3102
122 : 949 1346 1435 1674 2723 2878 2951 3020 3049
123 : 104
124 : 1925 3087
130 : 2167
131 : 3140
133 : 2597
135 : 2847
142 : 1309 2160 2165 2716 2802 3077
145 : 124 185 284 558 677 867 950 951 1015 1066 1072 1088 1097 1145 1147 1169 1171 1172 1197 1235 1265 1294 1304 1333 1346 1350 1386 1393 1395 1411 1423 1429 1431 1453 1455 1495 1501 1504 1524 1525 1540 1549 1564 1586 1594 1595 1611 1612 1613 1622 1624 1626 1679 1684 1694 1696 1709 1713 1717 1723 1727 1744 1768 1805 1826 1836 1847 1852 1853 1858 1870 1884 1885 1886 1910 1915 1930 1933 1934 1946 1956 1959 1961 1972 1973 1975 1988 2004 2030 2031 2042 2052 2053 2060 2061 2076 2094 2110 2125 2128 2134 2137 2138 2144 2146 2155 2164 2166 2174 2177 2185 2186 2194 2195 2200 2208 2209 2219 2220 2227 2245 2253 2263 2266 2274 2283 2285 2300 2301 2337 2340 2344 2366 2373 2375 2388 2395 2401 2413 2420 2421 2433 2435 2451 2453 2484 2490 2498 2513 2515 2537 2546 2554 2568 2598 2606 2628 2630 2646 2652 2657 2665 2668 2669 2670 2674 2679 2686 2695 2698 2701 2702 2703 2712 2714 2722 2745 2746 2750 2751 2754 2766 2767 2769 2779 2780 2784 2785 2794 2801 2807 2827 2828 2829 2832 2835 2836 2837 2840 2855 2858 2862 2880 2884 2886 2890 2903 2904 2916 2925 2927 2929 2936 2941 2950 2954 2963 2966 2969 2973 2986 2987 2997 3006 3018 3020 3032 3033 3034 3036 3037 3040 3054 3055 3057 3065 3069 3071 3074 3075 3082 3085 3094 3095 3100 3106 3113 3114 3118 3125 3132 3135 3138 3139 3141 3151 3154 3156 3162 3163 3164 3165 3172 3176
147 : 2383
156 : 495 961 1002 1210 1214 1262 1390 1416 1530 1534 1552 1626 1703 1783 1856 1989 2078 2106 2130 2138 2153 2193 2201 2273 2314 2377 2389 2699 2723 2732 2754 2785 2843 2857 2897 2898 2928 2940 3067 3097 3192
160 : 1144
161 : 1084 3175
166 : 2541 3183
183 : 1051 1071 1088 1154 1272 1315 1326 1327 1441 1525 1658 1728 1828 1886 2019 2030 2033 2162 2169 2196 2219 2246 2289 2302 2424 2455 2499 2646 2669 2680 2703 2742 2828 2829 2876 2883 2907 2996 3066 3072 3081 3091 3097 3111 3203
188 : 9 20 23 29 40 52 71 78 79 80 88 95 104 106 130 202 224 253 254 274 275 278 282 320 321 333 350 368 393 397 435 464 492 497 531 533 536 545 585 596 598 615 616 619 630 636 637 644 655 671 677 690 691 699 727 730 753 755 788 794 796 827 848 867 891 894 912 950 954 972 1005 1007 1012 1015 1025 1030 1031 1032 1033 1035 1048 1049 1062 1066 1087 1108 1113 1114 1116 1122 1134 1135 1144 1145 1146 1147 1155 1159 1160 1162 1165 1166 1169 1173 1179 1180 1185 1186 1187 1188 1195 1215 1216 1223 1225 1226 1233 1235 1236 1247 1252 1253 1255 1257 1258 1259 1260 1261 1264 1265 1267 1270 1271 1272 1274 1292 1295 1305 1314 1323 1326 1332 1334 1344 1348 1350 1351 1359 1363 1365 1366 1379 1380 1381 1384 1385 1386 1388 1390 1392 1393 1394 1395 1403 1404 1409 1410 1411 1415 1421 1423 1428 1431 1432 1433 1455 1460 1464 1468 1470 1471 1472 1487 1489 1491 1496 1497 1498 1504 1514 1516 1517 1518 1524 1526 1534 1541 1542 1544 1549 1550 1551 1567 1568 1570 1571 1572 1587 1589 1590 1591 1595 1601 1608 1609 1614 1616 1623 1625 1626 1628 1632 1641 1644 1646 1647 1651 1652 1654 1664 1665 1676 1679 1681 1682 1696 1699 1700 1706 1709 1710 1717 1722 1725 1726 1727 1728 1734 1738 1739 1741 1744 1746 1747 1751 1754 1766 1784 1787 1790 1805 1809 1810 1811 1824 1825 1827 1828 1834 1847 1852 1855 1856 1858 1862 1868 1869 1879 1880 1885 1890 1891 1900 1905 1908 1915 1925 1928 1930 1934 1937 1945 1948 1951 1958 1961 1962 1974 1976 1978 1988 1989 1997 1999 2002 2003 2004 2017 2018 2022 2030 2033 2035 2042 2047 2049 2050 2051 2052 2054 2059 2060 2061 2065 2080 2081 2082 2083 2094 2096 2105 2108 2110 2113 2125 2126 2129 2134 2136 2144 2145 2149 2152 2153 2154 2155 2162 2166 2167 2174 2175 2176 2177 2178 2184 2187 2188 2194 2196 2200 2201 2207 2208 2211 2215 2218 2220 2231 2232 2233 2245 2252 2254 2263 2264 2265 2268 2274 2276 2283 2288 2289 2297 2301 2305 2307 2308 2314 2319 2327 2340 2341 2342 2344 2356 2359 2365 2366 2371 2372 2377 2379 2388 2389 2390 2396 2398 2400 2402 2407 2409 2413 2420 2423 2424 2433 2437 2438 2444 2451 2452 2455 2479 2480 2483 2484 2491 2497 2499 2515 2518 2535 2536 2538 2541 2543 2544 2546 2554 2555 2560 2568 2572 2573 2581 2582 2592 2594 2595 2596 2597 2598 2604 2605 2606 2610 2622 2624 2625 2628 2631 2632 2642 2648 2652 2656 2665 2666 2667 2669 2683 2684 2686 2687 2692 2695 2696 2699 2702 2703 2704 2711 2712 2714 2715 2721 2722 2737 2738 2739 2740 2742 2744 2749 2750 2754 2759 2767 2786 2787 2788 2794 2795 2798 2802 2804 2808 2809 2812 2819 2826 2828 2832 2838 2840 2848 2849 2851 2856 2857 2858 2862 2865 2868 2875 2877 2883 2886 2888 2889 2890 2891 2893 2900 2901 2904 2905 2907 2911 2912 2913 2919 2921 2922 2924 2925 2926 2927 2928 2929 2931 2937 2939 2941 2950 2956 2957 2958 2961 2965 2968 2969 2973 2977 2980 2981 2986 2988 2990 2991 2993 2994 3001 3002 3005 3006 3008 3012 3013 3015 3021 3024 3027 3031 3033 3034 3036 3039 3040 3041 3042 3053 3054 3055 3058 3065 3066 3067 3068 3070 3071 3074 3075 3077 3081 3084 3085 3086 3088 3090 3091 3093 3094 3095 3096 3100 3101 3103 3104 3106 3109 3110 3111 3115 3116 3120 3124 3130 3131 3132 3133 3134 3137 3138 3139 3141 3146 3147 3148 3149 3151 3152 3153 3154 3156 3157 3158 3160 3163 3164 3165 3167 3168 3169 3172 3173 3176 3183 3190 3193 3200 3204
189 : 95 2370
193 : 1380 1505
208 : 1113
216 : 2721
222 : 1155 1698 1811 1988 2092 2989 3163
232 : 695 1083 1117 1143 1194 1410 1420 1620 1925 2097 2289 2341 2868 3163
236 : 2470 3071
243 : 329 462 595 616 824 855 856 1028 1029 1135 1145 1308 1348 1358 1384 1398 1412 1439 1487 1488 1507 1567 1609 1646 1653 1686 1721 1748 1844 1874 1901 1923 2034 2060 2152 2163 2187 2210 2215 2247 2276 2283 2305 2356 2369 2437 2518 2545 2546 2572 2582 2593 2688 2711 2716 2718 2741 2856 2871 2876 2883 2907 2919 2920 2922 2931 2967 3015 3068 3094 3105 3134 3148 3153 3157 3185
250 : 2252
265 : 1290
267 : 1290
268 : 282 435 679 698 1185 1290 1469 1543 1652 1665 1671 1678 1809 1890 1927 1978 2033 2078 2113 2180 2208 2317 2421 2547 2556 2604 2737 2813 2925 3074 3092 3165
269 : 2081
273 : 848 1033 1565 1645 3101
277 : 695 2176
278 : 251
288 : 615 1234 1334 1624 2016 2064 2211 2254 2283 2289 2514 2685 2697 2884 2916 2956 2973 2999 3027 3124 3143
293 : 1349 1653 2181 2198 2204
303 : 1408 2344
307 : 3120
309 : 1684 1770 1885 2377
312 : 1108 2373
313 : 1159 1235 1279 2888
315 : 71 78 1166 1428 1543 1572 2051 2387 2828 3124
316 : 3081
336 : 1379
338 : 941
339 : 92 242 730 1087 1145 1159 1253 1265 1385 1392 1505 1523 1571 1834 1908 2020 2053 2135 2148 2208 2305 2322 2558 2631 2656 2922 3045 3116
347 : 1735
349 : 2054
350 : 2843
357 : 236 435 527 1382 1468 1470 1854 1862 2314 2572 2580 2679 2696
365 : 1154 1665 2061 2112 2327 2449 2931
366 : 972
376 : 616
380 : 71 670 796 1145 1392 1475 1806 2109 2141 2656 3112 3201
381 : 1847
387 : 1048
388 : 2865
400 : 63 1506 1641 1783 2807
402 : 462 761 1384 1435 1454 1770 1809 1905 2181 2390 2646 3027
403 : 2707 3040
405 : 1665 3182
406 : 731 1200
408 : 1155 1905 2868
429 : 2554
432 : 2554
435 : 670 671 1412 1844 3105
456 : 1199 1358 1412 1425 1430 1684 1783 1828 1843 1852 1892 1939 1959 2046 2126 2144 2198 2200 2313 2450 2452 2484 2493 2561 2593 2646 2765
459 : 71 111 252 585 596 637 670 679 796 942 1015 1026 1066 1113 1166 1170 1238 1290 1304 1345 1379 1392 1404 1409 1411 1415 1425 1429 1431 1470 1497 1503 1505 1528 1564 1566 1588 1589 1611 1616 1652 1659 1693 1699 1705 1748 1751 1753 1754 1768 1769 1854 1905 1923 1960 2002 2030 2184 2189 2275 2277 2299 2438 2547 2646 2716 2816 2826 2843 2919 2922 2924 2978 3017 3049 3072 3073 3077 3096 3143 3150 3157 3199
465 : 1135 1264 1396 1519 1523 1544 1550 1752 1844 1908 2130 2219 2357 2534 2878 3025 3049 3129
479 : 40 48 71 78 95 103 106 111 116 185 202 205 222 224 254 272 282 319 320 321 322 367 396 409 417 435 440 441 462 464 492 495 497 527 531 536 558 595 598 605 616 617 630 670 675 677 693 696 699 719 726 728 755 796 849 850 854 855 856 861 865 867 894 942 944 949 950 961 972 973 974 981 1002 1006 1008 1010 1012 1013 1014 1025 1028 1029 1032 1033 1035 1044 1045 1049 1052 1066 1071 1088 1099 1109 1112 1117 1135 1143 1154 1155 1162 1165 1166 1169 1170 1179 1186 1196 1198 1200 1206 1212 1216 1223 1226 1231 1236 1248 1252 1258 1259 1262 1264 1267 1270 1272 1278 1280 1282 1290 1292 1294 1295 1306 1307 1308 1309 1314 1315 1323 1324 1327 1333 1340 1346 1350 1351 1354 1359 1362 1363 1365 1366 1379 1381 1386 1388 1390 1393 1404 1408 1409 1410 1411 1412 1413 1417 1420 1421 1427 1432 1433 1435 1441 1454 1455 1457 1458 1459 1464 1465 1467 1468 1469 1470 1473 1474 1482 1484 1488 1489 1491 1497 1501 1502 1505 1506 1516 1517 1519 1527 1528 1530 1535 1536 1540 1542 1543 1544 1548 1549 1552 1554 1565 1571 1572 1591 1594 1595 1602 1605 1608 1609 1610 1612 1613 1614 1620 1622 1623 1625 1626 1630 1631 1635 1638 1643 1646 1647 1649 1650 1652 1653 1654 1664 1665 1671 1673 1676 1677 1678 1679 1680 1691 1692 1693 1695 1697 1698 1699 1700 1703 1705 1706 1707 1710 1711 1712 1713 1721 1722 1726 1727 1735 1738 1739 1741 1749 1751 1754 1767 1768 1784 1787 1788 1805 1806 1808 1810 1825 1827 1828 1834 1835 1836 1844 1845 1846 1847 1852 1853 1856 1859 1862 1869 1870 1871 1874 1878 1885 1886 1888 1889 1891 1902 1907 1908 1909 1911 1912 1916 1924 1928 1930 1931 1934 1936 1939 1946 1951 1956 1957 1958 1961 1962 1974 1975 1976 1977 1978 1988 1997 1998 2002 2015 2018 2020 2030 2033 2035 2036 2046 2047 2052 2053 2060 2061 2064 2080 2081 2083 2092 2093 2095 2097 2106 2109 2110 2112 2113 2125 2127 2135 2138 2139 2142 2144 2145 2146 2152 2155 2160 2167 2169 2175 2176 2177 2178 2179 2184 2185 2186 2188 2189 2192 2194 2195 2196 2197 2201 2204 2208 2210 2215 2219 2229 2230 2231 2232 2233 2245 2247 2252 2254 2261 2263 2264 2273 2275 2276 2285 2289 2298 2299 2301 2304 2306 2310 2312 2314 2315 2319 2320 2321 2322 2323 2324 2340 2341 2343 2344 2354 2355 2356 2365 2369 2371 2372 2373 2376 2377 2378 2388 2390 2400 2401 2402 2406 2409 2420 2421 2424 2433 2437 2439 2451 2452 2453 2456 2470 2480 2482 2483 2484 2487 2490 2493 2494 2496 2497 2498 2499 2500 2513 2519 2525 2526 2534 2535 2542 2543 2545 2555 2558 2559 2567 2568 2569 2572 2579 2582 2592 2593 2594 2595 2598 2603 2606 2609 2610 2621 2622 2625 2628 2633 2645 2646 2648 2650 2652 2665 2666 2668 2670 2680 2682 2683 2687 2692 2695 2699 2700 2701 2702 2703 2704 2705 2710 2711 2712 2717 2722 2723 2726 2730 2732 2733 2734 2737 2739 2740 2742 2744 2749 2750 2753 2765 2766 2767 2771 2777 2784 2786 2787 2799 2801 2802 2805 2806 2807 2808 2811 2816 2817 2821 2826 2827 2828 2832 2833 2835 2836 2838 2840 2841 2845 2846 2847 2848 2849 2850 2851 2855 2856 2859 2862 2863 2864 2865 2866 2871 2876 2877 2880 2881 2882 2883 2885 2886 2887 2888 2898 2900 2901 2903 2905 2911 2912 2914 2918 2919 2920 2921 2922 2924 2925 2927 2928 2929 2931 2936 2938 2939 2940 2943 2944 2945 2946 2947 2949 2951 2954 2956 2957 2963 2966 2968 2969 2970 2971 2972 2973 2981 2985 2986 2987 2989 2990 2994 2996 2997 3002 3005 3008 3009 3013 3014 3015 3016 3017 3018 3020 3021 3031 3032 3033 3034 3036 3037 3039 3041 3047 3050 3052 3053 3056 3058 3059 3064 3065 3069 3076 3077 3078 3080 3081 3082 3084 3086 3087 3091 3092 3096 3097 3099 3101 3103 3104 3105 3106 3109 3110 3111 3112 3114 3115 3120 3121 3124 3127 3128 3129 3132 3133 3136 3142 3144 3146 3147 3148 3149 3150 3152 3154 3156 3157 3163 3164 3166 3171 3172 3180 3181 3182 3188 3189 3193 3196 3200 3201 3202 3203 3204
482 : 3011
485 : 92 2692
487 : 3076
489 : 1323 1486 1614 1691 1728 1827 1884 1890 2450 2522 2668 2741 2838 2859 2862 2864 2876 2895 2911 2916 3000 3006 3042 3052 3077
496 : 2106 3052
501 : 2177
511 : 1188 1651 2233 2344 3047 3053
535 : 1034 1810
538 : 3107
545 : 1206 2890
551 : 2931
552 : 435 1433
554 : 2928
569 : 265 1162 1870 2162 2211 2451 2665 2846 2927 3074 3096 3097 3115
576 : 1424 2180
579 : 1425
585 : 1099 1740
589 : 284 726 794 1062 1614 1665 1677 1724 1835 1869 1888 1890 2137 2230 2341 2596 2684 2732 2768 2845 2902 2911 2955 2958 3097 3106 3152
591 : 675 1067
602 : 1906 2471
616 : 670
621 : 1001
630 : 2034
645 : 2680
651 : 536 1154 1523 1635 1931 1997 1998 2031 2049 2110 2402 2555 2571 2701 2710 2784 2837 2921 2925 2927 3050 3082 3086 3118 3152 3156
656 : 1113
668 : 1740
669 : 2327
672 : 2497 2850
680 : 1108
681 : 1341
682 : 1050 1806 2962
700 : 1385 2145 2390 2741
703 : 322 1382 1384 1809 2017 2181 2187 2308 2810
704 : 2849 3032
705 : 3182
706 : 1083 2020 2499
709 : 867 2175
715 : 3065
717 : 1161 1397 1506 2494
725 : 2196
729 : 891
733 : 1976 2203 2860
736 : 2977
739 : 1698 1708 2175 2176 2376 2421 2481 2597 2646 2747 2946
743 : 1389 1626 1786 2470 2771 2849 3077
745 : 527 796 942 1462 1530 1695 1710 1810 1972 2667 2832 3012 3024 3041 3049
747 : 1014 1170 1651
752 : 46 417
780 : 3094 3118
784 : 282
785 : 441
787 : 2744
800 : 2253
805 : 2193 2962 3170
809 : 417 698 824 1470 1705 1788 2377 2764 3069
814 : 251
816 : 116 1161
817 : 2370
819 : 1385
822 : 2944
837 : 397 1264 1700
842 : 2811
843 : 531 1143 1810 3005
852 : 2811
861 : 222 224 241 282 531 854 1159 1180 1333 1346 1387 1423 1430 1527 1528 1586 1713 1884 1936 1946 1974 2031 2150 2177 2216 2274 2276 2354 2455 2499 2522 2554 2567 2570 2571 2682 2701 2714 2723 2770 2851 2852 2858 2916 2963 2978 2993 3048 3087 3110 3117 3121 3162 3195 3196
865 : 3052
866 : 1210 1589 3087
868 : 1194 1678 1771
880 : 2320
895 : 731 1295 2289 2665 2696 3083 3112
897 : 2289 2882 3165
899 : 849
900 : 585 1108 1199 1224 1308 1503 1572 1604 1809 2315 3013 3050
901 : 696 972 982 1181 1412 1642 1653 1805 1889 1892 2113 2197 2302 2481 2849 2870 2893 2949 3132 3141 3158
902 : 3013
910 : 492 1216 1464 2571 3085
912 : 3195
913 : 2813
915 : 1468
918 : 2471
926 : 1652 1742 2499
930 : 265 794 1084 1162 1230 1290 1455 1497 1593 1652 1665 1726 1739 1948 2215 2370 2485 2494 2643 2674 2687 2809 2820 2901 2916 2948 3131 3193 3202
933 : 2985
938 : 1348 2289 2492
948 : 243 282 2424 2871 2970
949 : 1025
950 : 2289
953 : 396
962 : 2483
966 : 679 730 1272 2289
972 : 116
973 : 2322
978 : 2525
979 : 300 940 1265 1507 1517 1587 2051 2106 2125 2139 2188 2692 2702 2717 2753 2767 2829 2971 3012 3077 3192 3204
995 : 1975 2620 2621
997 : 63
999 : 1424 1623 1906 2003 2145 2189 2230 2469
1001 : 367 1594 1742 2189 2857 2947
1007 : 2308
1009 : 1225 1698 2323 2777 3030
1021 : 185 319 321 462 527 719 755 1110 1135 1196 1235 1255 1379 1456 1469 1496 1527 1706 1811 1876 1911 2019 2061 2110 2111 2135 2164 2179 2189 2194 2196 2219 2301 2320 2389 2518 2546 2594 2603 2695 2698 2701 2728 2771 2859 2885 2921 2955 2978 2993 3042 3065 3067 3077 3080 3099 3118 3132 3134 3165 3184
1022 : 1152 1441 2709 3058
1025 : 2153
1028 : 3133
1031 : 2380 2931
1032 : 1465 1628 1745 1928 2233 2483 2750
1048 : 2692
1049 : 2692 2828
1051 : 2749
1052 : 2145 2146 2420 2483 2873 3042 3065 3077
1053 : 1389 2145
1054 : 2524
1055 : 867 2994
1057 : 2523
1060 : 2483
1062 : 2494
1066 : 2849
1074 : 48 123 144 1066 1088 1160 1223 1234 1235 1331 1362 1389 1390 1523 1551 1564 1613 1651 1652 1665 1726 1807 1824 1886 1947 2107 2233 2253 2423 2433 2453 2491 2621 2622 2651 2692 2701 2748 2801 2821 2834 2858 2888 2897 2929 2944 2968 3005 3027 3054 3066 3080 3175
1075 : 1235
1076 : 1677 2064
1096 : 2737
1100 : 696 1826
1101 : 1853 1878 1972 2723
1110 : 1891 2287 3139
1113 : 1433 1651 1725 2194 2289 2372 2557 2695 3138
1118 : 2106 2113
1123 : 409 972 1341 1409 1470 1671 1681 1824 1923 1937 2035 2483 2629 2947
1124 : 3191
1130 : 104 144 670 981 1062 1098 1135 1182 1223 1234 1261 1264 1265 1280 1308 1393 1410 1412 1443 1486 1519 1608 1807 1846 1947 1958 2002 2031 2181 2319 2365 2537 2569 2692 2745 2835 2860 2940 2963 2986 3043 3049 3077 3100 3113 3114 3118 3130 3134 3135 3156 3157 3199
1136 : 799 1135 1279 1634 1972 2137 2633 2651 2739 2787 3005 3074 3112
1139 : 2354 2355 2377
1141 : 850 860 974 1098 1171 1225 1265 1350 1366 1387 1483 1503 1517 1860 1908 1998 2053 2093 2110 2179 2186 2249 2263 2344 2369 2413 2451 2483 2494 2874 2905 2967 2968 2973 2978 3020 3139
1148 : 1695 1874 2109 2200 3014 3026
1152 : 321 396 409 679 1028 1043 1135 1172 1349 1359 1381 1383 1412 1415 1454 1456 1462 1524 1525 1536 1571 1588 1614 1679 1769 1806 1860 1988 1998 2020 2198 2263 2314 2343 2366 2544 2598 2687 2692 2723 2742 2771 2815 2826 2979 3010 3020 3027 3077 3087 3121 3150
1158 : 2060 2378 2802
1159 : 1856 2167
1161 : 2141
1162 : 1516
1166 : 40 48 58 71 92 93 104 106 144 173 185 202 236 242 251 276 278 282 303 320 322 417 464 495 531 558 585 595 617 644 671 678 695 698 728 758 796 825 828 829 851 854 858 860 865 940 962 963 964 971 1001 1002 1003 1010 1014 1026 1030 1051 1066 1071 1073 1088 1098 1099 1108 1116 1144 1145 1155 1159 1169 1172 1179 1184 1188 1195 1196 1197 1200 1214 1235 1247 1252 1257 1260 1261 1270 1272 1281 1306 1309 1315 1323 1325 1326 1327 1329 1334 1341 1347 1354 1365 1366 1368 1383 1385 1388 1394 1409 1412 1427 1428 1429 1433 1435 1445 1453 1454 1471 1473 1487 1496 1503 1506 1516 1517 1518 1525 1526 1542 1543 1550 1551 1553 1554 1566 1590 1591 1592 1595 1602 1605 1610 1615 1627 1631 1641 1642 1652 1654 1659 1664 1671 1677 1678 1680 1682 1686 1691 1697 1698 1700 1703 1726 1735 1741 1742 1745 1747 1751 1754 1764 1771 1805 1808 1809 1829 1834 1843 1844 1845 1846 1868 1889 1890 1891 1892 1901 1905 1906 1908 1912 1916 1926 1929 1936 1939 1946 1951 1962 1976 1978 1997 2003 2004 2016 2054 2062 2078 2091 2095 2096 2105 2106 2130 2144 2147 2151 2152 2153 2180 2181 2186 2187 2188 2194 2196 2197 2201 2211 2215 2220 2232 2233 2245 2249 2261 2262 2268 2273 2277 2285 2286 2287 2297 2300 2303 2304 2306 2308 2309 2310 2317 2318 2319 2322 2326 2339 2343 2357 2367 2368 2371 2377 2378 2383 2389 2390 2396 2402 2406 2423 2447 2453 2479 2481 2485 2486 2494 2496 2501 2516 2519 2522 2527 2535 2536 2538 2555 2560 2569 2580 2592 2593 2598 2620 2621 2622 2624 2625 2631 2634 2643 2645 2646 2667 2674 2687 2718 2727 2739 2742 2751 2753 2776 2785 2812 2820 2823 2849 2852 2856 2869 2870 2871 2878 2881 2893 2894 2899 2918 2919 2924 2947 2948 2949 2962 2966 2967 2969 2977 2984 2985 2988 2996 3003 3012 3022 3024 3026 3028 3032 3036 3038 3049 3050 3052 3068 3070 3072 3078 3088 3091 3097 3107 3116 3117 3129 3130 3136 3140 3150 3153 3154 3160 3173 3176 3182 3192 3193 3195 3200 3202 3204
1168 : 2095
1173 : 173 329 409 527 644 1051 1066 1194 1200 1306 1409 1423 1455 1462 1482 1627 1845 1854 1959 2046 2220 2232 2341 2482 2491 2541 2582 2597 2717 2741 2851 2864 2977 2989 2990 3043 3067 3081 3082 3087
1175 : 1384 1747 2020 2186 2406
1191 : 2890 3084
1192 : 1788 1906 2052 3018 3142
1194 : 2739
1195 : 1676
1200 : 1146
1205 : 2321
1214 : 320 615 1143 1226 1674 1885 2166 2538 2584 2595 2890
1216 : 950 1518 2232 2516 3005
1219 : 405 1099 1223 1391 1594 1644 1727 2093 2265 2567 2620 2697 2712 2799 2880 2885 2973 3046 3052 3163
1223 : 1939 2275 2821 2895 2929 2938 2949 2993
1224 : 867 1609 3040
1225 : 71 944 1469 1695 1707 1825 1870 1957 2002 2031 2076 2167 2179 2210 2231 2518 2630 2920 2979 2990 3087
1232 : 58
1233 : 95 1029 1315 1626 1677 1725 1930 2030 2033 2095 2202 2582 2643 2728 2730 3110
1237 : 409 1384 1542 1747 1856 2050 2064 2343 2396 2501 2765 2931 2998
1238 : 1182 1359 1544 1548 1553 1682 1708 1874 2017 2030 2060 2184 2603 2651 2754 2832 2947 3028 3076 3081 3087 3153
1244 : 699 1568 1871 1925 2125 2287 2547 2633 2656 2883 2925 3000
1249 : 2692 2907 2923 3010 3035
1251 : 59 104 251 617 679 691 696 971 972 1033 1034 1108 1113 1135 1199 1213 1290 1304 1308 1331 1348 1362 1385 1409 1432 1463 1476 1542 1552 1589 1591 1603 1621 1652 1671 1680 1747 1805 1844 1858 1906 1916 1929 1947 1962 1974 2000 2003 2059 2060 2080 2083 2202 2254 2287 2307 2314 2320 2344 2366 2370 2433 2438 2439 2499 2514 2571 2626 2651 2668 2701 2709 2821 2826 2851 2876 2877 2878 2888 2893 2901 2922 2923 2928 2939 2940 2985 3011 3014 3034 3035 3048 3050 3072 3081 3101 3105 3120 3128 3131 3153 3154 3183
1257 : 1172 1308 2211 2276 2339 2619 2969
1258 : 1915 2019 2498 2692 2737 2753 2997 3151
1269 : 1044 1066 2138
1271 : 1001 1711 2822
1276 : 272 276 619 695 796 1035 1173 1179 1225 1260 1392 1433 1456 1506 1525 1587 1626 1641 1647 1708 1738 1750 1930 1956 2033 2113 2211 2421 2423 2516 2669 2764 3046 3098 3130 3201
1280 : 2692
1286 : 1003 1010 1112 1121 1307 1621 1738 1886 2050 2233 2265 2402 2561 2592 2605 2683 2802 2888 2896 3016 3142 3154
1290 : 824 1768 2015 2523 2619
1298 : 1948
1300 : 96 558 718 1071 1088 1113 1489 1610 1719 1745 1901 1908 1936 2015 2062 2097 2140 2153 2188 2219 2344 2354 2355 2357 2424 2453 2493 2596 2604 2631 2633 2634 2652 2674 2688 2712 2738 2750 2816 2821 2839 2846 2847 2860 2882 2889 2925 2967 2978 2984 3020 3041 3050 3053 3067 3092 3113 3125 3136 3137
1310 : 1665 2051 2219 2579 2698 2833
1311 : 254 3056
1325 : 1046 1290 1404 2179 2523 2706 3188
1334 : 2483 2571 2620 2682
1346 : 598 1327 1570 2080 2315 2594 2632
1348 : 3180 3191
1352 : 671 675 854 1326 1350 1353 1629 1719 1747 1826 1938 2003 2035 2247 2268 2300 2375 2523 2765 2800 2871 2957 2968 3129
1353 : 1182 1398 1524 2174 2207 2858 2863 2950
1356 : 321
1358 : 397 1412 2181
1360 : 1844
1361 : 1906
1367 : 2433 2865
1383 : 1888 2076 2487 2488 2656
1392 : 1445 2163 2181
1393 : 2181 2899
1394 : 1381 1659 1889 1927 2180 2187 2345 2407 2479 3130
1400 : 1543 1664
1404 : 1260 1433
1407 : 2051
1411 : 1369 2665 2954
1414 : 2233
1436 : 2117
1438 : 2494
1442 : 40 68 95 106 251 252 272 278 409 414 435 533 595 605 616 617 670 675 696 825 849 851 855 892 944 972 981 1003 1012 1034 1043 1066 1088 1098 1108 1135 1143 1161 1180 1181 1195 1206 1224 1226 1247 1252 1260 1270 1271 1281 1290 1307 1309 1326 1327 1359 1385 1389 1410 1412 1417 1431 1433 1435 1439 1457 1465 1470 1476 1485 1489 1507 1517 1527 1533 1543 1548 1552 1570 1587 1588 1604 1614 1626 1627 1637 1649 1650 1651 1671 1677 1681 1693 1695 1710 1711 1719 1728 1742 1753 1768 1769 1811 1827 1828 1835 1860 1861 1868 1902 1916 1929 1937 1947 1959 1973 1977 2002 2016 2033 2046 2051 2060 2062 2064 2065 2078 2081 2083 2092 2113 2138 2141 2147 2155 2169 2176 2178 2184 2188 2196 2198 2202 2204 2211 2217 2218 2233 2245 2252 2253 2254 2275 2286 2299 2310 2313 2314 2320 2341 2342 2358 2366 2372 2406 2421 2424 2433 2450 2451 2452 2470 2484 2485 2493 2494 2516 2522 2547 2561 2582 2593 2594 2620 2622 2646 2651 2667 2688 2699 2710 2715 2716 2717 2718 2722 2727 2734 2750 2765 2779 2787 2798 2799 2815 2817 2819 2821 2822 2823 2832 2846 2849 2851 2864 2877 2882 2887 2888 2893 2894 2906 2911 2912 2923 2931 2939 2940 2951 2956 2957 2958 2962 2966 2969 2971 2977 2993 2999 3002 3008 3012 3022 3031 3032 3039 3048 3049 3066 3067 3068 3069 3087 3095 3101 3103 3104 3105 3109 3115 3120 3124 3132 3133 3138 3147 3149 3151 3152 3158 3165 3166 3167 3177
1449 : 92 329 3024 3117
1451 : 731 3114
1455 : 785
1460 : 2959
1462 : 2228 2482 2500 2851 2920
1463 : 265 435 462 759 1280 1408 1455 1588 1685 1697 2317 2319 2940 3047 3069 3077
1465 : 222 1665 1808 1846 2200 3017 3064
1466 : 2450
1469 : 3145
1472 : 1143
1479 : 1160 1264 1348 1651
1492 : 2274 2764
1493 : 2233
1495 : 1465
1502 : 409 483 527 867 1026 1265 1295 1379 1390 1403 1410 1425 1439 1460 1471 1488 1491 1590 1614 1653 1654 1665 1683 1684 1693 1705 1751 1753 1901 1936 1938 1956 1957 2015 2059 2065 2078 2114 2152 2178 2192 2209 2210 2214 2228 2248 2254 2264 2320 2323 2326 2369 2379 2456 2492 2632 2722 2802 2907 2920 2950 2957 2971 3128 3132 3149 3157
1510 : 1409 2150 2218 2344
1523 : 1382 1526 1735 1810 2016 2262 2277 2297 2572 2668 3067 3072 3129
1540 : 1046
1542 : 1608 1642 1878 2176 2499 2833 2883 2945 3110
1544 : 2376
1547 : 1454
1549 : 1170 2106 2598 2692 2914
1550 : 2295 2805
1557 : 3094
1562 : 46 63 173 251 276 671 796 799 854 1025 1030 1087 1108 1135 1159 1188 1200 1206 1252 1258 1308 1314 1392 1395 1408 1409 1433 1435 1457 1460 1469 1484 1503 1534 1571 1572 1605 1629 1646 1671 1724 1726 1742 1746 1748 1749 1750 1753 1835 1844 1853 1877 1892 1927 1937 1959 1960 1978 2003 2035 2061 2095 2105 2106 2138 2145 2152 2167 2188 2201 2204 2218 2230 2246 2247 2254 2277 2288 2299 2314 2319 2321 2322 2343 2357 2358 2370 2380 2433 2450 2451 2452 2469 2484 2514 2522 2534 2541 2542 2546 2572 2604 2626 2632 2685 2687 2698 2705 2717 2718 2738 2740 2753 2786 2802 2812 2826 2841 2860 2867 2868 2873 2897 2948 2957 2978 3000 3002 3004 3011 3012 3023 3025 3027 3028 3030 3031 3049 3087 3137 3146 3147 3174 3201 3204
1564 : 96
1567 : 3177
1570 : 48 531 1108 1164 1491 1629 1671 1748 1989 2177 2254 2310 2457 2470 2828 3103
1571 : 1622 1665 2500 2811 3001 3034 3066 3116
1578 : 68 1384 1572 1767 1788 1901 1978 2134 2181 2274 2598 2826 3024 3091 3145 3150
1579 : 58 284 435 671 691 1071 1134 1170 1325 1347 1381 1385 1409 1412 1534 1553 1572 1601 1605 1653 1695 1745 1752 1771 1807 1885 1889 1974 2004 2092 2127 2197 2198 2247 2254 2283 2298 2311 2316 2317 2327 2379 2402 2483 2492 2526 2684 2705 2721 2751 2776 2787 2808 2812 2899 2906 2919 2939 2958 2977 2999 3060 3073 3091 3121 3140 3148 3203
1589 : 1871
1595 : 1425 1535 2230
1596 : 698
1597 : 1484 2534
1610 : 2202 2526 2819 2911 3055 3144
1612 : 321 595 891 1049 1167 1324 1524 1602 1698 1727 1738 2001 2188 2683 2684 2692 2896 2897 2990 3065 3099 3140 3142 3157 3166
1619 : 1725 2744
1621 : 3164
1623 : 1806
1627 : 699 1542 1554 1589 1978 2341 2876 3188
1634 : 278 940 1003 1066 1113 1181 1194 1412 1454 1554 1571 1593 1652 1724 1939 2047 2179 2186 2289 2358 2396 2542 2625 2631 2712 2890 2922 3033 3184 3192 3193
1640 : 1869
1642 : 1206
1653 : 2342
1657 : 146 1087 1978 2061 2167 2568 2610 2621 2919 3030
1659 : 527 1012 2716
1660 : 414 694 695 696 855 1427 1712 1844 1962 2218 2359 2516 2597 2628 2646 2680 2720 2816 2891 3134
1666 : 1033 1067 1467 1534 1591 1680 1695 1697 1741 1742 1891 1937 1977 2002 2035 2065 2152 2188 2211 2370 2399 2421 2604 2674 2687 2744 2802 2820 2864 2913 2928 2959 2994 3081 3114
1670 : 409 971 1052 1160 1628 1725 2150 2247 2373 2628 2862 2957 2996
1672 : 1652 2287 2558 2851 3023
1682 : 1975
1685 : 1292 1393 1497 1975 2031 2664
1692 : 1194 1236 1290 1476 1489 1652 1935 2233 2307 2711 2990 3036 3038
1694 : 1346 2217 2956
1707 : 1427 2687 2994
1711 : 3052
1712 : 1651
1717 : 2141 2629
1722 : 1308
1724 : 1602
1726 : 1051 1412 1615
1727 : 1354 2354
1728 : 1155 1362 1527 1528 1615 1861 1925 1934 2165 2204 2433 2572 2593 2918 2994 3004
1734 : 414 858 1108 1740 1844 2245 2682 2720 2826
1735 : 2188 3093
1736 : 2698
1739 : 48 272 619 796 856 1035 1173 1408 1534 1626 1741 1892 2496 2628 3097
1742 : 1750 2497
1746 : 695 1350 1385 1387 1411 1425 1441 1605 1638 2094 2302 2493 2500 2569 2816 2842 2882 2970 3191
1754 : 1498
1758 : 252 1743
1768 : 2048
1773 : 531 1170 1290 1292 1476 1567 2175 2307 2455 2584 2598 2696 2819 2868 2874 3096
1774 : 2785 3109
1779 : 1238 1727 2367 2857 3120
1780 : 1049
1782 : 1456
1784 : 2304
1800 : 2721
1801 : 1871 2061
1804 : 2650
1805 : 1502 2582 2815
1812 : 858 1108 1260 1399 1458 1470 1474 1526 1570 1632 1650 1671 1675 1936 2198 2247 2264 2302 2344 2354 2358 2379 2516 2536 2541 2571 2652 2669 2734 2765 2860 2882 2892 2937 2991 3052 3137 3153
1816 : 322 435 1163 1423 1433 1476 1825 2017 2034 2169 2263 2315 2323 2433 2534 2598 3024 3035 3046 3098 3181 3201
1826 : 2805 2806
1848 : 2142
1851 : 224 615 1012 1072 1261 1544 1638 1693 1847 1997 2289 2401 2484 2829 2834 2885 3027 3163
1857 : 531
1885 : 1475 2092 2716 3031
1896 : 2968
1900 : 1908 2229 2273 2486 2734 2911 2916 2921 3074 3142
1902 : 1467
1918 : 630 1805
1920 : 116
1925 : 2127
1929 : 972 1032 1033 2811 2931
1940 : 1033 1099 1224 1247 1359 1458 1459 1601 1604 1626 1962 2017 2035 2036 2080 2105 2175 2245 2307 2314 2438 2470 2483 2711 2828 2919 2978 2979 2985 3049 3081 3181
1944 : 981 1015 1197 1593 1700 1825 1829 1908 1930 1975 2176 2195 2297 2301 2353 2734 2838 3096 3131
1947 : 2454 2890
1950 : 1161
1963 : 48 243 282 319 730 1014 1015 1025 1108 1112 1143 1331 1333 1363 1388 1411 1441 1524 1590 1595 1611 1619 1635 1638 1643 1644 1646 1647 1672 1784 1858 1859 1888 1905 1909 1932 1958 1977 1998 2033 2049 2054 2093 2144 2201 2226 2286 2321 2355 2366 2447 2486 2487 2525 2534 2554 2555 2683 2807 2849 2887 2915 2948 2970 3001 3016 3023 3045 3056 3057 3093 3132 3182
1973 : 1341
1976 : 78 2186 2572 2816
1993 : 675 1135 1143 1295 1454 1462 1488 1608 1650 1686 1810 1869 1878 2046 2196 2208 2233 2424 2534 2629 2631 2727 2732 2744 2827 2898 3044 3049 3052 3057 3069 3086 3152 3162 3177
1995 : 1295 1380 1827 1846 1928 2320 2378 2497 2742 2749 2767 2936 2946 3064 3082 3173
1996 : 3128
1998 : 1433 1615 1769 2592 3077
2007 : 533 1003 1236 1292 1388 1484 1784 1879 2595 2688 2931 3015 3047 3139
2009 : 2568
2016 : 3067 3202
2019 : 278 298 1410 1568 1946 2436 2567 2582 2686 2850 2889
2020 : 2816
2032 : 1098 1691 2204 2289
2033 : 615 2187 2313 2319 2438 2666 2915
2034 : 2137 2456
2036 : 1463 1469 1637 2899 3189
2038 : 724 796
2041 : 3111
2046 : 1260 1392 1474 1674 2062 2217 2455 2937 3066
2049 : 1827 2372 2400 2893 2931
2053 : 644 718 990 1034 1470 1536 1624 1705 1747 1869 1910 1956 2178 2409 2534 2594 2695 2864 2940 3087
2055 : 185 2289
2064 : 320 1135 1505 1711 2433 2871
2065 : 867 1172 1325 1530 2003 2369 2627 2644 2905 3049 3105 3117
2067 : 106 185 670 1747 1946 2020 2184 2305 2483 2580 2893 2911 2984 3011
2070 : 1112 1423 2712 2839 3054 3084 3108
2071 : 1043 1415
2079 : 2096
2084 : 321 322 1026 1099 1113 1155 1236 1550 2187 2402 2561 2697 2703 2742 2821 2822 2833 2840 2885 3006 3080 3083
2085 : 724 894 1272 1435 1525 1650 1675 1742 2203 2246 2308 2455 2494 2623 2688 2746 2984 3005 3018 3199
2087 : 1515 1856
2090 : 1722 3016
2098 : 3022
2101 : 1237 1253 1454 1874 2003 2110 2396 2480 2923 3064 3073
2109 : 71 1571 1928 3111
2110 : 40 185 617 940 1073 1184 1309 1433 1525 1610 1641 1665 1679 1750 1847 1910 1936 1962 1978 1998 2000 2208 2211 2353 2354 2355 2421 2481 2516 2534 2643 2828 2839 2880 2903 2925 2926 2980 2987 3079
2111 : 1153 1615 1625 1750 1786 1792 2186 2276 2567 2720 2769 2986 3001 3046 3080 3098 3106 3131
2112 : 3106
2113 : 3077
2116 : 2668 2862 2914 3006
2117 : 2572 3132
2123 : 1001
2127 : 1891
2128 : 284 1622 1962 2186 2556 2887
2129 : 322 2633
2135 : 1154 2453 2479 3140
2146 : 405 2620 3156
2149 : 717 1099 1408 1503 1620 1924 2263 2786 2916 2970 3015
2150 : 2337 2679
2158 : 397 605 671 719 724 1048 1144 1396 1427 1443 1476 1691 1976 1978 2165 2187 2196 2304 2322 2323 2402 2450 2692 2828 2901 3095 3115 3135
2160 : 1394 3091
2164 : 409 492 822 849 854 855 857 858 892 944 1032 1066 1135 1194 1195 1226 1412 1475 1514 1523 1614 1724 1743 1828 1936 1956 1976 2019 2032 2035 2065 2114 2140 2160 2184 2307 2339 2359 2378 2380 2390 2421 2437 2451 2452 2524 2582 2629 2631 2667 2674 2680 2688 2722 2728 2816 2833 2888 2900 2947 2966 2969 2991 3002 3058 3084 3114 3129 3134 3135 3147 3153
2166 : 1936
2167 : 1956 2233
2168 : 2201
2171 : 1359
2172 : 252 254 319 619 728 1013 1029 1231 1238 1388 1902 1957 1975 2198 2233 2286 2343 2556 2732 2931 3020 3023 3027 3145 3160
2175 : 1197 1433 1643 1846 1878 1961 2081 2142 2174 2188 2396 2450 2524 2650 2750 2819 2820 2827 2890 2931 2944 3033 3037 3057 3085 3132 3139 3156 3157
2177 : 1552 2896
2182 : 251
2183 : 1517
2189 : 94 497 867 1642 1932 2275 2686 2787 2799 2904 3090
2192 : 585 618 724 848 972 1117 1255 1417 1483 1517 1677 2048 2167 2181 2189 2317 2367 2379 2455 2776 2828 2863 2951 2998 3025 3076 3091 3131
2193 : 2326
2199 : 2705
2204 : 619 3087
2211 : 104 320 605 696 728 828 1003 1280 1425 1947 2113 2699 2701 2870 2877 2923 2944 2945 3069
2212 : 1348 1651 1681 1743 2263 2264 2456 2920 2961
2216 : 828 1048 1664
2220 : 2232 2315 2321 2722
2223 : 1003 1394 1834 2943
2224 : 2786
2225 : 1088
2227 : 3172
2232 : 1290 2312 2324
2238 : 2303
2239 : 2141
2243 : 3120
2244 : 144 222 284 335 558 677 731 1160 1162 1170 1180 1235 1248 1259 1260 1273 1292 1323 1327 1347 1350 1352 1364 1379 1440 1470 1485 1528 1564 1602 1625 1677 1681 1705 1726 1739 1788 1824 1844 1855 1856 1861 1911 1929 1931 1939 1997 2018 2030 2042 2046 2081 2112 2113 2200 2210 2267 2274 2341 2342 2388 2396 2597 2695 2717 2812 2821 2890 2940 2953 2979 2981 3085 3094 3114 3115 3133 3140 3152 3165 3184
2246 : 483 527 644 759 990 1012 1135 1263 1265 1323 1324 1393 1678 1781 1834 1884 2002 2082 2112 2229 2264 2376 2470 2484 2545 2561 2684 2732 2795 2842 2851 2864 2869 2886 2943 2990 3030 3031 3087 3138 3140 3143 3170 3201
2247 : 202 397 850 1195 1213 1281 1309 1359 1651 1705 1856 1937 1974 2065 2421 2479 2492
2250 : 282 319 405 679 755 1015 1146 1216 1396 1602 1608 1782 1890 1956 1997 2354 2645 2784 3193
2256 : 731 1295 2308 2786 3120 3147
2261 : 78 894 942 1013 1045 1112 1386 1387 1390 1398 1423 1441 1497 1524 1534 1609 1620 1742 1824 1856 1956 2051 2052 2081 2082 2093 2184 2188 2197 2198 2268 2283 2308 2343 2344 2420 2525 2561 2629 2705 2721 2739 2749 2843 2887 2998 3010 3059 3066 3091 3112 3132 3172
2264 : 1462 1473 1554 2567
2267 : 1645 1805 2033 2297 2481 2828
2268 : 3135
2270 : 1911 2376 2402 2826 2828 3026
2271 : 78 1469 1505 1671 1748 2112 2163 2218 2372 2479 2765 2772 2870 2888 2893 2898 2932 2950 2979
2281 : 3182
2287 : 367 1306 1549 1552 1635 1691 1735 1745 1786 1826 1878 2137 2603 2740 2816 2902 2911 2922 2923 3112 3172
2289 : 1632 2541 2802 2865 2866 3182
2296 : 2020 2113 2252 2493 3005 3039 3041
2311 : 1145
2317 : 598 630 950 1010 1047 1171 1179 1426 1491 1591 1680 1693 1938 1974 2035 2144 2194 2198 2251 2277 3076 3185
2318 : 2272 2787
2321 : 39 95 497 533 536 615 848 1003 1029 1030 1032 1111 1154 1169 1182 1216 1235 1252 1255 1272 1278 1325 1351 1359 1403 1408 1431 1433 1441 1460 1470 1484 1514 1525 1527 1536 1568 1620 1645 1741 1774 1806 1859 1869 1875 1878 1888 1911 1924 1930 1936 2032 2051 2078 2096 2145 2184 2208 2216 2219 2232 2251 2261 2275 2307 2314 2366 2375 2398 2399 2470 2480 2498 2544 2559 2593 2595 2609 2610 2622 2652 2667 2696 2701 2711 2720 2802 2816 2829 2858 2889 2904 2905 2916 2919 2922 2940 2993 3015 3027 3040 3047 3052 3057 3067 3079 3084 3136 3157 3177
2322 : 3183
2328 : 497 1170 1341 1347 1398 1488 1516 1553 1605 1609 1625 1792 1827 2198 2203 2272 2499 2522 2556 2645 2705 2708 2709 2726 2739 2750 2767 2813 2835 2897 2961 3001 3053 3111 3165
2332 : 1099 1259 1514 2155 2210 2499
2340 : 2096 2215 2471 2483 2920 2979 3050
2341 : 1951 2366 2569 2847 3046 3098
2370 : 1003 1592 3091
2374 : 2031
2397 : 848
2402 : 1014 1389 1518 1644 1735 2203 2876
2420 : 497 630 848 1010 1015 1098 1148 1197 1213 1474 1505 1540 1634 1686 1961 1974 2000 2094 2188 2231 2571 2730 2753 2805 2833 2905 2931 2990 3024 3077 3118 3131 3182 3191
2421 : 48 69 94 278 320 495 497 595 619 677 695 717 726 731 759 796 799 854 865 949 951 1015 1029 1048 1051 1072 1110 1111 1116 1155 1159 1172 1180 1185 1199 1259 1265 1278 1306 1326 1327 1331 1332 1350 1351 1353 1358 1363 1386 1395 1399 1408 1425 1433 1441 1443 1444 1473 1486 1495 1501 1528 1540 1542 1550 1567 1592 1595 1601 1608 1609 1614 1641 1645 1646 1665 1683 1707 1708 1711 1713 1723 1724 1739 1740 1744 1752 1768 1770 1771 1784 1806 1810 1825 1827 1829 1834 1836 1853 1855 1861 1874 1875 1876 1877 1885 1890 1902 1906 1911 1912 1933 1934 1935 1956 1960 1961 1976 1988 2002 2003 2004 2015 2020 2033 2035 2062 2065 2076 2081 2094 2112 2113 2144 2160 2175 2176 2178 2195 2216 2227 2245 2248 2264 2286 2297 2300 2302 2307 2309 2312 2321 2338 2342 2409 2447 2451 2452 2456 2484 2513 2514 2515 2524 2544 2560 2605 2609 2622 2623 2625 2632 2650 2667 2668 2679 2684 2686 2688 2696 2700 2701 2712 2722 2723 2737 2738 2766 2769 2771 2795 2799 2800 2802 2806 2808 2809 2822 2828 2829 2835 2836 2837 2840 2864 2865 2876 2877 2883 2886 2905 2914 2922 2946 2968 2990 2999 3001 3005 3027 3031 3033 3036 3041 3046 3055 3056 3057 3072 3077 3079 3082 3092 3094 3098 3102 3110 3114 3124 3125 3134 3139 3149 3152 3157 3164 3167 3170
2422 : 780
2427 : 1409
2433 : 1886 1947 2137 2187 2195 2470 2701 2716 2851 2877 2920 2923 2944
2439 : 321 1188 2319 2931
2440 : 616 1167 1665 2217 2253 2356 2664 2718 3204
2453 : 462 655 724 1002 1196 1543 1626 1727 1905 1926 1945 2314 2341 2368 2455 2708 2787 2811 2859 2868 2897 3033 3045 3091 3176 3180 3196
2467 : 1170
2472 : 1592 2633
2473 : 1270
2475 : 1412
2482 : 949 1012 1265 1350 1399 1468 1527 1569 1683 1768 1787 1825 1836 1855 1885 1939 1989 2015 2061 2177 2274 2546 2702 2703 2739 2886 3094
2486 : 2163
2488 : 1432 1847 1961 2015 2052 2059 2125 2177 2178 2189 2289 2368 2484 2490 2619 2695 2701 2877 2883 2920 2980 3018 3124 3139 3156 3164
2489 : 1324 1603 1767 1829 1978 2003 2078 2105 2313 2343 2494 2604
2497 : 1929 2142 3013 3057
2500 : 111 435 728 1143 1441 1628 1856 2106 2317 2319 2940 3015
2501 : 40 243 252 441 1035 1164 1352 1393 1462 1572 1649 1653 1769 1975 2195 2200 2263 2569 2598 2631 2734 2807 3096 3182
2502 : 1162 1393 1788 2031 2306 3059 3072
2519 : 867 2492 2696
2531 : 1695
2532 : 205 1925 3079
2533 : 1215 1308 1476 1605 1609 1891 1907 1948 2298 2421 2437 2572 2739 2881 3134
2535 : 1433 2515 2734
2536 : 1066 1847 2313 2388 2874
2537 : 1387 1589 2046 2262 2483 2721 2977 2985 3117
2543 : 2525
2573 : 724 1179 1235 1369 1593 1700 1709 1764 1929 1998 2018 2050 2109 2147 2801 2839 2899 3083 3177
2591 : 95 320 1216 1429 1453 2019 2537 3080 3136
2599 : 2312 2424
2603 : 321 1589 1862 2536
2619 : 2402
2621 : 1786 1973 2018 2033 2107 2109 2139 2251 2543 2625 2770 3083 3112
2627 : 1223
2637 : 1108 1740 2359 2375 2597 2892 2925
2638 : 2857
2640 : 2914
2642 : 440 531 1315
2643 : 3112
2646 : 973 974 1958 2483 2986
2647 : 1003 1048 1692
2653 : 3042 3096
2654 : 1750
2658 : 146 236 1008 2035 2181 3021 3076 3160
2664 : 116 1486 1856 2036 2233 2626 2698 2730 2810 2820 2943 3076
2695 : 1915 2369 2751 2827
2696 : 1915
2700 : 48 111 281 367 724 755 1032 1113 1145 1179 1235 1472 1544 1552 1613 1676 1693 1769 1860 1923 1962 2003 2081 2091 2198 2246 2320 2354 2355 2493 2527 2542 2593 2688 2699 2705 2708 2716 2717 2749 2787 2819 2826 2887 2898 2985 3041 3077 3080 3092 3150 3171
2701 : 731 974 1188 1497 1542 1726 1765 1788 1861 1908 2002 2064 2147 2197 2316 2720 2776 2893 2897 3035 3077 3150
2702 : 2096 3199
2704 : 2020 2704
2719 : 2947
2722 : 1354
2726 : 2233
2727 : 2715 2750
2733 : 1051 1052 1886 2438 2627 2846 2855
2746 : 2918
2754 : 1658 2450
2768 : 2138 2178 2198 2593 3144
2769 : 3032
2772 : 441 825 2786
2787 : 2019 2997 3151
2788 : 92 462 1143 1155 1383 1394 1415 1486 1543 1553 1726 1769 1829 1962 1978 2145 2196 2308 2383 2483 2622 2726 2925 2951 2979 3015 3185 3203
2803 : 2882 3070
2809 : 1554
2828 : 3190
2829 : 848 1188 1210 1415 1685 1700 2082 2184 2620 2716 3138
2830 : 1048 1609 1626 2451 2692 2987
2841 : 3097
2846 : 1428 2807
2861 : 670 2197 2302 2319 2367 2709 2882 2890 2893 3028 3090 3117 3119 3183
2867 : 441 1403 1771 1853 1936 1997 2209 2433 2438 2815 2939 3023 3054 3080
2871 : 1470 1869 2047 2534 2856 2923 3076
2904 : 1592 2871 2912
2907 : 1169 1856 2248 2251
2908 : 2923
2912 : 615 1194 1223 1535 1594 1700 1807 1926 1976 2253 2359 2631 2765 2978
2916 : 71 281 1869 2060 2396
2932 : 1170 2561
2934 : 3112
2938 : 1770
2941 : 1514 1644
2947 : 3024
2949 : 40 123 380 396 435 464 585 696 796 825 850 851 860 865 1012 1053 1062 1083 1112 1160 1195 1247 1264 1281 1308 1327 1359 1410 1482 1487 1503 1534 1587 1589 1603 1613 1629 1649 1651 1665 1695 1697 1705 1724 1739 1741 1747 1768 1825 1856 1939 1976 2051 2054 2113 2176 2195 2201 2314 2357 2358 2370 2375 2396 2423 2439 2486 2542 2546 2581 2622 2646 2650 2683 2698 2786 2794 2850 2945 2993 3049 3073 3094 3192 3200
2954 : 1257 1974 3188
2956 : 1554 1567 1978 2016 2017 2626
2957 : 2252
2958 : 1847 2916
2963 : 1550
2967 : 940
2968 : 2153 2843
2969 : 1010
2976 : 2354 2355
2981 : 1463 1901
2982 : 1425
2983 : 1010 1033 1571 1829 1962 2002 2356 2876
2989 : 1906
2991 : 254 322 462 616 724 944 964 1026 1099 1345 1381 1397 1440 1472 1601 1616 1623 1637 1664 1768 1951 2016 2254 2306 2317 2737
2995 : 1146
2997 : 2497
3005 : 417
3007 : 3127
3008 : 2723
3012 : 71 1033 1748 1854 1959 2106
3017 : 2848
3035 : 2301
3040 : 2622
3041 : 670
3063 : 2692
3066 : 3127
3082 : 719 1206 1331 1665 1700 2388 2470 2889 2905 3109
3084 : 2555 2783 2784
3085 : 1507
3116 : 619
3118 : 724 1179 1359 1408 1472 1534 1548 1827 1892 2245 2501 2970 2988 3050 3119 3153
3124 : 2878
3125 : 2682 2809 3090 3175
3134 : 1726
3143 : 796 2923 3058
3189 : 1972 2571 2742 2928 3056
3202 : 2447 2632 2869 3068
3209 : 146 332 854 1029 1115 1271 1487 1724 1742 1868 1892 1946 1976 2197 2246 2251 2316 2406 2437 2524 2620 2626 2631 2651 2688 2710 2826 2829 2846 2893 2957 2978 2991 3021 3041 3084 3111 3115 3140 3147 3177
3210 : 1544 1589 2399 3192 3196
3212 : 2111 3018
3220 : 1155 1608 1747 2275 2338 2383 2699 2905 3111
3248 : 595 1524 1664 1747 2046 2368 2390 2622 2786 3173
3251 : 116 319 533 617 726 944 1003 1026 1047 1215 1346 1413 1495 1501 1535 1613 1792 1908 2110 2150 2251 2275 2276 2324 2383 2409 2457 2496 2592 2622 2624 2626 2627 2699 2722 2802 2804 2863 2900 2929 2993 3025 3032 3047 3067 3097 3099 3141 3149 3152 3163 3172 3179
3294 : 2757
3318 : 1677 2060 2193 3110
3319 : 2302
3323 : 1034 1472 1769 2016 2359 2625 2887 3077 3112 3181
3327 : 1349 1691
3338 : 2261 2554 2686
3359 : 441 495 1052 1184 1252 1333 1468 1642 1862 2546 2629 2701 2859 2893 2905 3037 3076 3105 3135 3139
3360 : 1008 1420 1933 2354 2568 3141
3371 : 962 1700
3373 : 396 670 1043 1506 1834 2303 2823 2868 2888 3021
3374 : 1295 3026
3381 : 670 1001 1003 2649 3117
3391 : 1169 2002 2433 2737
3395 : 796 1159 1290 1325 1331 1379 1645 1811 1924 2094 2263 2305 2424 2681 2883 2991 3175
3398 : 321 1307 2003 2091 2786 2820 2873 2971 3076
3406 : 671 1161 1347 1412 2020 2106 2164 2939
3408 : 1475
3412 : 1084 1855 2886 2921 2954 3041 3096
3413 : 417 670 1711
3428 : 677 794 944 1154 1195 1638 1696 1728 1825 1867 1956 2018 2110 2177 2194 2195 2198 2388 2559 2568 2764 2801 2858 2901 2916 2921 2926 2963 2996 3002 3005 3094 3131
3435 : 2153
3436 : 2135 2610
3437 : 1112 3175 3191 3199
3438 : 252 479 616 724 731 1188 1425 1462 1542 1552 1553 1590 1625 1627 1641 1642 1676 1788 1860 1861 1908 1923 1936 2003 2034 2081 2091 2137 2198 2219 2245 2246 2316 2320 2398 2483 2527 2542 2593 2699 2716 2717 2765 2787 2826 2867 2892 2893 2897 2898 2922 2923 2928 2968 2972 3040 3057 3058 3077 3080 3119 3124 3130 3148 3150 3171
3462 : 1146 1742 1788 1936 2692
3467 : 2153
3468 : 1465 2989 3092
3473 : 116 1307 1408 1457 1567 1877 2061 2829 3047 3182
3476 : 1491 1589 1608 1693 1698 2020 2141 2396 2771 2786 2859 2972 3033
3477 : 1365
3479 : 1226 2534 2568 2605 2692 2878 3135
3484 : 367 497 867 1067 1108 1145 1290 1458 1519 1564 1589 1692 1743 1792 1906 2369 2486 2536 2547 2667 2687 2786 2841 2892 2967 3149 3171 3173 3196 3197
3485 : 284 558 615 893 1032 1066 1147 1171 1180 1195 1274 1353 1385 1433 1453 1457 1473 1482 1586 1651 1673 1692 1709 1744 1766 1786 1807 1836 1905 1910 1977 2018 2031 2052 2109 2110 2113 2129 2135 2217 2226 2251 2285 2340 2395 2471 2488 2559 2567 2592 2604 2610 2665 2670 2695 2697 2745 2754 2766 2767 2794 2800 2804 2806 2807 2890 2903 2904 2916 2954 2986 2993 3008 3015 3034 3074 3086 3099 3106 3114 3120 3125 3138 3162 3199 3200
3488 : 1671 2274
3490 : 731 972 1295 1535 1962 2059 2815 2857 3083
3504 : 106 367 527 731 944 1035 1051 1162 1247 1255 1264 1389 1393 1424 1456 1457 1470 1485 1549 1588 1590 1614 1671 1847 1853 1878 1890 1935 1957 1972 2051 2137 2162 2168 2177 2262 2323 2359 2421 2513 2538 2594 2648 2665 2723 2766 2767 2772 2838 2855 2857 2882 2885 2936 2954 2998 3008 3030 3032 3095 3106 3112 3164
3513 : 2821 2923
3518 : 1645
3520 : 585 2203 2297 2720 2951 3067
3522 : 1135 1169 1652 1703 2137 2187 2470 2487 2581 2696 2849 2851 2893 2904 2947 2948 2980 3011
3525 : 2873
3526 : 2497 2817
3533 : 1782 2366 2388 2701 2722 2766 2927 2963 2973 2997 3041 3075 3084 3086 3141 3151
3535 : 848 1109 1956
3537 : 46 320 595 847 850 1170 1173 1188 1383 1456 1602 1928 2146 2209 2341 2726 2794 2848 2931 3154
3544 : 677 851 974 1034 1183 1415 1906 1939 1962 1976 2245 2297 2359 2369 2705 2801 2838 2858 2913 2931 2996 3052 3081 3104 3202
3545 : 106 1066 1354 1383 1415 2272 2388 2496 2833 3085
3546 : 1641 2745 2963 3114
3550 : 1014 2308 2543 2943
3551 : 2449 3041
3553 : 1807 1947 2683 3118 3125
3558 : 282 1423 1434 1874 1879 3008
3559 : 1264
3560 : 321 2020
3567 : 48 1309 1409 1472 1626 1741 1844 2139 2246 2251 2354 2708 2726 2749 2787 2929 3059 3080 3136
3568 : 1528 1906 1908 2483 2568 2595 2697 2784 2878 2891 2897 2927 3086 3118 3132 3153 3196
3569 : 1594 2198 2867
3577 : 3180
3592 : 1108
3596 : 3163
3616 : 1160 1166 1530 1565 1646 1681 1710 1788 1824 1852 2246 2648 3137
3623 : 68 92 144 205 236 242 605 695 719 893 990 1001 1087 1112 1134 1143 1147 1159 1171 1183 1198 1206 1216 1252 1254 1258 1265 1331 1368 1385 1387 1392 1397 1417 1421 1427 1433 1441 1457 1458 1459 1460 1483 1486 1497 1503 1505 1523 1534 1587 1592 1621 1623 1671 1686 1695 1698 1700 1705 1745 1750 1788 1792 1807 1829 1834 1902 1907 1908 2020 2034 2092 2107 2129 2130 2135 2147 2148 2166 2232 2249 2314 2315 2322 2323 2324 2344 2353 2420 2424 2483 2535 2538 2558 2631 2634 2680 2710 2721 2746 2808 2822 2827 2852 2864 2915 2919 2931 2937 3050 3052 3116 3201
3635 : 1272
3636 : 243 251 595 618 796 942 1029 1194 1282 1457 1464 1482 1542 1616 1632 1642 1650 1728 1769 1774 1855 1879 1924 1928 1960 1997 2003 2148 2175 2198 2297 2356 2358 2367 2457 2536 2625 2681 2722 2868 2902 2919 2922 2957 2978 2985 2996 3002 3026 3042 3052 3088 3147 3153
3638 : 1332 1676 1808 1930 2254 2421 2821 3052
3641 : 397 678 758 854 972 1014 1030 1032 1046 1087 1117 1253 1385 1412 1435 1439 1470 1485 1525 1629 1885 1912 1974 2138 2188 2197 2198 2210 2289 2310 2316 2317 2368 2380 2501 2542 2776 2812 2893 2938 2949 2967 2980 2981 3008 3020 3031 3035 3048 3049 3064 3077 3078 3090 3091 3092 3137 3199
3642 : 205 462 605 655 1032 1099 1167 1260 1265 1324 1456 1458 1469 1489 1527 1565 1642 1706 1738 1808 1853 1879 1886 2002 2020 2097 2137 2167 2264 2272 2323 2367 2388 2402 2424 2538 2547 2561 2730 2786 2810 2832 2911 2938 2971 2979 3140 3204
3650 : 40 1487 1681 2572 3024 3142
3656 : 3170
3662 : 479 893 1002 1062 1083 1154 1234 1362 1394 1408 1443 1572 2020 2130 2326 2344 2449 2651 2829 2838
3667 : 619 964 1315 1810 1829 1928 2050 2453 2906 2972 3182
3670 : 1162 1568 1741 2002 2141 2246 2287 2523
3677 : 1331 1878 2855 3106
3680 : 1161 3076 3136
3695 : 1354 1700 2273
3698 : 1161 1543 1956 3074
3700 : 409 1307 1475 1844
3702 : 1390 2233 2622 2722 2916 2963
3714 : 397 435 495 558 699 893 1066 1200 1368 1394 1423 1429 1444 1501 1504 1610 1649 1683 1696 1707 1709 1836 1876 1905 1910 1924 1931 1998 2047 2081 2186 2249 2253 2289 2335 2340 2365 2372 2494 2554 2557 2646 2695 2697 2780 2799 2994 3036 3085 3115 3138 3164
3716 : 1462 1945 2165 2233 2815 3140
3720 : 2490
3724 : 396 440 1015 1365 1502 1525 1647 1698 2337 2375 2401 2534 2681 2722 2901 2991 3088 3097
3768 : 2196
3771 : 298 527 1206 1411 1637 1638 1642 1650 1727 1783 1935 2344 2455 2547 2627 2669 2712 2799 2891 3006 3013 3167
3772 : 1043 1491 1811 1856 2127 2178 2320 2517 2795 2931 3154
3773 : 1989
3774 : 950 1390 1433
3777 : 1432
3778 : 1997 3013 3041
3783 : 322 854 1432 1629 1752 1829 2849 2948 3046 3116 3198
3785 : 103 728 1362 2356 2499 3049 3050
3792 : 1622 2702
3793 : 2699
3802 : 1088
3806 : 1272
3808 : 96 670 2195 2726 2883
3817 : 1859 1888
3821 : 46 1469 1646 2380
3828 : 1726
3829 : 39 82 94 106 202 241 242 252 332 335 405 435 441 492 495 497 533 615 677 726 727 794 828 867 891 894 895 940 949 950 1002 1003 1006 1013 1015 1025 1026 1029 1044 1047 1049 1067 1072 1073 1109 1110 1111 1112 1115 1116 1117 1147 1155 1171 1181 1184 1197 1206 1211 1230 1231 1234 1257 1271 1272 1274 1278 1280 1292 1307 1326 1344 1351 1352 1353 1354 1363 1369 1386 1387 1402 1403 1408 1416 1423 1425 1429 1432 1438 1440 1441 1443 1473 1488 1491 1525 1543 1549 1563 1568 1569 1586 1587 1593 1602 1608 1610 1612 1620 1621 1632 1633 1635 1644 1650 1664 1673 1712 1719 1721 1725 1735 1739 1754 1785 1786 1805 1806 1807 1811 1825 1846 1847 1868 1871 1873 1879 1888 1901 1905 1910 1931 1932 1933 1935 1958 1973 1975 1976 1997 2000 2018 2032 2047 2049 2083 2105 2107 2109 2113 2125 2128 2145 2174 2176 2177 2178 2186 2192 2195 2203 2210 2227 2228 2233 2245 2248 2249 2251 2252 2261 2266 2273 2300 2338 2340 2353 2359 2369 2395 2400 2401 2408 2433 2434 2453 2469 2484 2497 2501 2523 2537 2543 2556 2559 2567 2569 2580 2582 2592 2596 2597 2606 2610 2631 2650 2656 2682 2688 2692 2696 2726 2727 2737 2738 2742 2749 2751 2766 2787 2794 2799 2819 2835 2836 2837 2847 2865 2880 2883 2896 2903 2905 2913 2923 2924 2931 2953 2966 2970 2972 2984 3001 3005 3014 3015 3018 3021 3030 3032 3033 3037 3045 3046 3054 3066 3068 3082 3083 3084 3089 3096 3098 3100 3102 3104 3107 3108 3111 3115 3134 3138 3139 3147 3152 3158 3167 3171 3175 3176
3832 : 2524 2753
3843 : 1113 1929
3847 : 1542 2379
3854 : 1471
3867 : 298 1750 3024
3871 : 2906
3873 : 3185
3880 : 2515
3881 : 1645 2094
3882 : 241 695 1002 1088 1169 1315 1403 1589 1609 1635 1694 1768 1845 1926 1936 2002 2015 2148 2150 2169 2337 2390 2453 2496 2547 2557 2687 2728 2737 2801 2837 2925 3015 3097 3113 3118
3888 : 2216 2776 2928 3118
3893 : 2829
3898 : 2881 2928 3052
3909 : 1674 1752 1844 2398 2569 3050 3190
3920 : 893 1519 1591 1649 1726 1805 2193 2398 2525 2794
3921 : 78 605 616 867 973 1032 1199 1261 1308 1323 1344 1486 1503 1518 1526 1533 1572 1591 1686 1698 1740 1751 1767 1827 1885 1892 1916 1928 1935 1939 1951 1989 2046 2096 2188 2218 2245 2277 2297 2314 2318 2319 2344 2372 2374 2387 2396 2402 2434 2450 2451 2452 2522 2535 2560 2561 2571 2624 2627 2668 2669 2680 2681 2710 2715 2720 2721 2741 2749 2795 2798 2840 2842 2849 2851 2859 2860 2862 2870 2876 2881 2882 2891 2950 2977 2988 3000 3002 3008 3025 3047 3048 3067 3068 3070 3072 3075 3081 3086 3088 3089 3137 3144 3147
3923 : 63 1391 1518 1751 1854 2305 3110
3924 : 2196 2365 3185
3931 : 1308 1564 1933
3932 : 1933
3934 : 2020 2810
3936 : 964 2402
3938 : 1198 1433 2216 2233
3941 : 202 1179 1340 1506 1603 1642 1741 1829 2003 2499 2571 2597 2946 2951 3012
3950 : 1224
3969 : 3016
3975 : 724
3976 : 605 695 1234 1543 1664 2826 2828
3978 : 116
3981 : 2680
3985 : 1019 2483 2541 2620 3125
3987 : 104 1890
4005 : 1519 1745 1938 1951 1960 2868 2988
4007 : 3056
4013 : 2339
4015 : 1045 1404
4016 : 2901
4018 : 1462 1627 2669 2750
4020 : 2114
4022 : 1677
4031 : 973
4034 : 2380
4035 : 1811 2175 2438 2497 2685 2918 3026 3072 3144
4036 : 435 2526
4038 : 2834 3157
4041 : 2268
4047 : 1051
4055 : 2383 2580
4060 : 2150 2194 2342 2618 2851 2865 3039 3128
4071 : 440 531 619 1290 2313 3077 3083
4075 : 1145 1946 2956
4078 : 3160
4093 : 2722
4095 : 2002
4102 : 103 106 320 533 675 699 728 796 1099 1234 1347 1387 1392 1411 1454 1462 1536 1543 1602 1608 1624 1634 1646 1664 1769 1809 1855 1886 1889 1900 1945 1972 2003 2137 2154 2163 2273 2314 2315 2345 2358 2368 2406 2407 2420 2534 2623 2644 2688 2692 2753 2765 2777 2833 2893 2901 2923 2943 2956 3014 3080 3150 3158 3165
4110 : 2722
4111 : 1721 3013
4124 : 1295 2469
4127 : 367 441 1034 1261 1611 1685 1695 1811 1844 1846 1889 1890 1928 1989 2046 2059 2197 2198 2274 2371 2396 2401 2515 2712 2776 2890 2892 2900 2949 2951 2969 2988 3032 3040 3059 3070 3133 3158 3172
4131 : 1695 2401
4139 : 1441 1462
4144 : 1385
4157 : 2665
4160 : 1936 2059 2096 2456 2513 2839 2877 2922 2949 3041 3042 3095 3096
4162 : 2220 2598
4170 : 670
4171 : 2289
4186 : 2961
4188 : 2918 2997
4195 : 335 536 973 1013 1049 1365 1623 1673 1722 1888 2000 2094 2125 2324 2395 2670 2903 3002
4205 : 2300
4216 : 1293
4224 : 2368
4226 : 3115
4227 : 1416 1432 1697 3024
4228 : 2567
4233 : 1926
4235 : 1888 2216
4241 : 2805 3015
4242 : 78 495 730 1033 1258 1290 1350 1527 1534 1590 1810 1824 1827 2046 2081 2249 2265 2276 2287 2307 2357 2667 2734 2829 2850 2957 3134
4251 : 78 242 248 281 533 940 942 1121 1210 1294 1612 1635 1929 1958 2226 2436 2706 2832 3013 3141
4253 : 982 1747 2061 2265 2545 2579 2632 2748 2950 2956 3105 3114
4263 : 380 2884
4265 : 1144
4267 : 1399
4268 : 40 46 78 202 241 282 298 319 322 405 479 492 531 615 619 796 849 851 860 861 867 942 981 1013 1014 1035 1046 1052 1097 1099 1117 1152 1154 1171 1196 1197 1198 1200 1206 1226 1257 1258 1259 1265 1293 1323 1326 1331 1333 1362 1364 1386 1393 1394 1420 1421 1425 1433 1445 1454 1458 1471 1475 1497 1504 1519 1524 1549 1550 1572 1593 1595 1609 1626 1631 1638 1641 1652 1665 1674 1676 1678 1679 1691 1709 1710 1713 1719 1723 1724 1725 1727 1728 1742 1749 1766 1767 1768 1783 1785 1787 1810 1811 1825 1855 1856 1862 1867 1869 1871 1879 1886 1892 1915 1924 1930 1933 1934 1935 1936 1961 1974 1976 1997 2020 2031 2033 2095 2111 2137 2142 2145 2146 2152 2162 2175 2176 2189 2195 2196 2203 2204 2208 2217 2219 2249 2261 2267 2275 2276 2283 2289 2297 2299 2306 2314 2317 2319 2323 2325 2344 2353 2388 2401 2402 2437 2490 2498 2513 2515 2524 2525 2537 2543 2568 2584 2605 2624 2629 2644 2648 2650 2651 2664 2667 2669 2680 2682 2687 2695 2697 2701 2712 2720 2726 2738 2739 2740 2746 2750 2776 2784 2798 2823 2837 2858 2860 2862 2865 2878 2889 2916 2924 2925 2936 2937 2948 2956 2963 2980 2989 2990 2991 2996 3001 3014 3015 3018 3021 3027 3030 3033 3036 3042 3047 3052 3055 3056 3058 3064 3084 3085 3087 3095 3096 3106 3115 3118 3121 3131 3134 3135 3141 3142 3152 3160 3163 3164 3171 3183 3199
4269 : 1592
4283 : 1323
4284 : 71 202 598 1032 1134 1163 1165 1223 1264 1305 1323 1348 1354 1413 1415 1459 1551 1613 1635 1693 1739 1788 1807 1826 1886 1915 1947 2050 2054 2138 2184 2185 2232 2246 2568 2632 2711 2751 2883 2897 3153 3172 3173
4291 : 1010 1049 1292 1346 1369 1470 1485 1497 1501 1604 1717 1727 1809 2148 2188 2233 2297 2390 2401 2598 2604 2683 2734 2750 2816 2819 2970 3016 3020 3052 3087
4293 : 40 1235 1445 1491 2302 2568 2931 3021
4295 : 1877
4298 : 822 894 1035 1111 1197 1235 1614 1713 2109 2252 2377 2726 2884 2901 2969 2993 3006 3034 3120
4301 : 63
4308 : 670 1290 1410 1458 1519 1589 1721 1792 2623 3077
4309 : 724 1366 1445 2480 2634 2899 2931
4313 : 2535
4322 : 1691
4332 : 2880
4337 : 1769
4338 : 3005
4341 : 949 1379 1415 2656 2665 2707 2991 3009 3053 3083 3111 3153
4343 : 3026 3110
4354 : 282 796 854 1013 1161 1691 1956 2146 2176 2188 2263 2344 2493 2669 2711 2737 2765 2816 2863 3041 3058 3118 3200
4355 : 2207
4361 : 185 495 531 533 670 796 854 950 971 1145 1160 1223 1270 1363 1389 1392 1501 1529 1591 1608 1623 1643 1647 1650 1679 1725 1726 1767 1827 1844 1859 1886 1934 2003 2017 2020 2127 2130 2155 2175 2176 2184 2207 2210 2248 2264 2343 2353 2365 2454 2487 2554 2567 2571 2606 2634 2668 2681 2697 2714 2721 2734 2739 2741 2800 2809 2812 2846 2860 2885 2889 2895 2898 2901 2911 2943 2949 3008 3040 3074 3082 3085 3087 3096 3114 3115 3141 3147 3150 3152 3197
4372 : 2047 3025
4396 : 1705
4398 : 3125
4403 : 40 464 585 728 796 850 1062 1113 1135 1160 1195 1247 1264 1272 1308 1340 1359 1415 1427 1432 1534 1544 1587 1629 1649 1651 1665 1695 1697 1705 1855 1891 1929 1974 2036 2051 2054 2176 2211 2314 2341 2358 2370 2383 2421 2439 2535 2645 2646 2692 3049 3073
4405 : 3120
4407 : 1705
4408 : 3125
4409 : 2308
4415 : 1587 2200 2203 2359 2376 2860 3083 3201
4416 : 1653 1827 2202 2499 2500 2892 2944 2968 2989
4417 : 1845
4418 : 106 1117 2019 2537 3059 3088
4419 : 1774 1845 2218 2343
4428 : 2314 2319
4433 : 585 3076
4439 : 2849 3032
4443 : 1526 1641 1726 1728 1892 1916 1924 2297 2373 2434 2498 2595 2668 2688 2716 2862 2863 2914 2928 2978 2996 3152 3190
4447 : 1366 1808 2166
4450 : 2751
4452 : 630 1145 1836 2051 2189 2369 2630 2857 2925 2998
4454 : 248 1397 1764 2813
4458 : 58 63 70 71 78 104 106 202 243 251 252 265 276 282 303 321 397 417 441 464 479 492 531 558 596 619 630 675 679 695 721 726 851 867 944 950 963 971 972 980 1001 1032 1046 1049 1051 1066 1099 1121 1134 1226 1233 1247 1248 1253 1265 1267 1272 1288 1290 1292 1306 1307 1323 1325 1346 1354 1362 1366 1368 1380 1381 1394 1408 1410 1413 1430 1433 1435 1453 1454 1458 1463 1468 1474 1476 1485 1486 1497 1504 1505 1515 1517 1518 1524 1527 1528 1531 1548 1551 1616 1619 1623 1626 1658 1664 1675 1684 1713 1725 1751 1754 1805 1826 1834 1868 1879 1885 1905 1911 1930 1931 1936 1937 1945 1976 1978 1997 2020 2030 2033 2047 2049 2061 2080 2081 2094 2140 2152 2155 2163 2165 2166 2168 2169 2170 2175 2186 2194 2196 2197 2198 2202 2209 2215 2226 2230 2231 2246 2247 2253 2254 2262 2265 2289 2297 2301 2310 2314 2316 2318 2320 2327 2342 2354 2355 2356 2367 2368 2369 2377 2378 2379 2390 2400 2406 2420 2423 2433 2437 2438 2439 2451 2453 2480 2482 2493 2501 2517 2525 2541 2542 2555 2557 2568 2569 2571 2579 2581 2592 2594 2595 2597 2598 2603 2620 2622 2623 2626 2627 2629 2632 2643 2644 2646 2652 2670 2683 2684 2699 2701 2704 2707 2708 2709 2710 2714 2717 2719 2721 2722 2728 2737 2738 2739 2740 2742 2744 2746 2749 2750 2753 2764 2777 2785 2786 2787 2794 2800 2803 2804 2812 2816 2817 2829 2833 2842 2843 2846 2847 2848 2850 2852 2856 2859 2860 2864 2865 2867 2869 2870 2871 2876 2878 2882 2883 2885 2886 2887 2889 2893 2897 2898 2899 2900 2902 2911 2913 2915 2919 2921 2923 2925 2936 2937 2939 2940 2944 2945 2946 2948 2950 2958 2961 2966 2970 2973 2977 2988 2989 2994 3001 3002 3012 3014 3016 3020 3023 3024 3028 3030 3031 3033 3034 3043 3049 3050 3054 3057 3058 3060 3066 3070 3073 3076 3078 3080 3083 3085 3093 3094 3095 3101 3103 3104 3105 3110 3111 3116 3117 3129 3132 3134 3139 3147 3148 3150 3160 3163 3172 3173 3174 3175 3177 3188 3192 3194
4460 : 2033 2127
4462 : 2764
4463 : 320 950 1008 1158 1200 1262 1325 1341 1409 1468 1471 1554 1569 1601 1603 1747 1828 1846 1854 1960 2175 2195 2266 2289 2342 2401 2433 2515 2557 2685 2692 2700 2714 2727 2740 2785 2838 2851 2865 2895 2896 3059 3073 3075 3156 3175
4468 : 849 1347 1705 1721 1870 1901 2470 2686 2702 2827 2846 2847 2862 3046 3098 3107
4471 : 1194
4473 : 1742
4482 : 1170 1768 1825 2061 2113 2179 2423 2921 3045
4484 : 276 303 617 675 724 856 1030 1083 1180 1223 1226 1235 1252 1308 1323 1366 1425 1454 1549 1553 1614 1628 1635 1657 1665 1693 1727 1769 1810 1825 1827 1924 1939 2017 2061 2082 2155 2186 2232 2302 2304 2316 2354 2355 2357 2367 2377 2378 2433 2500 2534 2561 2631 2742 2751 2808 2822 2841 2846 2871 2921 2985 3021 3064 3101 3139 3148
4487 : 1048 1052 1110 1278 1326 1347 1402 1468 1497 1551 1724 1811 1939 1972 2091 2137 2192 2248 2265 2342 2420 2437 2646 2722 2807 2865 2931 3082
4490 : 48 78 92 251 281 284 497 892 981 1026 1098 1135 1160 1161 1166 1234 1307 1323 1396 1441 1453 1517 1526 1543 1553 1594 1631 1646 1647 1665 1698 1707 1708 1710 1752 1768 1844 1856 1885 1946 1961 1978 2000 2003 2016 2033 2176 2178 2186 2195 2203 2208 2217 2229 2268 2275 2321 2355 2379 2420 2526 2652 2716 2749 2800 2809 2833 2840 2850 2864 2918 3001 3042 3134 3138 3148 3194
4493 : 2471
4496 : 1160 1223 1332 1613 1676 1724 2421 2595 2606 2886 2931
4500 : 2622 3174
4501 : 1032 1046 1549 1748 2032 2197 2406 2739 2843 2852 3117
4502 : 2916
4503 : 2829
4504 : 1711
4506 : 1225 1262 1563 2032 2145 2289 2490 2630 2883 2890 2968 3032 3043 3164 3172
4507 : 974
4509 : 2916
4514 : 462 1135 1170 1325 1390 1427 1706 1906 1974 2019 2215 2231 2232 2314 2402 2545 2669 2711 2721 2746 2811 2829 2903 2916 2985 3132 3135 3162
4521 : 670
4522 : 3180 3183
4530 : 1590 2754
4545 : 1307
4555 : 1185
4557 : 1072 1088 1112 1170 1590 1592 1726 1906 1997 2095 2145 2146 2421 2734 2784 2887 2911 2929 3005 3015 3036 3056 3085 3092 3142
4562 : 2905
4565 : 464 617 942 1025 1051 1248 1264 1334 1365 1408 1471 1552 1588 1630 1679 1680 1698 1938 1976 2003 2105 2111 2202 2233 2273 2372 2561 2598 2753 2771 2902 2904 3094
4567 : 48 1315 1517 1609 1641 1874 2303 2304 2485 3028
4574 : 719 799 963 972 1381 1464 1470 1485 1767 1938 2033 2036 2094 2152 2194 2358 2500 2522 2594 2644 2692 2802 2870 3031 3193
4581 : 2020
4582 : 1307 1962 3173
4583 : 1428 1454 1610
4589 : 2993
4596 : 1066 1529
4606 : 462 616 677 1365 1468 1868 1873 1939 2628 2753 2864 2945
4607 : 1911 2993
4608 : 670 1879 2483 2913 2920
4615 : 619 2633
4619 : 964
4626 : 483 1012 1491 1569 1683 1768 1885 1939 2082 2990
4628 : 531
4629 : 1315
4630 : 2721
4644 : 730 2556 2887
4647 : 1172
4651 : 1590
4656 : 558 1433 2285
4660 : 46 106 1750 1829 2150 2208 2517 2619 2851
4661 : 1169 2230 2911 3057
4663 : 730 3175
4664 : 243 276 1349 1517 1525 2305
4665 : 2488 3116
4666 : 867 1185 1326 1369 1438 1721 2692 2696 2737
4669 : 2721
4671 : 1692
4674 : 2096 2197 2471 2480 2958 3140
4675 : 2368 2483 3050
4676 : 2147
4678 : 1853
4681 : 1568 1741 2002
4682 : 1554 1871 1929
4688 : 2907 2922 2925 2940 2966 2967 2987 2997 2998
4689 : 222 329 497 671 949 1146 1196 1257 1327 1364 1385 1412 1443 1543 1595 1621 1643 1681 1686 1692 1705 1721 1741 1890 1915 1958 2048 2148 2167 2185 2186 2196 2211 2266 2311 2313 2326 2525 2547 2609 2610 2623 2627 2697 2858 3024 3048 3074 3147 3165 3172 3188
4690 : 1665
4696 : 1664
4697 : 1608
4707 : 2125 2369 2692 2737 2753 2987
4709 : 3116
4716 : 724 3142 3176
4718 : 719
4724 : 1434 1976 2246 2383 2496 2860 3066
4729 : 104 276 1030 1048 1108 1117 1154 1381 1439 1453 1564 1719 2051 2091 2421 2500 2931 3087 3092
4733 : 1836 1973 2060 2918 3134
4735 : 1264 1781 3016 3080
4738 : 1676
4741 : 3032
4742 : 1854
4744 : 243 851 858 893 1010 1109 1155 1255 1365 1386 1495 1502 1525 1621 1654 1679 1680 1724 1742 1844 1978 2197 2301 2313 2652 2709 2838 3021 3042 3077 3091
4758 : 1752
4762 : 1526 2322 2516 2652 2721 2951 3030
4771 : 1114
4780 : 3036 3069
4782 : 3040
4783 : 1564 1824
4788 : 1726
4791 : 68 106 116 144 321 441 462 464 531 585 598 616 691 867 891 894 962 1001 1046 1155 1162 1236 1253 1280 1290 1292 1325 1346 1366 1381 1394 1413 1417 1427 1571 1619 1635 1697 1700 1725 1885 1929 1931 1948 2152 2302 2321 2480 2556 2568 2625 2645 2750 2828 2871 2900 2968 2990 3083 3093 3099 3142 3156 3162 3174 3181 3203
4793 : 861
4795 : 2153
4803 : 1877 2227 2245 2482 2500 2571 2993
4805 : 527 679 848 1290 1453 1463 2030 2107 2219 2253 2316 2383 2555 2568 2624 2684 2714 2715 2766 2787 2832 2851 2855 2885 2887 2911 2918 2954 2961 2966 2973 3106 3107 3163
4806 : 1641 1735 2020 3025 3136
4809 : 1529
4812 : 944 1386 1408 1420 1717 1738 1854 1933 2018 2109 2621 2726 2770 3021 3037
4813 : 644 2106
4815 : 2994
4819 : 1067 1740 2786
4821 : 1067 1926 2341
4822 : 1681
4823 : 981 1066 1514 1705 1856 1916 2480
4824 : 1936 2900 2920
4830 : 2092
4833 : 1973 2245 2905
4835 : 46 78 106 124 300 322 435 440 441 462 497 536 595 619 675 695 730 761 854 891 973 1014 1025 1026 1066 1072 1083 1087 1098 1110 1116 1134 1145 1147 1159 1161 1164 1169 1185 1199 1248 1260 1274 1325 1341 1365 1379 1388 1398 1408 1429 1433 1434 1435 1438 1439 1454 1473 1517 1518 1525 1529 1543 1549 1550 1552 1563 1566 1592 1595 1602 1605 1609 1610 1623 1651 1671 1692 1694 1708 1711 1724 1726 1746 1751 1769 1828 1844 1846 1875 1877 1886 1906 1911 1925 1932 1934 1939 1978 1999 2003 2015 2033 2077 2078 2091 2134 2142 2150 2164 2166 2195 2196 2198 2200 2207 2247 2265 2275 2281 2286 2287 2297 2342 2383 2436 2449 2451 2482 2484 2488 2492 2498 2519 2524 2537 2546 2554 2568 2570 2597 2598 2604 2605 2606 2610 2618 2619 2627 2643 2656 2657 2665 2666 2670 2686 2692 2702 2703 2706 2710 2715 2742 2745 2750 2753 2777 2794 2805 2812 2816 2833 2837 2840 2856 2883 2895 2900 2912 2920 2922 2925 2929 2946 2963 2967 2969 2971 2979 2980 2989 2993 3001 3008 3009 3015 3017 3018 3030 3040 3050 3057 3064 3078 3092 3095 3110 3118 3138 3147 3148 3175 3176 3198
4836 : 3200 3202
4837 : 2953
4840 : 585 1536 2916
4841 : 78 103 278 531 533 630 637 861 894 1003 1013 1029 1047 1051 1135 1148 1159 1169 1180 1186 1236 1257 1398 1410 1439 1454 1475 1498 1524 1541 1543 1565 1587 1686 1698 1741 1748 1844 1847 1856 1959 1962 2060 2080 2105 2195 2204 2219 2227 2233 2254 2309 2342 2353 2370 2378 2401 2421 2451 2452 2480 2484 2535 2681 2687 2746 2753 2799 2812 2851 2876 2912 2920 2928 2951 3020 3031 3095 3103 3104 3112 3138 3140 3142 3145 3153 3164 3192
4842 : 1160 1505 1530 1565 1589 1613 1625 1665 1671 1742 1805 1811 1825 1852 1901 2054 2162 2175 2188 2202 2377 2438 2469 2497 2499 2536 2645 2723 2838 2918 2928 2973 3027 3039 3119 3153
4844 : 558 1423 1700 1998 2804 3075 3090 3116
4847 : 2201
4850 : 1517
4851 : 1554 2097
4855 : 46 68 71 202 251 252 272 278 320 396 537 585 619 678 699 726 728 796 822 824 825 847 854 856 865 891 941 964 971 1003 1012 1014 1033 1043 1050 1088 1113 1114 1134 1135 1145 1155 1158 1160 1165 1168 1173 1185 1186 1195 1235 1248 1257 1262 1264 1265 1305 1307 1315 1327 1334 1345 1352 1354 1368 1384 1388 1393 1394 1397 1400 1403 1410 1415 1417 1424 1427 1453 1460 1465 1468 1470 1471 1485 1487 1503 1506 1526 1535 1542 1543 1550 1553 1565 1589 1591 1603 1604 1605 1614 1616 1623 1625 1632 1641 1642 1647 1654 1657 1664 1674 1677 1678 1680 1684 1700 1727 1728 1738 1739 1751 1752 1768 1774 1788 1805 1806 1807 1809 1810 1811 1827 1829 1845 1855 1856 1868 1871 1878 1890 1901 1906 1912 1916 1926 1930 1931 1939 1947 1959 1962 1974 1977 2002 2031 2035 2051 2054 2080 2082 2096 2108 2111 2130 2145 2207 2210 2217 2227 2253 2262 2264 2265 2268 2285 2287 2297 2299 2314 2325 2345 2366 2368 2383 2399 2420 2423 2436 2450 2453 2456 2470 2471 2480 2481 2483 2499 2500 2518 2522 2534 2556 2561 2570 2582 2605 2609 2616 2645 2657 2668 2669 2682 2683 2688 2700 2701 2705 2709 2717 2718 2719 2730 2732 2746 2764 2795 2802 2812 2819 2820 2838 2850 2851 2855 2856 2858 2859 2862 2864 2865 2869 2870 2877 2886 2888 2896 2898 2899 2903 2919 2923 2928 2929 2930 2931 2938 2939 2943 2944 2945 2961 2969 2972 2989 3004 3005 3014 3023 3024 3030 3052 3055 3066 3069 3073 3080 3091 3094 3100 3104 3106 3112 3114 3121 3125 3130 3140 3142 3146 3147 3148 3154 3157 3170 3200 3203 3204
4858 : 1295 1476 1769 1805 1862 2979 3193
4860 : 637 1034 1409 1515 1611 1723 2017 2180 2298 2357 2572 2740 2843 3146 3148 3188
4871 : 3087
4873 : 278 537 761 1386 1725 1834 1961 2042 2164 2217 2227 2264 2342 2470 2597 2657 2777 2804 2851 2865 2866 2896 2940 2943 2949 2958 2981 3008 3014 3079 3170
4876 : 616 719 1282 1327 1425 1497 1811 1890 2053 2179 2603 2742 2816 2922 2966 3004 3064 3195
4885 : 2558 2620 3128 3182
4886 : 2849 2892 2949
4889 : 185 1475 2340 2376 2499 2850 2865 2866 2919 2945 2981 3014 3157
4890 : 693 724 1350 1824 2722
4891 : 2794
4897 : 2572
4899 : 1635 2620
4904 : 1420 1691 1870 3115
4910 : 1247 1703 3076 3180 3181
4922 : 2705 3099
4927 : 2197
4928 : 719
4930 : 1098 1247 1787 1847 2061 2112
4931 : 1426 1433 1856 1868 2567 2709
4932 : 2953
4934 : 2692
4938 : 2679
4942 : 1308 2827
4953 : 964 1892 2170
4954 : 1472
4955 : 2827
4956 : 3033
4961 : 598 670 942 1001 1408 1456 1527 1700 1783 1784 1788 1809 1811 1988 2092 2265 2396 2572 2893 2931 2961 2979 3163
4965 : 1928 2535 2712 2866 2878 2891 2993 3027
4966 : 1933
4967 : 2679
4969 : 1997 2679
4973 : 1859 1888
4974 : 335
4975 : 1862
4977 : 1292 1497 1975 2200
4981 : 3047
4985 : 1108
4988 : 1630
4995 : 615 1525 1593 2200 2267
5008 : 2609
5009 : 2317
5013 : 332 533 827 854 856 865 1013 1073 1153 1270 1293 1344 1420 1434 1631 1674 1691 1750 1786 1847 1885 1930 1939 1951 1997 2176 2233 2249 2261 2276 2421 2490 2516 2569 2570 2620 2628 2649 2679 2686 2722 2916 3097 3098
5023 : 111 185 251 1003 1161 1197 1304 1314 1516 1695 1726 1769 2135 2547 2924 3134
5026 : 1474
5027 : 1891 2421 2674 2687
5028 : 20 825 1003 1267 1290 1408 1516 1652 1698 1769 1805 1806 2289 2483 2595 2620 2721 2893 2928 2996 3097 3117 3132
5030 : 1171 1504 1844 1867 1956 2620 2697 2881 2911 3052
5032 : 319 951 964 1346 1351 1645 1722 2138 2164 2169 2229 2268 2286 2555
5035 : 2197
5036 : 1427 2994
5041 : 2979
5044 : 3142
5046 : 1315
5047 : 282 329 616 1108 1117 1223 1568 1741 1956 2146 2526 2687 2912 3145
5049 : 492 1237 1253 1710 2787
5052 : 1725
5054 : 605 1035 1116 1169 1197 1408 1524 1536 1614 1679 1705 1707 1774 1946 1998 2214 2233 2263 2266 2438 2544 2682 2697 2738 2838 2859 2931 2950 2957 2969 3000 3047 3048 3054 3086 3140 3146
5055 : 2751
5061 : 1506 1751 2592 2779 2993
5065 : 950
5067 : 116 497 679 1046 1051 1066 1121 1254 1278 1294 1333 1516 1620 1722 1754 1781 1931 1960 2323 2450 2598 2619 2669 2709 2837 2906 2923 2999
5084 : 891
5086 : 2231 2305
5088 : 282 396 696 850 851 854 856 892 1711 1855 1902 2114 2201 2203 2288 2359 2722 2848 2860 2866 2926 3002 3084 3088 3129
5094 : 243 726 867 1146 1721 2134 2211 2631 2696
5097 : 3012
5112 : 1523 1878 2692
5116 : 531 2313 2669 2794
5120 : 2923 3076
5124 : 1891 3097
5126 : 441 1160 1341 1548 1946 2053 2147 2274 2366 2500
5127 : 1309 2060 2401
5131 : 1430 1473 1630 2523 2547 2604 2610 2980 3165
5137 : 1453 1665 1739 1906 2051 2650 2838 2921
5149 : 2033
5153 : 1261 1491 1748 1892 1975 2229 2253 2302 2369 2420 2794 2850 2957 2985 3018 3065 3087 3091 3117 3128 3133
5155 : 3015
5164 : 675 724 2046 2288 2317 2705 3046 3053
5174 : 655 1253
5181 : 2534 3045
5182 : 2456
5191 : 2245
5192 : 146 254 321 329 462 616 637 724 1051 1236 1238 1325 1349 1416 1476 1659 1765 1771 1846 1927 2046 2048 2181 2198 2226 2283 2380 2522 2527 2777 2852 2930 2979 3099 3130 3160 3184
5195 : 248 1425 1541 1568 1630 1634 1805 1856 1916 2113 2252 2389 2515 2682 2931 2979 3036 3094 3172
5199 : 1163
5202 : 1236 1681 1877 1879 1937 2375 2378 2596 2734 2817 3002 3097 3164
5211 : 236 440 585 1010 1194 1324 1409 1427 1456 1571 1695 1699 1765 2097 2127 2166 2298 2522 2645 2708 2882 2932 2951 2961 2979 2985 3022 3035 3091 3100 3111 3179 3181 3182 3183
5221 : 796
5223 : 185 278 670 1001 1265 1326 1652 1855 1936 2019 2095 2126 2127 2145 2198 2308 2319 2342 2526 2554 2610 2628 2632 2795 2856 2863 2869 2885 2915 2990 3005 3022 3041 3134 3185 3195
5224 : 1572 1829 2715 3013
5226 : 1534 2700
5229 : 851 1154 1589 2152 2870
5231 : 462 677 1099 1115 1117 1197 1216 1230 1307 1383 1433 1434 1453 1595 1645 1707 1879 1900 1915 2046 2153 2154 2215 2220 2594 2598 2603 2622 2649 2665 2709 2801 2848 2867 2890 2897 2980 3006 3008 3020 3021 3045 3070 3080 3163 3174 3204
5233 : 1645
5234 : 2047
5241 : 1742 1783
5243 : 2893 2998 3021 3048 3136
5245 : 40 890 1654 1658 1781 1806 2198 2232 2709
5250 : 1117
5251 : 1117
5253 : 1468
5259 : 1741
5267 : 1738
5268 : 2310
5271 : 2377
5275 : 536 1014 1433 2537 3182
5276 : 2920 2979
5281 : 2721
5283 : 1890
5293 : 3177
5307 : 982 1541 1542 1653 1678 1788 1945 2163 2197 2307 2310 2390 2958 3012 3140 3142
5315 : 1590
5316 : 848 1031 1420 1440 1495 1524 1601 1615 1932 1933 1999 3058
5330 : 619
5335 : 1098 1410 2669 2905
5337 : 731 2525 3130
5338 : 1197 1351 1474 1524 2649
5344 : 558 1651 1744 1905 2289 2372 2557 2695 3008 3138
5356 : 224 282 941 1216 1354 1395 1563 1671 1672 1784 1868 1879 1911 1989 2093 2210 2263 2273 2342 2423 2514 2712 2751 2885 3113
5358 : 185 272 1112 1155 1165 1179 1234 1354 1475 1506 1519 1550 1591 1622 1700 1727 1844 1884 1902 2168 2169 2297 2314 2365 2376 2723 2820 2968 3050 3144 3187
5376 : 2406
5385 : 2320 2920 3172
5392 : 1572
5397 : 2196
5398 : 1463
5435 : 1259 1685 2354 2525
5437 : 536 2931
5442 : 1417 1572 1675 1929 2105 2127 2401 2500 2518 2536 2592 2882 2979 3002 3076
5444 : 1072 1223 1327 1358 1427 1825 2211 2398 2421 2674 2687 2742
5445 : 1544 2370
5450 : 2151
5451 : 2828
5466 : 106 272 536 661 892 1045 1084 1145 1147 1197 1212 1281 1326 1401 1408 1468 1497 1523 1544 1626 1641 1743 1854 1890 1902 1907 1958 1972 1976 1999 2151 2202 2253 2277 2301 2343 2354 2355 2369 2410 2451 2494 2497 2622 2625 2708 2747 2768 2815 2827 2833 2886 2901 2949 2950 2980 3005 3058 3071 3081 3093 3133 3152 3174 3175
5480 : 2398 2568 2787 3077
5502 : 1391 1571
5503 : 1348 1467 1628 1697 1747 2035 2308 2311 2874 2886 3182
5507 : 2692
5508 : 2730
5510 : 2035
5513 : 1945
5514 : 693 849 944 1115 1145 1155 1194 1236 1433 1699 1700 1786 1935 1936 1961 2018 2093 2109 2217 2251 2288 2307 2389 2451 2524 2581 2598 2722 2746 2753 2828 2832 2839 2883 2885 2889 2916 2922 2947 2966 2968 2969 2978 2991 3033 3040 3041 3057 3084 3095 3109 3133 3135 3143 3147 3163
5516 : 1699
5519 : 2483
5520 : 39
5521 : 282 796 856 951 962 1032 1172 1315 1323 1346 1366 1379 1423 1425 1542 1608 1727 1764 1807 1868 1875 2003 2034 2053 2061 2154 2167 2186 2216 2220 2233 2338 2353 2354 2546 2567 2620 2645 2665 2827 2838 2871 2895 2903 2905 2970 3001 3013 3064 3164 3191
5524 : 1711 2622 3021 3111
5526 : 202 319 533 1350 1434 2150 2181 2198 2316 2366 2556 2766 3023
5531 : 1956 2176 2375 2891
5534 : 724 1324 1856 2127 2606 2705 2839
5536 : 2106
5537 : 1497 1879 2095 2130 2498 2625 3115 3165
5540 : 1162 2629
5541 : 1143 1415 2274 2784 3111
5553 : 2516
5556 : 1409
5559 : 972
5576 : 796 950 1409 1928 1936 2289 2557 2925 3097 3129
5579 : 2535
5583 : 70 71 94 95 144 205 265 278 298 320 322 396 527 536 615 717 731 942 981 1012 1013 1025 1026 1030 1062 1135 1166 1169 1172 1186 1188 1214 1255 1259 1261 1271 1279 1307 1326 1327 1362 1403 1421 1425 1491 1504 1527 1595 1603 1605 1622 1630 1652 1685 1698 1705 1706 1751 1770 1782 1847 1854 1875 1886 1888 1900 1931 1936 1957 1988 2017 2031 2033 2035 2036 2048 2049 2052 2080 2109 2112 2148 2154 2178 2181 2189 2203 2207 2252 2268 2274 2275 2277 2288 2317 2337 2342 2367 2372 2373 2378 2380 2389 2434 2436 2450 2470 2480 2484 2494 2497 2515 2522 2524 2537 2538 2570 2580 2582 2595 2625 2645 2651 2666 2706 2718 2720 2739 2740 2741 2750 2765 2767 2794 2799 2805 2812 2819 2821 2827 2835 2843 2845 2851 2865 2897 2900 2905 2914 2920 2925 2930 2955 2956 2981 2987 2991 2993 2996 3013 3034 3036 3040 3041 3042 3050 3067 3118 3127 3134 3135 3141 3151 3157 3165 3173 3201 3203
5590 : 2991
5595 : 2926 3081
5603 : 2341 2569 2829 2847 2883 3046 3098 3125
5608 : 972 1486 1745 1750 1753 1844 1892 2150 2358 2867
5616 : 2019
5629 : 48 644 2047 3097 3115 3150
5638 : 319 848 1674 1845 1956 2194 2204 2383 2501 2771 3143 3204
5640 : 1768 2707
5641 : 1415 1625 2276
5642 : 2630 2883
5647 : 111 242 335 1143 1170 1180 1346 1489 1634 1877 1931 1946 2050 2054 2140 2339 2383 2494 2496 2515 2628 2667 2674 2700 2712 2737 2767 2883 2889 2890 2891 2911 2966 3012 3066 3074 3116 3142 3177
5648 : 93 111 321 479 483 497 536 618 637 677 728 755 849 855 865 867 894 973 1028 1148 1167 1200 1252 1279 1352 1379 1388 1404 1408 1427 1488 1497 1525 1536 1566 1608 1633 1637 1638 1643 1675 1691 1692 1751 1806 1810 1811 1827 1836 1843 1846 1847 1859 1867 1873 1874 1907 1909 1910 1923 1924 1931 1932 1936 1951 1958 1973 1997 1998 2018 2053 2092 2109 2111 2139 2148 2151 2179 2186 2192 2217 2228 2229 2231 2247 2263 2267 2287 2289 2301 2342 2344 2358 2373 2374 2420 2455 2456 2470 2487 2525 2526 2536 2545 2569 2570 2582 2595 2603 2606 2619 2625 2627 2628 2643 2646 2687 2701 2702 2703 2707 2710 2712 2722 2726 2733 2767 2770 2784 2787 2800 2805 2807 2838 2840 2846 2851 2863 2867 2876 2884 2885 2888 2889 2903 2905 2911 2913 2918 2927 2939 2944 2957 2966 2973 2981 2987 2991 2996 2998 3008 3014 3015 3018 3031 3052 3055 3072 3081 3082 3084 3086 3096 3106 3110 3125 3128 3136 3146 3148 3149 3152 3157 3162 3163
5660 : 1234 1595 2572 2737
5664 : 1108
5667 : 1146 1843 1867 1875 1876 2994
5668 : 971 1739 2105 2829 2866 3131
5670 : 3021
5678 : 71 103 202 243 252 616 894 944 1145 1169 1182 1211 1294 1350 1362 1409 1421 1425 1462 1470 1568 1593 1649 1698 1707 1743 1829 1847 1853 2035 2110 2151 2176 2181 2202 2231 2301 2317 2396 2435 2480 2517 2554 2688 2705 2769 2829 2941 2954 2979 3012 3013 3046 3098 3105 3114 3135
5684 : 2470
5687 : 1333 1726 1844 1915 2717 3014 3037 3046 3098 3176
5688 : 1844
5689 : 1066 1353 1905 3138
5700 : 2354
5703 : 2470
5705 : 1721 2275
5714 : 1859
5716 : 124 254 282 755 1084 1152 1184 1363 1525 1548 1629 1652 1691 1752 1825 1844 1855 1884 1888 1956 2019 2033 2062 2109 2130 2134 2168 2176 2179 2203 2207 2208 2211 2251 2341 2343 2344 2358 2373 2498 2568 2592 2595 2623 2646 2669 2702 2712 2719 2734 2766 2770 2786 2829 2859 2889 2902 2914 2916 2929 2980 2986 2988 2993 2996 3005 3015 3053 3058 3074 3112 3125
5719 : 1166 1630 1651 2826
5720 : 761
5722 : 103 1454 2097 2480
5723 : 973
5729 : 1711
5733 : 677 2421
5741 : 1340 1516 1534 1626 1641 1692 1936 1999 2421 2742 2753
5742 : 40 849 1504 1641 1642 1750 2208 2276 3117
5750 : 205 254 942 1046 1235 1260 1264 1307 1323 1346 1387 1430 1475 1496 1497 1505 1506 1603 1609 1629 1642 1651 1658 1742 1829 1856 1862 1871 1889 1924 1926 1930 1962 2033 2035 2047 2051 2082 2095 2127 2202 2263 2289 2299 2359 2378 2379 2401 2421 2451 2455 2494 2499 2526 2538 2605 2606 2646 2684 2727 2734 2786 2835 2847 2899 2905 2929 2937 2948 2973 3056 3066 3108 3112 3121 3136 3146
5751 : 799 1184 1453 1497 1501 1825 1889 2033 2453 2596 2856 3125 3163
5752 : 1403 2214 2784 2858 2905
5761 : 1161 2125 2696 2920
5767 : 531 1398 1413 2705 2810 3010 3076
5774 : 3165
5778 : 1384 1809 2523 2709 2771 2925
5785 : 2753
5788 : 2657 2692
5790 : 677 857 861 865 1117 1325 1527 1630 1724 1956 2017 2051 2108 2176 2679 2716 3075
5791 : 1928 2233 3179
5793 : 1465 1962 2051 2645
5798 : 794 940 1051 1071 1172 1259 1542 1552 1587 1641 1901 2033 2078 2081 2208 2230 2249 2262 2272 2276 2287 2359 2389 2437 2490 2498 2500 2537 2559 2680 2711 2716 2734 2748 2753 2816 2820 2863 2902 2916 2918 3005 3033 3041 3057 3072 3074 3075 3103 3112 3113 3129 3132 3134
5801 : 1034 1469 1844
5806 : 1554 2753 2924
5809 : 146 252 278 695 698 1045 1088 1098 1108 1111 1180 1183 1309 1366 1404 1409 1423 1459 1470 1474 1552 1587 1626 1652 1693 1710 1725 1750 1774 1824 1876 1885 1889 1902 1910 1978 2016 2065 2081 2094 2112 2135 2164 2196 2323 2380 2396 2435 2486 2487 2497 2518 2582 2623 2714 2851 2884 2897 2921 2940 2943 3005 3010 3015 3043 3054 3071 3120 3199
5810 : 2094
5816 : 533 1255 1435 1637
5818 : 1637 2167
5820 : 1590 2581 3194
5821 : 367 617 796 824 963 1113 1145 1235 1544 1549 1615 1653 1665 1674 1810 1847 1890 1908 1961 2004 2152 2179 2186 2289 2344 2469 2606 2746 2754 2832 2855 2948 2987 3081 3106 3107 3131
5824 : 1307
5825 : 435 1002 2169 2742 2968
5828 : 1113
5831 : 3071
5833 : 2317 2534 2692
5835 : 1859 1875 1888 2487 2656 2924
5836 : 2144 2705 3041
5838 : 1197
5839 : 698 2054
5844 : 2197
5861 : 3138
5868 : 1234 1534 1787 2438 2862 2903 2914 3067 3080 3106
5869 : 1099 1771
5871 : 865 1231 1381 1543 1601 1847 2145 2485 2692 2977 2985
5872 : 2436
5874 : 1290 3028
5876 : 254 397 435 721 730 755 950 1051 1067 1267 1281 1350 1408 1411 1416 1421 1432 1462 1484 1488 1523 1529 1601 1638 1649 1650 1680 1685 1692 1706 1741 1792 1888 1891 1900 2035 2049 2064 2154 2176 2186 2249 2305 2324 2366 2402 2439 2451 2455 2567 2605 2656 2695 2720 2723 2799 2837 2850 2874 3013 3016 3060 3132 3166 3176 3199 3201
5877 : 2306 3054
5883 : 1721 2490 2996 3080
5887 : 973 1003 1349 1653 1665 1748 1843 2113 2181 2186 2195 2198 2228 2300 2305 2342 2746 2851 2866 2890 2915 2921 2922 2970 3077 3131 3142
5888 : 691 730 1003 1033 1066 1254 1270 1379 1432 1470 1649 1974 2252 2700 2739 2812 2897 3197
5891 : 2815 2846 2877 2905 2924 3017 3072 3105 3116 3176
5892 : 48
5906 : 2684
5908 : 755 1003 1026 1029 1252 1260 1363 1402 1535 1905 1946 2053 2145 2207 2251 2264 2869 2897 2951 2966 2994 3004 3013 3080 3204
5916 : 2826 3185
5919 : 2567 2800
5940 : 272 405 675 696 796 1173 1412 1455 1534 1627 1641 1671 1695 1700 1847 1884 2030 2208 2344 2390 2526 2620 2692 2828 2951 3028 3052 3156 3158
5944 : 1925 2142 3147
5945 : 241 1145 1152 1394 1623 1931 1934 2097 2146 2438 2943
5954 : 1162 2245 2321 3048
5956 : 605
5958 : 2904
5960 : 71 1048 1392
5962 : 2800 2938
5964 : 2283
5966 : 464 644 759 865 1007 1234 1358 1359 1395 1455 1570 1592 1665 1681 1706 1739 1824 2036 2110 2112 2139 2581 2595 2631 2650 2698 2746 2819 2901 2916 2947 2996 3006 3094 3115 3162 3202
5967 : 2050
5968 : 2679
5970 : 1862
5973 : 1605 1862 2702 2777 2852 2865 2981 3188
5980 : 3034
5981 : 595 1013 1270 1384 1391 1445 1591 1609 1678 1835 1862 2106 2153 2310 2480 2820 2843 2899 3145 3146
5989 : 1705 2850 2922 3077
5994 : 2546 2702
6001 : 2981
6002 : 2568
6003 : 1948
6005 : 185 531 595 615 670 1134 1143 1384 1445 1497 1527 1659 1700 1771 1927 1945 2020 2050 2130 2188 2232 2233 2302 2557 2702 2813 2840 2858 2929 2993 3001 3040 3198
6007 : 1924 3152
6008 : 2357
6014 : 2196
6015 : 2558
6021 : 185 254 799 1032 1216 1411 1572 1665 1705 1768 1976 2265 2568 2631 2684 2817 2821 2835 2864 2959 2971 3001
6028 : 1469 1534 2188 2321 2377 3048
6031 : 2744
6034 : 3044
6035 : 1853 2275
6036 : 2096
6040 : 1235
6042 : 1354 1877 2215 2315 2621 2652 2669 2993 3033 3164
6043 : 2080
6048 : 536 981 1052 1333 1632 1650 1956 2144 2194 2554 2720 2746 2786 2947 2978 3001 3057
6049 : 116
6053 : 236 1349
6054 : 3047
6060 : 2603
6065 : 755 1098 1504 1601 1645 1847 1946 2096 2110 2179 2298 2359 2525 2606 2621 2625 2628 2855 2891 2936 3046 3187
6069 : 1827 2344 2378 2667
6071 : 2981
6074 : 982 1433 1506 1550 1889 1923 2298 2302 2370 2624 2674 2716 2893 2911 2939 2957 2977 3026 3105 3145
6079 : 2572
6082 : 2722
6086 : 116 1154 1159 1272 1720 1754 1765 1948 2147 2163 2308 2309 2776 2823 2899 3003 3022 3142
6097 : 2218 2988 3055
6099 : 1769
6101 : 1392
6103 : 1741
6106 : 1033 1591 2321 2569
6112 : 265 655 759 944 1121 1314 1397 1652 1706 1785 1886 1948 2081 2111 2494 2901 2958 3078
6116 : 3179
6125 : 224 464 595 949 1025 1234 1348 1358 1379 1453 1781 1787 1885 2002 2111 2112 2148 2178 2252 2341 2684 2703 2708 2710 2733 2739 2764 2785 2786 2820 2821 2921 3045 3093 3102 3198
6130 : 39 40 46 71 202 252 282 284 322 396 409 585 637 671 675 695 696 698 699 728 731 851 854 944 971 972 980 1003 1010 1012 1032 1033 1034 1046 1066 1071 1083 1087 1108 1110 1160 1161 1163 1168 1170 1173 1179 1194 1195 1225 1236 1238 1247 1252 1264 1274 1290 1304 1307 1308 1309 1315 1325 1347 1348 1365 1380 1386 1388 1391 1393 1394 1408 1410 1412 1427 1428 1432 1439 1441 1456 1458 1459 1463 1467 1469 1472 1482 1484 1486 1487 1489 1502 1505 1506 1507 1515 1516 1518 1519 1523 1525 1526 1533 1534 1542 1543 1544 1571 1589 1591 1604 1605 1611 1626 1627 1647 1651 1652 1653 1657 1664 1665 1671 1676 1677 1680 1682 1685 1692 1695 1697 1698 1699 1708 1710 1712 1719 1721 1741 1744 1745 1747 1749 1750 1752 1753 1754 1755 1767 1774 1827 1829 1844 1845 1853 1878 1885 1891 1892 1902 1910 1923 1927 1931 1937 1938 1939 1957 1959 1960 1977 1988 1989 2002 2004 2016 2017 2035 2054 2064 2065 2080 2083 2091 2092 2095 2097 2105 2113 2126 2137 2151 2152 2153 2168 2169 2188 2189 2195 2201 2211 2218 2219 2228 2247 2274 2277 2288 2297 2305 2308 2311 2314 2317 2318 2319 2321 2342 2344 2353 2357 2358 2365 2370 2371 2372 2375 2376 2377 2378 2379 2380 2390 2398 2423 2424 2439 2452 2470 2481 2485 2486 2497 2498 2500 2501 2516 2519 2522 2526 2535 2536 2541 2542 2560 2561 2567 2571 2581 2582 2596 2604 2618 2622 2623 2624 2626 2629 2632 2667 2668 2669 2681 2682 2697 2700 2711 2730 2740 2741 2747 2749 2750 2764 2786 2794 2798 2811 2812 2819 2829 2833 2838 2840 2841 2845 2849 2850 2859 2860 2865 2867 2868 2878 2882 2892 2894 2918 2919 2920 2924 2928 2941 2943 2947 2948 2950 2951 2954 2955 2959 2984 2988 2989 2999 3002 3012 3015 3016 3021 3025 3028 3048 3049 3050 3059 3064 3067 3068 3070 3071 3072 3076 3078 3080 3082 3087 3089 3090 3103 3112 3121 3127 3128 3129 3131 3134 3136 3137 3144 3147 3153 3181 3183
6134 : 3036
6139 : 95 464 1309 1327 1489 1632 1705 2232 2710 2754
6143 : 1166 2665 2766 3095
6145 : 2957
6149 : 40 92 495 950 1282 1341 1384 1394 1470 1609 1613 1829 1847 1879 1978 1989 2042 2150 2203 2263 2572 2670 2787 2835 2897 3113
6151 : 2517
6157 : 2535
6162 : 251
6165 : 282 694 696 854 858 860 1035 1117 1210 1264 1308 1400 1416 1425 1433 1475 1516 1827 2035 3192
6169 : 1768
6173 : 284 1476 1603 1752 1811 1901 2181 2188 2570 2571 2665 2753 2897 2898 3052 3074 3091 3185
6175 : 1856 2204
6181 : 3204
6182 : 2153
6184 : 2480
6185 : 3146
6198 : 3196
6212 : 675 860 1226 1307 1659 2198 2300 2317 2739 2856 2874
6214 : 677 724 1341 2152 3092 3104
6221 : 1741
6222 : 2656
6224 : 1345 1365 1394 1543 1616 2804 3071
6227 : 2994
6229 : 2899 2979
6233 : 1514 1635 1644 2097 2810 2864 2890 2922 2925 2990
6237 : 2894 2955 2985
6241 : 2547 3047
6246 : 2996
6249 : 70 103 675 698 1033 1047 1112 1195 1236 1270 1411 1454 1474 1502 1637 1658 1671 1700 1854 1931 2033 2139 2177 2185 2215 2217 2220 2263 2268 2275 2324 2339 2379 2389 2514 2534 2561 2592 2624 2902 2904 2961 2970 3013 3033 3035 3066 3099 3104 3138 3145
6252 : 1170 1235 1272 1491 1565 1591 1614 1616 1652 1739 1856 2035 2050 2233 2252 2299 2341 2501 2537 2582 2623 2631 2739 2746 2786 2916 2947 3005 3115 3175
6253 : 679 730 1651
6254 : 1726 2947
6256 : 1764
6260 : 1382 1392
6261 : 1725 1834 2031 2200 2210 2220 2229 2232 2544 2644 2764 2794 2986
6265 : 1003 2721
6268 : 1692 3015
6270 : 616 1383 2572
6271 : 533 856 1114 1462 1845 2020 2216 2341 2567 2624 2871 2873 2957 3013
6278 : 1259 1726 1770 2341 2499 3099
6279 : 2216
6282 : 116 272 531 670 698 972 1099 1194 1212 1235 1295 1309 1347 1359 1382 1417 1463 1467 1489 1516 1527 1571 1603 1654 1681 1752 1824 1829 1891 1906 1974 2019 2035 2053 2197 2274 2340 2354 2358 2380 2398 2421 2470 2471 2518 2572 2584 2606 2632 2681 2692 2705 2826 2856 2864 2870 2888 2906 2916 2931 2939 2945 3004 3014 3026 3032 3035 3036 3069 3074 3107 3118 3124 3187 3201
6283 : 1165 1472 2681 2712
6284 : 1267
6285 : 3031
6286 : 2860
6291 : 2359
6293 : 2913
6294 : 40 48 124 185 224 241 272 278 282 335 380 435 585 619 637 755 794 796 849 854 858 972 1002 1034 1051 1071 1072 1112 1113 1117 1145 1161 1166 1179 1225 1234 1237 1264 1295 1304 1307 1341 1354 1366 1409 1410 1413 1441 1455 1462 1464 1489 1503 1519 1523 1525 1526 1540 1550 1587 1604 1619 1621 1626 1637 1641 1642 1643 1645 1646 1658 1675 1679 1685 1694 1700 1712 1735 1739 1774 1811 1827 1847 1869 1884 1915 1928 1936 1938 1947 1956 1962 1973 1976 2033 2052 2053 2054 2062 2110 2134 2140 2169 2175 2176 2177 2188 2196 2202 2220 2231 2233 2245 2249 2263 2273 2288 2289 2297 2316 2359 2372 2373 2375 2380 2388 2421 2424 2438 2452 2455 2483 2490 2496 2500 2513 2515 2526 2535 2537 2557 2567 2570 2598 2620 2621 2627 2645 2650 2664 2665 2674 2687 2695 2701 2702 2705 2707 2716 2719 2720 2722 2742 2745 2746 2749 2765 2766 2820 2821 2828 2834 2838 2839 2846 2856 2862 2883 2885 2889 2911 2912 2922 2929 2938 2944 2951 2963 2973 2988 2989 2997 3005 3014 3025 3033 3037 3041 3056 3057 3065 3069 3074 3075 3085 3088 3091 3094 3095 3097 3103 3112 3113 3114 3118 3151 3153 3156 3162 3163 3171 3195
6308 : 1810 2305 2906
6311 : 2233
6314 : 3057
6322 : 1929
6324 : 1029 1083 1196 1365 1530 1684 1769 2274 2452 2695 2848 3117 3121 3157
6325 : 1462 1847 3011
6326 : 2367 2708 3111
6335 : 278 755 860 861 1154 1315 1326 1464 1517 1552 1632 1650 1765 1886 1924 1936 1956 2050 2051 2137 2146 2208 2319 2359 2375 2452 2496 2498 2596 2604 2828 2858 2887 2955 2963 2968 2984 3082 3092 3151
6339 : 1563
6340 : 2471
6343 : 396 464 1033 1264 1463 1890 2582 2889
6345 : 1181
6346 : 1925 1972 2922 2928 3056 3102
6347 : 1108
6349 : 1711
6350 : 1703
6351 : 2816 3083
6353 : 104 605 971 1890 1892 2046 2059 2688 2749
6356 : 2180
6360 : 1764
6362 : 284 1188 1267 1433 1636 1652 1692 1890 3002 3076 3097 3182 3183
6363 : 848 1381 1525 1679 1876 2210 2354 2355 3077
6364 : 1003 1696 1829
6370 : 144 329 696 2436 2633 3021 3111 3158
6373 : 2849
6376 : 2193
6377 : 2093
6384 : 2265 2701
6385 : 441 1134 1164 1673 1751 1884 2651 2941
6386 : 849 1072 1115 1170 1324 1415 1457 1504 1676 1845 1847 1934 1936 1939 2032 2053 2177 2216 2254 2273 2316 2369 2388 2390 2451 2453 2483 2484 2556 2722 2739 2767 2832 2836 2846 2856 2886 2889 2922 2953 2954 2987 3032 3040 3041 3042 3057 3081 3086 3095 3096 3124 3163
6390 : 1385
6393 : 537 1497 1974 1975 2201 2286 2648
6396 : 1707 2249 2283 2925
6398 : 2001
6400 : 849 2846
6402 : 2082
6408 : 116 1349 1550 1742 1862
6412 : 71 1294
6418 : 854 949 1196 1425 1497 1644 1784 2994 3014 3049
6421 : 616
6423 : 2895 2929 2938 2949 2966 2987 2997
6428 : 1427 2399 2751
6438 : 1517 1677 1706 2060 2188
6439 : 1304 1472 1518 1550 2680
6448 : 796
6449 : 3131
6451 : 251 483 492 605 618 867 982 1143 1152 1181 1398 1426 1432 1589 1591 1626 1691 1768 1787 1847 1874 1989 2083 2094 2167 2177 2178 2184 2194 2218 2265 2289 2341 2497 2527 2560 2632 2651 2768 2827 2850 2899 2939 2941 2956 3006 3105 3142
6453 : 1334 2786
6496 : 1470 2082 2479 3150
6497 : 981 1453 1742 2876 3087
6498 : 1703 2017 3146
6501 : 278
6512 : 1194 1489 2383
6524 : 103 940 1143 1566 1603 1870 1888 2035 2076 2216 2261 2326 2380 2388 2596 2649 2720 2734 2924
6531 : 1630 1694 2547 3086
6532 : 2175
6534 : 40 1164 1409 1432 1680 1741 1805 1810 1892 1901 1974 2146 2153 2219 2481 2809 3037 3048
6540 : 1145 1413 1766 2215 2275
6547 : 2060
6560 : 1099
6572 : 2233
6580 : 1528 1707 1906 2402 2568 2595 2800 2828 2837 2866 2878 2925 2927 3196
6582 : 2230 2308 2398 2753
6585 : 1769
6586 : 675
6593 : 48 69 78 95 202 254 265 272 298 321 329 396 409 440 462 464 531 595 679 699 719 730 759 855 858 861 894 940 952 972 980 990 1028 1051 1062 1098 1099 1122 1147 1153 1161 1165 1173 1179 1183 1188 1210 1212 1213 1216 1223 1233 1234 1235 1262 1272 1295 1307 1308 1327 1341 1358 1359 1362 1365 1381 1389 1400 1402 1411 1440 1453 1456 1467 1482 1483 1501 1505 1506 1515 1519 1523 1527 1534 1536 1543 1563 1572 1589 1595 1601 1608 1620 1623 1626 1627 1629 1637 1646 1651 1652 1665 1676 1677 1684 1695 1705 1708 1722 1724 1725 1735 1738 1740 1745 1750 1753 1767 1769 1784 1810 1834 1854 1861 1870 1879 1887 1925 1931 1932 1948 1957 1958 1975 1976 1977 1978 1989 1999 2003 2020 2051 2053 2060 2061 2081 2082 2092 2095 2111 2113 2137 2138 2146 2151 2152 2163 2166 2168 2176 2198 2217 2218 2229 2249 2261 2272 2274 2283 2289 2300 2308 2310 2314 2317 2318 2320 2324 2339 2340 2355 2358 2359 2374 2388 2395 2396 2400 2402 2421 2423 2447 2470 2471 2484 2499 2525 2536 2537 2561 2569 2581 2621 2625 2631 2644 2648 2652 2656 2664 2683 2684 2703 2707 2710 2726 2730 2733 2767 2777 2786 2787 2809 2812 2833 2835 2846 2851 2857 2865 2868 2873 2876 2886 2892 2893 2914 2923 2937 2939 2941 2953 2954 2956 2966 2968 2970 2977 2978 2981 2988 2997 2998 3004 3011 3012 3024 3031 3036 3056 3070 3071 3073 3075 3076 3077 3080 3082 3088 3090 3103 3117 3121 3127 3128 3152 3157 3176 3182 3198 3199 3201 3203
6596 : 1010 1033 1071 1160 1162 1165 1188 1194 1257 1281 1307 1389 1410 1464 1486 1506 1526 1602 1603 1642 1651 1664 1671 1680 1695 1698 1703 1738 1746 1747 1827 1829 1844 1908 1912 1937 1938 1939 1960 1974 1978 2002 2003 2020 2035 2054 2105 2151 2167 2198 2219 2307 2320 2324 2357 2358 2377 2398 2424 2514 2535 2594 2604 2622 2629 2645 2716 2811 2841 2873 2876 2878 2887 2951 2959 2985 2990 3012 3024 3025 3072 3088 3092 3127 3158
6597 : 1212 1408 1410 1411 1420 1691 1787 2093 2144 2323 2402 2438 2525 2899 3192
6601 : 630 1726
6604 : 1385
6607 : 630 974 2175 2186 2263 2368 2396 2739 2859 3180
6611 : 2096
6612 : 875 1764 1997 2216 2294 2295 2301 2805
6619 : 894
6626 : 1369 1593 1613 1706 1727 2779 2941 3133
6630 : 2233 2951
6634 : 2233
6635 : 615 973 1455 1748 2370 2451 2809 3024 3129
6643 : 973
6645 : 1415 1488
6646 : 2339
6647 : 3022
6657 : 123 254 536 630 730 1083 1162 1351 1657 1829 1958 1997 2030 2031 2091 2134 2210 2233 2340 2420 2597 2670 2698 2703 2715 2928 3015 3037 3160
6660 : 2490 2692 3172
6664 : 974 1171 1194 1476 1697 1886 2193 2343 2358 2359 2492 2582 2600 2730 2831 2862 2873 3020
6666 : 1430
6668 : 1891
6669 : 322 972 1087 1196 1915 2167 2187 2311 2314 2484 2692 2716 2870 3027 3049
6670 : 854 1278
6676 : 1525 1626 1698 1708 1747 1752 1753 1826 1906 2017 2262 2343 2380 2481 2498 2624 2668 2669 2833 2863 2864 2914 2978 3000 3006 3023
6679 : 1413
6680 : 236
6681 : 265 462 1978 2751 2984
6682 : 440 531 1749 1751 2480 2888
6693 : 2113 3077
6707 : 2378 2572 2838 2866 3097
6711 : 3066
6724 : 2082
6732 : 2709
6746 : 3102
6748 : 96 1590 1673 2811
6749 : 1590 2754 2811
6751 : 40 222 320 462 527 585 675 727 796 1003 1062 1155 1198 1258 1379 1433 1489 1536 1602 1623 1630 1637 1703 1788 1877 1934 2002 2015 2113 2160 2196 2227 2245 2246 2319 2341 2535 2604 2664 2794 2828 2832 2833 2881 2888 2898 2938 3047 3077 3083 3090 3114 3121 3153 3157 3177
6754 : 2015 2125 2179 2683 2840 3039
6757 : 2177
6760 : 2666
6768 : 242 2580 2834
6786 : 397 409 619 655 675 731 758 865 894 1003 1143 1200 1346 1366 1381 1390 1391 1398 1412 1445 1464 1467 1487 1533 1591 1604 1605 1608 1610 1628 1653 1693 1770 1845 1861 1888 1908 1916 1930 1936 1945 1956 1961 1978 2051 2054 2080 2145 2187 2197 2216 2230 2289 2317 2324 2342 2401 2406 2453 2456 2501 2514 2547 2557 2620 2656 2684 2703 2721 2723 2753 2802 2819 2827 2833 2878 2880 2902 2904 2918 2931 2939 2951 2962 2986 3001 3097 3101 3181
6796 : 2304
6805 : 1686
6812 : 185 670 1135 1155 1384 1519 1603 1745 1892 1956 2065 2135 2194 2203 2285 2314 2375 2538 2592 2705 2926 2979 3054 3080 3148
6813 : 1389 2837 3028 3078
6814 : 329 1381 2020 2152 2310 2572 2623 2887 3052 3181
6815 : 719 2232
6834 : 2401 2692
6838 : 2289
6839 : 48
6842 : 1674 2150 2302 3074
6861 : 2823 3022
6867 : 329 944 1112 1170 1179 1182 1235 1456 1592 1665 1691 1725 1870 2054 2177 2211 2232 2581 2631 2887 2998 3131 3175
6868 : 303 464 585 616 617 724 851 855 982 1001 1010 1014 1099 1172 1394 1468 1476 1506 1534 1543 1567 1595 1720 1724 1742 1769 1860 1900 1908 1911 1978 2092 2154 2174 2188 2198 2232 2233 2267 2369 2383 2390 2406 2452 2479 2517 2568 2595 2645 2705 2738 2770 2809 2815 2833 2851 2882 2918 2923 2990 2999 3004 3111 3120 3146
6871 : 185 2682 2882 2928 2988 3072
6872 : 3160
6874 : 1698 1856 2311 2572 3077 3146
6876 : 2245 2455 2701 2916 2963 3042 3162
6885 : 321 595 964 1155 1282 1366 1389 1433 1454 1455 1588 1651 2310 2526 2895 3145
6886 : 116 2895
6887 : 282 728 847 942 971 1117 1145 1161 1168 1183 1214 1215 1264 1305 1315 1334 1345 1348 1391 1403 1424 1427 1439 1464 1468 1469 1486 1498 1503 1523 1542 1549 1564 1591 1625 1671 1676 1680 1705 1741 1811 1854 1926 1939 2002 2092 2096 2217 2233 2317 2356 2383 2439 2456 2471 2483 2519 2645 2812 2850 2912 2937 2939 2943 3005 3080 3127 3160 3189 3199 3201 3202 3204
6888 : 1206
6909 : 3102
6911 : 103 1472 2962
6915 : 405 1013 1381 1609 1722 2108 2144 2233 2272 2283 2857 3016 3203
6936 : 1409 1524 1638
6947 : 2721
