1 : 23 30 39 40 44 46 48 54 58 60 66 68 70 71 76 78 79 82 87 90 92 93 94 96 103 104 106 111 116 122 123 124 134 142 144 146 147 153 166 173 174 175 184 185 192 195 202 203 205 218 222 224 231 236 241 242 243 248 251 252 253 254 268 272 274 277 278 280 281 282 283 284 304 319 320 321 322 327 329 332 335 348 350 351 355 361 366 367 380 383 396 397 406 407 409 417 435 438 439 440 441 443 453 462 464 476 477 478 479 483 488 491 492 495 497 527 531 533 535 536 537 545 546 553 558 567 568 581 585 593 594 595 598 605 615 616 617 619 623 624 626 628 629 630 637 644 646 653 655 658 670 671 675 676 677 678 679 681 689 691 692 694 696 698 699 717 718 719 724 726 727 728 730 731 751 752 755 757 759 761 764 767 768 794 796 799 821 824 825 827 833 842 847 848 849 850 851 854 855 856 858 861 865 867 878 887 889 891 892 893 894 895 897 925 937 940 941 942 944 949 950 953 962 963 964 971 972 973 974 979 980 981 982 990 996 1001 1002 1003 1006 1007 1008 1009 1010 1011 1012 1013 1015 1025 1026 1028 1029 1030 1031 1032 1033 1034 1035 1037 1043 1044 1045 1046 1047 1048 1049 1051 1052 1053 1062 1066 1067 1071 1072 1073 1083 1084 1087 1088 1089 1098 1099 1108 1109 1110 1111 1112 1113 1114 1116 1117 1121 1134 1135 1136 1139 1143 1144 1145 1146 1147 1148 1154 1155 1160 1161 1162 1164 1165 1166 1167 1168 1169 1170 1171 1172 1173 1179 1180 1181 1182 1183 1185 1186 1188 1192 1196 1197 1198 1199 1200 1214 1216 1223 1224 1225 1226 1230 1231 1234 1235 1237 1238 1247 1248 1252 1253 1255 1257 1258 1259 1260 1261 1262 1264 1265 1267 1268 1270 1271 1272 1274 1278 1279 1280 1281 1282 1284 1285 1286 1288 1290 1292 1293 1294 1295 1304 1305 1306 1307 1308 1309 1315 1323 1324 1325 1326 1327 1329 1330 1331 1332 1333 1334 1338 1340 1341 1344 1346 1348 1350 1351 1352 1354 1358 1359 1362 1363 1364 1365 1366 1368 1369 1379 1380 1381 1383 1384 1385 1386 1388 1389 1390 1391 1392 1394 1395 1397 1398 1399 1400 1401 1403 1404 1407 1408 1409 1410 1411 1412 1413 1415 1416 1417 1420 1421 1423 1424 1425 1426 1427 1430 1431 1432 1433 1434 1439 1440 1441 1443 1445 1453 1454 1455 1456 1457 1458 1460 1462 1465 1467 1468 1469 1470 1471 1472 1473 1474 1475 1476 1482 1484 1485 1486 1487 1489 1491 1495 1496 1497 1501 1502 1503 1504 1505 1506 1507 1510 1511 1514 1515 1516 1517 1519 1520 1523 1524 1525 1526 1527 1528 1529 1530 1533 1534 1535 1536 1540 1542 1543 1544 1545 1549 1550 1551 1552 1553 1554 1563 1564 1565 1566 1567 1568 1569 1570 1571 1572 1576 1577 1586 1587 1589 1590 1591 1592 1593 1594 1595 1601 1602 1603 1604 1605 1608 1609 1610 1612 1613 1614 1615 1616 1618 1621 1622 1623 1625 1626 1627 1628 1629 1630 1631 1632 1634 1635 1638 1641 1642 1643 1644 1646 1647 1649 1650 1651 1654 1657 1658 1659 1662 1664 1665 1667 1671 1674 1675 1676 1677 1678 1680 1681 1682 1683 1684 1685 1689 1691 1692 1693 1694 1695 1696 1697 1698 1699 1700 1703 1705 1706 1707 1708 1709 1710 1711 1712 1719 1720 1721 1724 1725 1726 1727 1728 1738 1739 1740 1741 1742 1743 1744 1745 1747 1748 1749 1750 1751 1752 1754 1764 1765 1766 1767 1768 1770 1774 1775 1782 1783 1784 1785 1786 1787 1788 1792 1805 1806 1807 1809 1810 1811 1821 1824 1825 1826 1827 1828 1829 1830 1834 1835 1836 1839 1843 1844 1845 1846 1847 1848 1852 1853 1854 1855 1856 1859 1860 1862 1868 1869 1870 1871 1873 1874 1875 1876 1877 1878 1879 1882 1884 1885 1886 1887 1888 1889 1890 1891 1892 1893 1901 1902 1906 1908 1910 1911 1912 1915 1916 1924 1925 1926 1927 1928 1929 1930 1931 1932 1933 1934 1935 1936 1937 1938 1939 1940 1942 1945 1946 1948 1954 1956 1957 1958 1959 1961 1962 1968 1974 1976 1977 1978 1988 1989 1991 1997 2000 2002 2003 2004 2015 2016 2017 2018 2019 2020 2024 2030 2031 2032 2033 2034 2035 2036 2037 2039 2042 2043 2044 2046 2047 2049 2050 2051 2052 2053 2054 2055 2058 2059 2061 2062 2064 2065 2068 2069 2075 2076 2080 2081 2082 2083 2085 2091 2092 2093 2094 2095 2096 2097 2099 2105 2106 2107 2110 2111 2112 2113 2125 2127 2128 2130 2134 2135 2137 2138 2139 2140 2141 2142 2143 2144 2145 2146 2147 2148 2150 2151 2152 2153 2155 2160 2161 2162 2163 2164 2165 2166 2167 2168 2169 2175 2176 2177 2178 2181 2184 2185 2186 2187 2188 2189 2193 2194 2195 2196 2197 2198 2200 2201 2202 2203 2204 2207 2208 2209 2210 2211 2215 2216 2217 2218 2219 2220 2226 2227 2228 2229 2230 2231 2232 2233 2245 2246 2247 2249 2251 2252 2253 2254 2261 2262 2263 2264 2265 2266 2268 2273 2274 2275 2276 2277 2279 2283 2285 2286 2287 2288 2289 2290 2291 2297 2299 2300 2301 2302 2304 2305 2307 2308 2310 2311 2314 2315 2316 2317 2318 2319 2320 2321 2322 2323 2326 2328 2335 2337 2339 2340 2341 2342 2343 2344 2345 2353 2354 2355 2356 2357 2358 2359 2366 2367 2368 2369 2370 2371 2372 2374 2375 2376 2377 2378 2379 2380 2383 2385 2387 2388 2389 2390 2392 2396 2398 2401 2402 2406 2407 2408 2410 2415 2419 2420 2421 2423 2424 2428 2430 2432 2433 2436 2437 2438 2439 2440 2449 2450 2451 2452 2453 2455 2456 2458 2469 2470 2471 2477 2479 2480 2481 2482 2483 2484 2485 2487 2488 2490 2492 2493 2494 2496 2497 2498 2499 2500 2501 2514 2515 2516 2517 2518 2519 2522 2523 2524 2525 2526 2527 2530 2534 2535 2536 2537 2538 2542 2543 2545 2546 2547 2552 2554 2555 2556 2557 2559 2560 2561 2567 2568 2569 2570 2571 2572 2574 2580 2581 2582 2584 2585 2587 2592 2593 2594 2595 2596 2597 2598 2600 2603 2604 2605 2606 2609 2610 2619 2620 2621 2622 2623 2624 2625 2626 2627 2628 2629 2630 2631 2632 2634 2643 2644 2645 2646 2648 2649 2650 2651 2652 2657 2663 2664 2666 2667 2668 2669 2670 2671 2674 2676 2680 2681 2682 2683 2684 2685 2686 2687 2688 2692 2695 2696 2697 2698 2699 2700 2701 2702 2703 2704 2705 2707 2708 2709 2710 2711 2712 2714 2715 2716 2717 2718 2719 2720 2721 2722 2723 2726 2727 2728 2729 2730 2732 2734 2737 2738 2739 2740 2741 2742 2744 2745 2746 2749 2750 2751 2752 2753 2754 2758 2764 2765 2766 2767 2768 2769 2770 2771 2772 2775 2776 2777 2780 2786 2787 2790 2794 2795 2798 2799 2801 2802 2804 2806 2810 2811 2812 2815 2816 2817 2819 2820 2821 2823 2826 2827 2828 2829 2831 2832 2833 2834 2835 2836 2837 2838 2839 2840 2841 2842 2843 2846 2847 2848 2849 2850 2851 2852 2856 2857 2858 2859 2860 2862 2864 2865 2867 2868 2869 2870 2871 2873 2876 2877 2878 2881 2882 2883 2884 2885 2886 2887 2888 2889 2890 2891 2892 2893 2894 2895 2896 2897 2898 2899 2900 2901 2903 2905 2906 2907 2912 2913 2914 2916 2918 2919 2920 2921 2922 2923 2924 2925 2926 2928 2929 2931 2934 2936 2937 2938 2939 2940 2943 2944 2945 2946 2947 2948 2949 2950 2951 2954 2955 2956 2957 2958 2959 2961 2962 2963 2966 2967 2968 2969 2970 2971 2972 2973 2977 2978 2979 2980 2981 2984 2985 2986 2987 2988 2989 2990 2991 2993 2994 2996 2997 2998 2999 3000 3001 3002 3005 3006 3010 3012 3013 3014 3015 3016 3017 3018 3020 3021 3022 3025 3026 3027 3030 3031 3032 3033 3034 3035 3036 3039 3040 3041 3042 3044 3045 3046 3047 3048 3049 3050 3052 3054 3055 3056 3057 3059 3060 3064 3066 3067 3068 3069 3070 3071 3072 3073 3074 3075 3076 3077 3078 3080 3081 3082 3083 3084 3085 3087 3089 3090 3091 3092 3093 3094 3095 3096 3097 3098 3099 3100 3102 3103 3104 3105 3106 3109 3110 3111 3112 3114 3115 3116 3117 3118 3120 3121 3124 3125 3127 3128 3129 3131 3132 3133 3134 3135 3136 3137 3138 3139 3141 3142 3143 3144 3145 3146 3147 3148 3150 3151 3152 3153 3154 3156 3157 3158 3160 3163 3164 3165 3166 3170 3172 3173 3174 3175 3176 3177 3179 3180 3181 3183 3184 3185 3188 3190 3191 3192 3193 3194 3195 3196 3199 3201 3202 3203 3204
5 : 1878
6 : 2534
8 : 1062
13 : 3203
18 : 605 644 1010 1033 1155 1455 1502 1541 1565 1571 1698 1856 1938 1960 2138 2629 2644 2820 2850 2876 3066 3080 3145 3150
19 : 675 1170 1489 1805 1878 2106 2195 2297 2319 2378 2692 2719 2795 2862 3087 3139
20 : 63 848 1170 1324 1332 1341 1394 1412 1413 1431 1469 1470 1486 1628 1641 1768 1770 1856 1861 1960 1997 1998 2020 2035 2167 2192 2233 2289 2319 2323 2369 2457 2480 2593 2622 2645 2682 2787 2833 2850 2883 2909 2920 2929 2938 2949 2954 2985 2998 3036 3060 3069 3076 3077 3079 3085 3142 3143 3177 3179 3181
21 : 298 536 892 1472 1609 1847 1879 1930 2036 2219 2264 2555 2699 2726 2784 2897 2905 3033 3134 3200
26 : 1784
27 : 1487 1751 1805 1862 2665 2695 3140
28 : 1529 1553 1874 2245 2625 2807 3057
29 : 1216 3171
30 : 2341
32 : 1469 1678 1747 2684 2705 2851 2931 2940 2950 2958 3000 3031 3103 3105 3128 3133
33 : 1087
34 : 1846 2184 2265 2738 2939 2940 2957 3031 3100 3103
35 : 1749 2470 2709 2931 2939 2957 3100
36 : 2470
37 : 1349 1591 1771 1862 2451 3022 3146
38 : 2181
39 : 1873
40 : 2047
41 : 20
42 : 3025 3182
43 : 2808
44 : 2486
45 : 675 1350 1400 1455 1524 2060 2730
46 : 479 2264 2300 3094
47 : 1398 2572
48 : 123 595 1643 2310
49 : 205 724 1524 1747 2572
50 : 678 1625 1665 1739 1939 1974 2060 2061 2593 3164
51 : 332 827 854 856 972 1032 1194 1412 1552 1641 1724 1750 1792 1976 2018 2082 2106 2138 2150 2202 2358 2372 2377 2438 2452 2490 2493 2496 2516 2536 2558 2622 2626 2631 2643 2765 2816 2817 2828 2849 2869 2926 3002 3024 3053 3081 3105 3147 3156 3176
52 : 2018 2496 2625 3002 3064 3081 3174
53 : 1326 1408 1725 1976 2018 2203 2560 2593 2891 3081 3084 3134
54 : 1194
55 : 1703 2804 2928 3112
56 : 1408 2060 2688 2715 2816
58 : 3182
59 : 2054 2421 2534
61 : 1703
62 : 1884 2913
63 : 1879
64 : 585 981 1165 1439 1516 1624 1632 1665 2036
65 : 531 855 865 1404 1548 1697 2033 2188 2339 2358 2594 3096 3101
66 : 3074
67 : 1309 1353 2246 2559 3032 3152
69 : 1180 1359 1638 2342 2437
70 : 854 1180 1399 1604 1805 2195 2389 2437 2523 2582 2605 2786 2870 2911 2922 3032 3033 3095
72 : 464 759 1354 1412 1792 1855 1911 1960 2125 2263 2420 2808 2969 3005 3024 3105 3113 3138
73 : 1315
74 : 1071 1238 1282 1412 2499 2682
75 : 1475 3142
76 : 144
77 : 1978
78 : 2421
79 : 981 1411 1474 1644 3057
81 : 1052 1333
82 : 1273 1571 1998 2144 2366
83 : 1170
84 : 1420
85 : 1052 1333 1934 2144
86 : 70 111 755 824 1170 1195 1235 1402 1608 1615 1643 1726 1782 1931 2048 2286 2355 2525 2569 2592 2721 2800 2970 2990 3070 3131 3182
87 : 396 727 1028 1048 1052 2245 2470 2754 2829 2833 3070 3104 3166 3167
88 : 1170 1525 1608 1615 1634 1827 2144 2753 2988
90 : 2652 3020
91 : 1146 1167 1188 1352 1470 1647 1978 2062 2286 2380 2483 2524 2664 2665 2692 2753 2810 2944 2951 3001 3023 3024 3036 3038 3040 3047 3141
92 : 1013 1415 1470 1472 1553 1654 1679 1891 2004 2019 2146 2289 2298 2377 2596 2621 2657 2766 2826 2846 2966 3156
93 : 585 2154
94 : 441 2004 2358
95 : 252 417 1703 1743 1907 1928 2858 3041 3151
99 : 3160
103 : 1349 2840 3146
104 : 2536
105 : 1676
106 : 1507
108 : 1155
109 : 116 1810 2377
110 : 1657
111 : 2198
112 : 617 1470 2002 2264 2340 2378 2517 2823 3113 3198
113 : 1160 1456 1470 1665 1827 1988 1989 2277 2453 2483 2492 2753 2944 3034 3181
115 : 2438 3070 3101
116 : 1456 1713 1740 1826 1844 1928 2378 2500 2571 3081
117 : 68 276 441 1295 1349 1382 1628 1723 1749 1854 1862 2052 2187 2233 2308 2315 2485 2515 2915 3003 3197
118 : 78 1144 1295 1427 1517 1628 1685 1769 1828 2170 2204 2265 2732 2951 3039 3072
120 : 3183
121 : 146
122 : 605 730 894 1134 1224 1236 1413 1433 1439 1533 1623 1641 1698 1699 1845 1890 1997 2275 2299 2527 2680 2684 2721 2864 2988 3067 3094
123 : 2931
124 : 1071 1462 1602 1699 1805 1811 1856 2219 2324 2542 2652 2703 2808 2871 2916 2971
125 : 3164
126 : 3164
127 : 1389 2077 2247 2547 2710 2715 2750
131 : 1862 2341
132 : 1413 1958 3152
133 : 441 849 894 1044 2134 2402 2787 2880 3147
134 : 1236 1856 2886 3152
135 : 462 1325 1352 2048 2093 2767 2890
136 : 2471
137 : 761 1007 1046 1679 2744 3032 3138
138 : 497 585 630 1006 1381 1483 1568 1697 1856 1911 1957 2144 2277 2307 2598 2771 2829 2865 2868 3129 3189
140 : 2479
141 : 40
142 : 116 1614 1856 2002 2035 2852 2991 3138
143 : 40 242 696 824 1033 1099 1147 1237 1254 1365 1381 1420 1484 1721 1856 1958 1988 2137 2144 2321 2341 2366 2396 2479 2627 2686 2771 2832 2939 2994 3104 3138 3160
144 : 332 462 464 497 585 1084 1235 1263 1290 1350 1402 1423 1594 1641 1709 1846 1856 1916 2052 2144 2146 2226 2229 2343 2356 2424 2500 2513 2580 2596 2598 2619 2645 2692 2742 2747 2812 2857 2884 2915 2928 2947 3024 3039 3138 3152 3167
146 : 241 1571 1603 2144 2594
147 : 2620
148 : 93 224 278 492 615 1035 1166 1295 1463 1626 1753 2108 2109 2253 2580 2625 2833 2849 2858 2918 2991 3005 3035
149 : 1750 2035
150 : 616 1868 2194 2251 2893 2941 3027 3032
151 : 40 1271 1517 1753 2194 2625 2858 3064 3173
152 : 40 492 796 1869 1879 2060 2194 2358 2377 2501 2541 2625 2858 2860 3053 3083
153 : 2396
155 : 298 670 1553 2195 3100
156 : 1066 1170 1263 1524 1745 1751 2739 3150
157 : 1489 1491 2592 3135
158 : 2938
159 : 3008
160 : 1504 2177 2289 2980
161 : 1925 2189 2857
162 : 1154
164 : 1385
165 : 1519 1644 2499 3145
166 : 2020
167 : 1443
168 : 495 1514
169 : 1572 1975
172 : 2852 3145 3171
173 : 272 2163 2479 3090
174 : 3050
175 : 2181 2584
176 : 321
177 : 224
178 : 1426
179 : 2627 3018 3157
180 : 1846 2876
181 : 679
182 : 1747 2893
183 : 1135 1703 2003 2313
184 : 1770
185 : 1517
190 : 1459 1535 3193
191 : 796 1066 1381 1471 1945 2216 2314 2398 2406 2538 2776 2923 2985 3148
192 : 724 1324
193 : 2305
194 : 1571 1722 3182
195 : 495 824 950 1110 1282 1308 1423 1441 1488 1608 1613 1647 1879 1915 1978 1989 2196 2233 2289 2628 2670 2722 2771 2787 2897 2922 3042 3056 3096 3131
196 : 492 2497 2919 3152
197 : 40 335 630 637 719 1225 1288 1327 1390 1543 1549 1591 1630 1650 1665 1674 1677 1879 1978 2018 2020 2178 2247 2248 2273 2378 2398 2402 2435 2536 2541 2593 2686 2695 2767 2918 2967 3107
198 : 1113 1167 1978
199 : 2542 3096
200 : 2471
201 : 2979
202 : 71 1053
207 : 1383
208 : 1267 1691 2344 2452 2542 2680 2944
209 : 670 3096
210 : 1135 1747
211 : 2060 2302 2535 3081 3085 3154
212 : 1811 2823
213 : 2301
214 : 1265
215 : 2451
216 : 254 282 1025 1170 1305 1605 1671 1712 1727 1879 1900 1905 2137 2154 2343 2354 2388 2494 2817 2921 2938 3035 3042 3093
217 : 1587
218 : 1003 1475 1751 1770 2076 2202 2215 2375 2383 2632 2692 2726 2859 2911 3111 3182
219 : 3145
220 : 3142
221 : 531 3090
224 : 619
225 : 2233
226 : 1810
227 : 2341 2957
228 : 3067
229 : 2957
230 : 2741 2957
231 : 3147
232 : 2811
234 : 2233
235 : 1533
236 : 254
237 : 2216 2815
238 : 533
243 : 1098 1252 1255 1391 1445 1457 1467 1533 1589 1651 1908 1974 2016 2233 2300 2343 2665 2750 2812 2841 2848 2865 2925 2961 3102
244 : 1033 1307 2196
245 : 3179
246 : 1043 1098 1099 1161 1445 1646 1926 2035 2106 2749 2900
248 : 949 1346 1435 1674 2723 2878 2951 3020 3049
249 : 1409 2584 2906
250 : 1705
251 : 1469 2922 3027
252 : 104
253 : 1925 3087
255 : 1719
261 : 2167
262 : 3140
264 : 2597
266 : 2847
270 : 417 1711
273 : 1309 2160 2165 2716 2802 3077
274 : 93 964 1029 1214 1223 1253 1258 1334 1365 1394 1397 1453 1471 1543 1589 1824 1975 2054 2164 2165 2166 2167 2323 2547 2645 2802 2809 2931 2958 3031 3071 3077 3078 3189 3199 3202 3203
275 : 284
278 : 124 185 284 558 677 867 950 951 1015 1066 1072 1088 1097 1145 1147 1169 1171 1172 1197 1235 1265 1294 1304 1333 1346 1350 1386 1393 1395 1411 1423 1429 1431 1453 1455 1495 1501 1504 1524 1525 1540 1549 1564 1586 1594 1595 1611 1612 1613 1622 1624 1626 1679 1684 1694 1696 1709 1713 1717 1723 1727 1744 1768 1805 1826 1836 1847 1852 1853 1858 1870 1884 1885 1886 1910 1915 1930 1933 1934 1946 1956 1959 1961 1972 1973 1975 1988 2004 2030 2031 2042 2052 2053 2060 2061 2076 2094 2110 2125 2128 2134 2137 2138 2144 2146 2155 2164 2166 2174 2177 2185 2186 2194 2195 2200 2208 2209 2219 2220 2227 2245 2253 2263 2266 2274 2283 2285 2300 2301 2337 2340 2344 2366 2373 2375 2388 2395 2401 2413 2420 2421 2433 2435 2451 2453 2484 2490 2498 2513 2515 2537 2546 2554 2568 2598 2606 2628 2630 2646 2652 2657 2665 2668 2669 2670 2674 2679 2686 2695 2698 2701 2702 2703 2712 2714 2722 2745 2746 2750 2751 2754 2766 2767 2769 2779 2780 2784 2785 2794 2801 2807 2827 2828 2829 2832 2835 2836 2837 2840 2855 2858 2862 2880 2884 2886 2890 2903 2904 2916 2925 2927 2929 2936 2941 2950 2954 2963 2966 2969 2973 2986 2987 2997 3006 3018 3020 3032 3033 3034 3036 3037 3040 3054 3055 3057 3065 3069 3071 3074 3075 3082 3085 3094 3095 3100 3106 3113 3114 3118 3125 3132 3135 3138 3139 3141 3151 3154 3156 3162 3163 3164 3165 3172 3176
279 : 224 1145 1491 1542 1824 2081 2929 3184 3192
280 : 2323
281 : 321 409 719 950 1145 1171 1237 1265 1294 1392 1397 1411 1423 1468 1529 1551 1572 1592 1609 1619 1658 1728 1752 1787 1877 1886 1924 1948 1957 2035 2053 2092 2094 2110 2111 2114 2142 2146 2167 2189 2200 2216 2226 2231 2232 2263 2267 2272 2273 2276 2283 2289 2314 2324 2337 2366 2389 2402 2421 2433 2454 2483 2484 2490 2498 2499 2522 2541 2570 2579 2598 2627 2630 2646 2665 2674 2692 2715 2722 2751 2766 2767 2771 2819 2833 2834 2855 2863 2884 2902 2903 2904 2912 2913 2924 2936 2948 2950 2955 2963 2973 2986 2997 3018 3032 3038 3055 3116 3118 3131 3132 3143 3152 3153 3163 3164 3165 3166 3187
282 : 2913
283 : 2383
284 : 2051
285 : 2501 3047
287 : 144 202 278 282 298 457 495 527 616 630 637 655 696 717 796 858 950 964 971 972 1012 1072 1098 1134 1135 1154 1170 1194 1197 1264 1350 1368 1387 1388 1412 1423 1434 1453 1462 1465 1470 1485 1488 1506 1516 1565 1594 1602 1609 1626 1628 1631 1633 1650 1651 1680 1694 1709 1721 1725 1747 1749 1752 1769 1783 1811 1824 1847 1853 1855 1856 1878 1879 1886 1915 1929 1936 1946 1961 1976 2002 2003 2018 2050 2051 2061 2064 2092 2106 2138 2141 2174 2179 2189 2193 2194 2201 2215 2229 2265 2266 2299 2317 2326 2344 2354 2358 2368 2390 2500 2501 2525 2527 2542 2606 2622 2679 2703 2742 2746 2750 2770 2786 2822 2833 2841 2851 2856 2870 2877 2889 2916 2919 2924 2927 2929 2971 2989 3005 3032 3037 3039 3040 3046 3057 3069 3074 3081 3114 3115 3124 3130 3132 3134 3160 3166 3172 3175 3177 3188 3189 3199 3202
289 : 2233
290 : 2233
292 : 1034 1671
293 : 1713
294 : 2020 2359 2522
295 : 1062 1680 1728 1877 2020 2297 2911
296 : 2527 2833
297 : 1735 1879 2734 2911 3112 3129
298 : 272 276 278 849 1098 1247 1282 1503 1506 1517 1525 1535 1552 1587 1626 1735 1751 1754 1877 1879 1901 2020 2128 2162 2176 2181 2433 2435 2438 2454 2482 2499 2500 2522 2559 2579 2596 2720 2734 2750 2768 2845 2900 2902 2911 2954 2969 3006 3117 3153
299 : 2228
301 : 495 961 1002 1210 1214 1262 1390 1416 1530 1534 1552 1626 1703 1783 1856 1989 2078 2106 2130 2138 2153 2193 2201 2273 2314 2377 2389 2699 2723 2732 2754 2785 2843 2857 2897 2898 2928 2940 3067 3097 3192
302 : 1295 1665 2033 2889
303 : 1154 2160 2168 2344 2596 2707 2876 2897
304 : 1399 1862 2033 2083 2201 2247 2358 2396 2851 2883 2922 2956 3110 3193
305 : 321 698 719 892 1006 1033 1035 1135 1165 1223 1226 1281 1340 1358 1390 1409 1524 1530 1540 1552 1626 1649 1657 1665 1709 1735 1786 1844 1939 2064 2080 2155 2160 2168 2251 2274 2326 2375 2424 2438 2483 2492 2596 2618 2651 2727 2753 2771 2811 2816 2820 2826 2829 2841 2851 2873 2905 2916 2920 2923 2970 2987 3001 3018 3031 3036 3039 3050 3081 3128 3176
306 : 595 848 942 1181 1565 1629 1651 1786 1910 2015 2527 2620 2684 2805 2905 2919
307 : 3153
308 : 396 3180
309 : 104 243 596 616 675 699 854 1051 1145 1590 1885 2142 2277 2483 2500 2522 2698 2849 2948 2969 3054 3087 3116 3164
312 : 1144
313 : 1084 3175
314 : 144 944 1115 2002
315 : 3196
316 : 1084
318 : 944 1331 1432 1544 2674 2687 2727
320 : 1235 1412 1847 1962 1978 1997 2082 2198 2263 2273 2390 2490 2497 3002 3032 3093
321 : 40 202 321 396 397 417 435 462 464 527 655 670 671 675 691 728 731 759 761 796 822 849 854 949 1001 1029 1033 1047 1099 1135 1143 1171 1215 1236 1252 1264 1267 1306 1323 1327 1333 1350 1358 1365 1380 1388 1390 1394 1411 1423 1439 1453 1468 1474 1485 1516 1525 1526 1552 1564 1570 1572 1591 1593 1611 1622 1647 1683 1695 1705 1711 1728 1739 1743 1752 1769 1811 1824 1829 1856 1871 1874 1879 1886 1889 1906 1916 1924 1936 1945 1961 1973 1977 1978 2004 2020 2030 2091 2128 2152 2162 2164 2176 2179 2196 2198 2217 2218 2230 2231 2233 2288 2320 2326 2340 2344 2354 2369 2377 2390 2396 2400 2406 2454 2456 2470 2483 2501 2514 2523 2534 2541 2598 2627 2645 2648 2657 2697 2701 2703 2712 2723 2726 2728 2737 2751 2771 2777 2784 2828 2835 2838 2847 2850 2851 2857 2859 2870 2873 2889 2905 2928 2929 2939 2940 2949 2955 2958 2967 2968 2969 2970 2972 2973 2978 2979 2985 2989 3009 3011 3013 3025 3030 3032 3034 3037 3060 3066 3067 3068 3075 3076 3077 3084 3085 3086 3091 3094 3097 3103 3114 3121 3128 3148 3152 3156 3163 3179 3181 3204
323 : 2541 3183
324 : 849 1570
325 : 1902 2245
326 : 675 849 1383 2561
327 : 1259 1425 1752 2049 2232 2890
329 : 677
330 : 104 1087 1470 1485 1691 1706 1805 1844 1868 1912 2078 2152 2247 2400 2491 2644 2710 2732 2740 2753 2812 2882 2921 2922 2977 2981 3008 3040 3048 3077 3180
332 : 1358 1824 2141 2806 2919 2978 3044 3181
334 : 585 675 1134 1223 1394 1408 1456 1623 1691 1697 1976 2035 2095 2145 2319 2343 2357 2383 2580 2718 2769 3053 3065 3071
337 : 894 1379 1445 1634 1721 1806 1853 2060 2233 2657 2688 2857 2911 3018 3057 3097 3116 3142
339 : 761 1379 1531 2053
340 : 1379 1544 1684 2053 2581
341 : 761 1379 2231 2733
343 : 2317 3148
344 : 2748
345 : 1878
352 : 95 619 724 972 1087 1098 1172 1272 1417 1469 1471 1665 1745 1874 2020 2033 2080 2197 2320 2358 2373 2375 2626 2849 2870 2893 2912 2943 2945 2998 3011 3022 3066 3102 3116 3172 3181 3194
354 : 1051 1071 1088 1154 1272 1315 1326 1327 1441 1525 1658 1728 1828 1886 2019 2030 2033 2162 2169 2196 2219 2246 2289 2302 2424 2455 2499 2646 2669 2680 2703 2742 2828 2829 2876 2883 2907 2996 3066 3072 3081 3091 3097 3111 3203
355 : 1315 1653 2196 2211 2500
357 : 3020
361 : 9 20 23 29 40 52 71 78 79 80 88 95 104 106 130 202 224 253 254 274 275 278 282 320 321 333 350 368 393 397 435 464 492 497 531 533 536 545 585 596 598 615 616 619 630 636 637 644 655 671 677 690 691 699 727 730 753 755 788 794 796 827 848 867 891 894 912 950 954 972 1005 1007 1012 1015 1025 1030 1031 1032 1033 1035 1048 1049 1062 1066 1087 1108 1113 1114 1116 1122 1134 1135 1144 1145 1146 1147 1155 1159 1160 1162 1165 1166 1169 1173 1179 1180 1185 1186 1187 1188 1195 1215 1216 1223 1225 1226 1233 1235 1236 1247 1252 1253 1255 1257 1258 1259 1260 1261 1264 1265 1267 1270 1271 1272 1274 1292 1295 1305 1314 1323 1326 1332 1334 1344 1348 1350 1351 1359 1363 1365 1366 1379 1380 1381 1384 1385 1386 1388 1390 1392 1393 1394 1395 1403 1404 1409 1410 1411 1415 1421 1423 1428 1431 1432 1433 1455 1460 1464 1468 1470 1471 1472 1487 1489 1491 1496 1497 1498 1504 1514 1516 1517 1518 1524 1526 1534 1541 1542 1544 1549 1550 1551 1567 1568 1570 1571 1572 1587 1589 1590 1591 1595 1601 1608 1609 1614 1616 1623 1625 1626 1628 1632 1641 1644 1646 1647 1651 1652 1654 1664 1665 1676 1679 1681 1682 1696 1699 1700 1706 1709 1710 1717 1722 1725 1726 1727 1728 1734 1738 1739 1741 1744 1746 1747 1751 1754 1766 1784 1787 1790 1805 1809 1810 1811 1824 1825 1827 1828 1834 1847 1852 1855 1856 1858 1862 1868 1869 1879 1880 1885 1890 1891 1900 1905 1908 1915 1925 1928 1930 1934 1937 1945 1948 1951 1958 1961 1962 1974 1976 1978 1988 1989 1997 1999 2002 2003 2004 2017 2018 2022 2030 2033 2035 2042 2047 2049 2050 2051 2052 2054 2059 2060 2061 2065 2080 2081 2082 2083 2094 2096 2105 2108 2110 2113 2125 2126 2129 2134 2136 2144 2145 2149 2152 2153 2154 2155 2162 2166 2167 2174 2175 2176 2177 2178 2184 2187 2188 2194 2196 2200 2201 2207 2208 2211 2215 2218 2220 2231 2232 2233 2245 2252 2254 2263 2264 2265 2268 2274 2276 2283 2288 2289 2297 2301 2305 2307 2308 2314 2319 2327 2340 2341 2342 2344 2356 2359 2365 2366 2371 2372 2377 2379 2388 2389 2390 2396 2398 2400 2402 2407 2409 2413 2420 2423 2424 2433 2437 2438 2444 2451 2452 2455 2479 2480 2483 2484 2491 2497 2499 2515 2518 2535 2536 2538 2541 2543 2544 2546 2554 2555 2560 2568 2572 2573 2581 2582 2592 2594 2595 2596 2597 2598 2604 2605 2606 2610 2622 2624 2625 2628 2631 2632 2642 2648 2652 2656 2665 2666 2667 2669 2683 2684 2686 2687 2692 2695 2696 2699 2702 2703 2704 2711 2712 2714 2715 2721 2722 2737 2738 2739 2740 2742 2744 2749 2750 2754 2759 2767 2786 2787 2788 2794 2795 2798 2802 2804 2808 2809 2812 2819 2826 2828 2832 2838 2840 2848 2849 2851 2856 2857 2858 2862 2865 2868 2875 2877 2883 2886 2888 2889 2890 2891 2893 2900 2901 2904 2905 2907 2911 2912 2913 2919 2921 2922 2924 2925 2926 2927 2928 2929 2931 2937 2939 2941 2950 2956 2957 2958 2961 2965 2968 2969 2973 2977 2980 2981 2986 2988 2990 2991 2993 2994 3001 3002 3005 3006 3008 3012 3013 3015 3021 3024 3027 3031 3033 3034 3036 3039 3040 3041 3042 3053 3054 3055 3058 3065 3066 3067 3068 3070 3071 3074 3075 3077 3081 3084 3085 3086 3088 3090 3091 3093 3094 3095 3096 3100 3101 3103 3104 3106 3109 3110 3111 3115 3116 3120 3124 3130 3131 3132 3133 3134 3137 3138 3139 3141 3146 3147 3148 3149 3151 3152 3153 3154 3156 3157 3158 3160 3163 3164 3165 3167 3168 3169 3172 3173 3176 3183 3190 3193 3200 3204
362 : 95 2370
363 : 2705
364 : 759 824 1186 1200 2794 3138
365 : 1323 2215
366 : 2215 2401 2598 2705
367 : 1650 1855 1989 2030 2233 2688 2988 3076 3094
368 : 284 329 396 441 464 533 675 950 974 1002 1003 1012 1014 1034 1045 1062 1083 1135 1160 1170 1225 1234 1235 1236 1260 1271 1308 1325 1344 1365 1366 1381 1398 1404 1408 1423 1435 1482 1497 1498 1507 1515 1517 1572 1605 1611 1613 1623 1632 1637 1650 1684 1709 1748 1782 1807 1855 1858 1911 1916 1930 1956 1974 1989 1997 2017 2030 2050 2062 2127 2176 2181 2188 2216 2286 2289 2310 2325 2387 2396 2437 2447 2471 2494 2516 2522 2542 2560 2605 2645 2657 2667 2701 2739 2741 2764 2798 2811 2812 2819 2820 2835 2846 2871 2877 2890 2916 2923 2937 2944 2945 2947 2968 2970 2977 2988 2989 3001 3032 3047 3059 3069 3083 3086 3092 3176 3194
369 : 1380 1505
371 : 1672 1784 1901 2525 2526 2544 2873 2890 2988 3070 3202
372 : 497 1028 1029 1278 2216 2233 2344 2375 2720 2798 2862 2889 2924 3078
373 : 1278 2107 2862 2938 2988
374 : 1002
375 : 1160 1236 1665 1695 2177 2319 2719 2860 3092
376 : 464 1012 1062 1251 1408 1415 1417 1487 1489 1529 1692 1695 1748 1892 2188 2233 2275 2519 2620 2702 2812 2838 2846 2923 2998 3076 3078 3092 3166
377 : 1012 1350 1855 2113 2698 2795
378 : 63 1564 2198 2716 2859 3150
379 : 1143 1260 1261 1517 1679 1768 1769 1947 2217 2310 2556 2627 2657 2719 2989 3149
381 : 3144
385 : 4 7 8 10 13 19 20 23 36 40 46 48 49 57 58 59 63 64 68 70 71 77 78 82 84 86 92 95 96 97 100 103 104 106 111 116 121 124 143 144 168 185 202 205 207 210 236 238 241 243 248 249 252 254 265 272 276 278 281 282 295 298 300 303 319 320 321 329 331 334 335 365 367 371 378 396 397 399 400 405 406 409 412 417 435 440 441 442 454 462 464 479 492 493 495 497 527 529 531 533 536 537 558 585 586 591 595 596 598 602 605 616 618 619 626 630 633 637 641 643 644 651 655 657 658 660 661 670 671 675 677 678 679 684 689 691 694 695 696 699 717 718 719 721 724 726 727 728 730 731 755 758 759 761 767 768 775 776 780 786 794 796 800 813 822 824 825 828 845 848 849 850 851 854 855 858 860 861 865 867 889 891 892 893 894 896 914 940 941 942 944 949 959 961 962 963 964 972 973 974 975 977 980 981 982 988 1001 1002 1003 1006 1007 1009 1010 1012 1013 1015 1016 1025 1026 1028 1029 1032 1033 1034 1035 1038 1045 1046 1047 1048 1049 1050 1051 1053 1062 1066 1067 1071 1072 1083 1084 1087 1088 1091 1096 1097 1098 1099 1100 1101 1107 1108 1109 1111 1112 1113 1114 1115 1116 1121 1122 1131 1134 1135 1143 1144 1145 1147 1152 1153 1154 1155 1158 1159 1160 1161 1163 1164 1165 1167 1169 1170 1171 1172 1179 1180 1181 1182 1183 1184 1185 1186 1188 1194 1195 1196 1197 1198 1199 1200 1204 1206 1209 1211 1212 1213 1215 1216 1223 1224 1225 1230 1231 1233 1234 1235 1236 1237 1238 1243 1247 1248 1250 1251 1252 1253 1254 1255 1257 1258 1260 1261 1262 1263 1264 1265 1267 1270 1271 1272 1274 1275 1278 1279 1280 1281 1282 1285 1288 1292 1293 1294 1303 1304 1305 1307 1308 1309 1312 1314 1319 1323 1324 1325 1326 1327 1331 1332 1333 1334 1337 1341 1344 1347 1348 1350 1352 1353 1354 1358 1359 1362 1363 1365 1366 1367 1368 1369 1379 1381 1382 1384 1385 1386 1387 1388 1389 1390 1391 1392 1393 1394 1395 1396 1397 1398 1399 1400 1401 1402 1404 1409 1410 1411 1412 1413 1415 1417 1420 1421 1423 1425 1426 1427 1428 1429 1430 1431 1432 1433 1434 1435 1438 1439 1441 1443 1445 1447 1448 1450 1454 1455 1456 1457 1458 1459 1460 1462 1463 1464 1465 1468 1469 1470 1471 1472 1474 1476 1477 1482 1484 1485 1486 1487 1488 1489 1491 1495 1496 1502 1503 1504 1505 1506 1507 1511 1514 1515 1516 1517 1518 1519 1520 1523 1524 1525 1526 1527 1528 1529 1530 1533 1534 1536 1541 1542 1543 1546 1548 1549 1550 1551 1552 1553 1554 1563 1564 1566 1567 1568 1569 1570 1571 1572 1577 1587 1588 1589 1590 1591 1592 1593 1594 1595 1601 1602 1603 1604 1605 1608 1609 1610 1611 1613 1614 1615 1617 1619 1620 1621 1622 1623 1625 1626 1627 1628 1629 1630 1631 1632 1635 1636 1637 1638 1641 1642 1643 1645 1646 1647 1649 1650 1651 1652 1653 1654 1658 1659 1662 1664 1665 1667 1670 1671 1672 1673 1674 1675 1676 1677 1678 1679 1680 1681 1682 1684 1685 1686 1689 1691 1692 1694 1695 1696 1697 1698 1699 1700 1703 1705 1706 1709 1710 1711 1717 1718 1719 1720 1721 1723 1724 1726 1727 1728 1735 1738 1739 1740 1742 1743 1745 1747 1748 1749 1750 1751 1752 1753 1754 1764 1765 1766 1767 1768 1769 1770 1771 1774 1781 1782 1783 1784 1785 1786 1787 1788 1792 1795 1805 1806 1807 1808 1809 1810 1811 1821 1824 1825 1827 1828 1829 1834 1835 1844 1845 1847 1848 1853 1854 1855 1856 1858 1860 1862 1866 1867 1868 1869 1870 1871 1872 1874 1875 1876 1877 1878 1879 1884 1885 1886 1888 1889 1890 1891 1892 1893 1900 1901 1902 1903 1904 1905 1906 1908 1910 1911 1912 1915 1916 1924 1926 1927 1928 1929 1930 1931 1932 1933 1934 1935 1936 1937 1939 1940 1945 1946 1947 1948 1949 1951 1954 1955 1956 1957 1959 1960 1961 1962 1968 1970 1972 1973 1974 1975 1976 1977 1978 1988 1989 1999 2000 2002 2003 2004 2014 2016 2017 2018 2019 2020 2027 2028 2030 2031 2032 2033 2034 2035 2036 2039 2043 2046 2047 2050 2051 2052 2053 2054 2059 2060 2061 2064 2065 2069 2076 2077 2078 2079 2080 2081 2082 2083 2091 2092 2093 2094 2095 2096 2097 2099 2105 2106 2107 2108 2109 2110 2111 2112 2113 2114 2125 2126 2127 2128 2129 2130 2134 2135 2137 2138 2140 2141 2142 2144 2145 2146 2147 2148 2149 2150 2151 2152 2153 2154 2155 2160 2161 2163 2164 2165 2166 2167 2168 2169 2174 2175 2176 2177 2178 2179 2180 2181 2184 2185 2186 2187 2188 2189 2192 2194 2195 2196 2197 2198 2200 2201 2202 2203 2204 2208 2209 2210 2211 2215 2216 2217 2218 2219 2220 2227 2229 2230 2231 2232 2233 2236 2245 2246 2247 2248 2249 2250 2251 2252 2253 2254 2255 2261 2262 2263 2264 2265 2266 2267 2268 2270 2271 2272 2273 2274 2276 2277 2278 2283 2285 2286 2287 2288 2289 2297 2298 2299 2300 2301 2302 2304 2305 2307 2308 2309 2310 2311 2312 2313 2314 2315 2316 2317 2318 2319 2320 2321 2322 2324 2325 2326 2335 2337 2338 2340 2341 2342 2343 2344 2345 2353 2354 2355 2356 2357 2358 2359 2365 2366 2367 2368 2369 2370 2371 2372 2373 2374 2375 2376 2377 2378 2379 2380 2383 2386 2387 2388 2389 2390 2396 2398 2399 2400 2401 2402 2406 2407 2420 2421 2423 2424 2426 2433 2434 2436 2437 2438 2439 2447 2449 2450 2451 2452 2453 2454 2455 2456 2457 2469 2470 2471 2476 2479 2480 2481 2482 2483 2484 2485 2486 2490 2491 2492 2494 2497 2498 2499 2500 2501 2504 2505 2513 2514 2515 2516 2517 2518 2519 2520 2522 2523 2524 2525 2526 2527 2533 2534 2535 2536 2537 2538 2541 2542 2543 2544 2545 2546 2547 2554 2555 2556 2557 2558 2559 2560 2561 2567 2568 2569 2570 2571 2572 2579 2580 2581 2582 2584 2589 2592 2593 2594 2595 2596 2597 2598 2601 2603 2604 2605 2606 2607 2608 2609 2610 2615 2616 2619 2620 2621 2622 2623 2625 2626 2627 2628 2629 2630 2631 2632 2633 2634 2643 2644 2645 2646 2648 2649 2650 2651 2656 2657 2662 2667 2668 2669 2670 2671 2674 2675 2679 2680 2681 2682 2683 2684 2685 2688 2692 2693 2695 2696 2697 2698 2699 2700 2701 2702 2704 2705 2707 2708 2709 2710 2712 2713 2714 2715 2716 2717 2719 2720 2721 2722 2723 2726 2729 2731 2732 2733 2734 2737 2738 2739 2740 2741 2744 2745 2746 2747 2748 2749 2750 2751 2753 2754 2756 2764 2765 2766 2767 2771 2776 2777 2779 2780 2782 2784 2785 2786 2787 2794 2795 2798 2799 2800 2801 2802 2803 2804 2805 2807 2808 2809 2810 2811 2812 2813 2816 2817 2819 2820 2821 2822 2823 2825 2827 2828 2829 2832 2833 2834 2835 2837 2838 2839 2840 2841 2842 2843 2845 2846 2847 2848 2849 2850 2851 2852 2855 2856 2857 2858 2859 2860 2861 2862 2863 2864 2865 2866 2867 2868 2869 2870 2871 2873 2874 2876 2877 2878 2879 2880 2882 2883 2884 2885 2886 2887 2888 2889 2890 2891 2892 2893 2894 2895 2896 2897 2898 2900 2901 2902 2903 2905 2906 2907 2911 2912 2913 2914 2915 2916 2918 2919 2920 2921 2922 2923 2924 2925 2926 2927 2928 2929 2930 2931 2932 2935 2936 2937 2938 2939 2940 2941 2943 2944 2945 2946 2947 2948 2949 2950 2951 2952 2953 2954 2955 2956 2957 2958 2959 2961 2962 2966 2967 2968 2969 2970 2971 2972 2973 2977 2978 2979 2980 2981 2983 2984 2985 2986 2987 2988 2989 2990 2991 2993 2994 2995 2996 2997 2998 2999 3000 3001 3002 3003 3004 3005 3006 3008 3009 3010 3011 3012 3013 3014 3015 3016 3017 3018 3020 3021 3022 3023 3024 3025 3026 3027 3028 3030 3031 3032 3033 3034 3035 3036 3037 3038 3039 3041 3042 3043 3044 3045 3046 3047 3048 3049 3050 3051 3052 3053 3054 3055 3057 3058 3059 3060 3064 3065 3066 3067 3069 3070 3071 3072 3073 3074 3075 3076 3077 3078 3079 3080 3081 3082 3083 3084 3086 3087 3088 3089 3090 3091 3092 3093 3094 3095 3096 3097 3098 3099 3100 3101 3102 3103 3104 3105 3106 3107 3109 3111 3112 3113 3114 3115 3116 3117 3118 3119 3120 3121 3122 3124 3125 3127 3128 3130 3131 3132 3133 3134 3136 3137 3138 3139 3140 3141 3142 3143 3144 3145 3146 3147 3148 3150 3152 3153 3154 3157 3158 3159 3160 3163 3164 3165 3166 3167 3170 3173 3174 3175 3176 3177 3179 3180 3181 3182 3183 3185 3187 3188 3189 3190 3191 3192 3193 3194 3195 3196 3197 3198 3199 3200 3201 3202 3203 3204
393 : 251 3047
394 : 2692
395 : 1113
396 : 1143
397 : 2826
398 : 2201 2826
399 : 2826
403 : 1771
405 : 414
406 : 2913
407 : 2721
408 : 2915 3006
409 : 1884 2911 3006
410 : 2891 3006
411 : 243 1114 1162 1235 1295 1594 1696 1743 1783 1907 1997 2215 2375 2388 2424 2541 2686 2707 2723 2765 2767 2800 2901 2916 2922 2926 2946 2969 3057 3082 3118
413 : 3195
416 : 1155 1698 1811 1988 2092 2989 3163
417 : 1155
418 : 1155
419 : 1155 1456 2092 2127 2265
420 : 598 2082 2931 3009 3087 3166
421 : 2892
422 : 441 1571 2201 2718
423 : 2646
424 : 281
425 : 71 185 248 284 440 441 558 595 616 675 678 726 867 906 1008 1010 1033 1044 1062 1072 1088 1099 1147 1154 1159 1160 1162 1172 1181 1198 1206 1248 1257 1264 1309 1314 1315 1348 1350 1386 1388 1393 1423 1427 1430 1441 1455 1456 1464 1474 1488 1502 1517 1530 1535 1543 1549 1552 1554 1565 1590 1591 1601 1614 1625 1629 1642 1646 1651 1664 1697 1698 1741 1768 1786 1844 1853 1856 1870 1892 1928 1956 1957 1960 1976 2002 2015 2034 2036 2053 2060 2064 2106 2113 2137 2200 2201 2229 2264 2265 2267 2276 2286 2308 2320 2341 2342 2380 2401 2410 2436 2439 2453 2456 2482 2494 2496 2513 2555 2559 2572 2605 2618 2632 2668 2692 2698 2703 2717 2722 2744 2746 2765 2805 2815 2828 2833 2845 2856 2864 2878 2885 2886 2897 2901 2902 2912 2923 2949 2955 2956 2985 2997 3014 3015 3024 3040 3067 3086 3088 3105 3111 3118 3125 3138 3164 3177 3181 3196 3199 3202
426 : 2483 2622
427 : 1470 1962
428 : 202 2035 2581
430 : 1049 1768
431 : 1906
432 : 1686
435 : 78 3064
436 : 724 1879
437 : 3058
438 : 695 1083 1117 1143 1194 1410 1420 1620 1925 2097 2289 2341 2868 3163
439 : 1290 2501
440 : 1469
441 : 677 2670
442 : 1233 1487 1549 1976 3003
443 : 1278 1387 1651 1861 1905 1932 2030 2031 2097 2110 2207 2298 2341 2343 2344 2366 2580 2711 2847 2876 3048 3065 3093 3142 3148
445 : 1878
446 : 1654
447 : 2470 3071
448 : 1877
449 : 2301
450 : 63 1003 1159 1346 1518 1691 2020 2517 2580 2860 3054 3104
451 : 96 185 241 678 799 828 856 865 891 944 962 1072 1153 1223 1261 1292 1362 1390 1395 1417 1435 1488 1587 1738 1886 2141 2142 2192 2216 2273 2314 2342 2354 2453 2632 2669 2766 2768 2811 2894 2905 2972 2988 3088 3094 3128
452 : 48 111 276 284 329 462 794 851 892 944 1002 1007 1110 1163 1170 1199 1226 1230 1323 1362 1368 1381 1395 1429 1434 1441 1453 1457 1468 1469 1543 1549 1594 1621 1627 1652 1665 1671 1677 1768 1781 1855 1885 1900 1931 1945 1948 2003 2033 2046 2094 2128 2130 2145 2154 2265 2312 2353 2371 2451 2518 2547 2568 2628 2632 2684 2685 2728 2754 2780 2809 2811 2842 2865 2913 2923 2926 2945 2958 2959 2969 3041 3049 3068 3078 3092 3114 3115 3127 3137 3138 3147
453 : 40 695 724 822 867 1066 1135 1144 1180 1181 1365 1396 1412 1423 1462 1475 1506 1507 1533 1594 1641 1665 1675 1680 1686 1726 1747 1827 1860 1873 2033 2064 2127 2165 2166 2170 2272 2289 2308 2309 2370 2499 2650 2674 2692 2742 2812 2842 2893 2901 2931 2951 2959 2963 3021 3043 3058 3105 3114 3117 3135
454 : 20 78 95 111 298 440 497 942 1003 1008 1051 1110 1143 1169 1180 1216 1233 1307 1382 1383 1425 1433 1438 1441 1453 1535 1554 1563 1625 1631 1637 1678 1703 1707 1721 1809 1811 1834 1886 1925 1930 1947 1948 1956 2000 2019 2046 2062 2065 2137 2185 2186 2203 2210 2217 2263 2423 2437 2470 2494 2499 2523 2555 2622 2668 2682 2705 2726 2753 2810 2811 2826 2836 2866 2900 2903 2931 2953 2972 2985 3013 3014 3020 3059 3068 3120 3165
455 : 1423 2000 2174 2251 2252 2396 2537 2546 2819 3175
456 : 1390 2997 3030 3054 3105
457 : 111 1116 1147 1468 1671 2263 2988 3094 3153
458 : 2538
459 : 1912
460 : 1587
462 : 2181
463 : 2126
464 : 616 3185
465 : 329 462 595 616 824 855 856 1028 1029 1135 1145 1308 1348 1358 1384 1398 1412 1439 1487 1488 1507 1567 1609 1646 1653 1686 1721 1748 1844 1874 1901 1923 2034 2060 2152 2163 2187 2210 2215 2247 2276 2283 2305 2356 2369 2437 2518 2545 2546 2572 2582 2593 2688 2711 2716 2718 2741 2856 2871 2876 2883 2907 2919 2920 2922 2931 2967 3015 3068 3094 3105 3134 3148 3153 3157 3185
466 : 1346
467 : 104 1032 1638 1781 1811 1875 2127 2145 2164 2167 2402 2681 2688 2704 2764 2856 3124
468 : 2423
469 : 96 533 981 1108 1109 1159 1184 1271 1487 1542 1572 1632 1633 1665 1721 2144 2163 2200 2203 2211 2274 2452 2482 2682 2683 2907 2996 3002 3058 3120 3151
470 : 940 2139
471 : 1653 2840 3134
472 : 319 1999
473 : 281 951 1439 1568 2135 2195 2409 2556 2568 2606 2610 2859 2929 3052 3056 3059 3200
474 : 1888
475 : 144 533 1098 1113 1523 2050 2146 2471 2525 2535 2569 2664 2734 2885 2911 3003 3112 3142
476 : 1088 2261 2266
477 : 533 1048 1346 1875 2048 2125 2135 2610
478 : 894 1015 1212 1346 1401 1410 1430 1524 1601 1620 1644 1645 1692 1859 1875 1909 1932 1977 1997 2094 2207 2248 2275 2487 2754 3018 3165 3200
479 : 319 867 951 962 1015 1346 1440 1566 1601 1633 1645 1999 2248 2721 3013 3053
483 : 2721
484 : 2252
487 : 675 1326 2051 2168 2851 3106
488 : 278 794 894 1029 1084 1111 1162 1247 1334 1350 1565 1710 1724 1727 2060 2061 2160 2177 2254 2499 2592 2594 2595 2687 2692 2695 2702 2715 2737 2766 2850 2855 2858 2924 3075 3096 3172
496 : 2379 3023
497 : 1507 2230 2379 2624 2765 3005 3026 3028 3048
498 : 3068
499 : 1723 1989 2515 2994
502 : 1290
504 : 1290
505 : 40 46 68 70 71 92 95 96 104 111 144 185 222 224 243 251 272 278 303 319 320 321 322 329 332 335 367 380 396 409 417 440 441 483 495 497 527 531 533 536 595 596 615 616 618 619 630 661 670 671 675 677 678 679 691 694 695 696 698 717 724 726 727 730 731 758 759 761 796 799 822 825 827 849 850 855 857 865 867 892 893 949 951 961 962 963 964 971 972 981 990 998 1001 1002 1003 1009 1010 1012 1013 1028 1030 1032 1045 1048 1049 1050 1051 1052 1062 1066 1067 1071 1083 1087 1098 1099 1108 1109 1111 1114 1116 1122 1134 1135 1143 1144 1145 1147 1148 1154 1155 1158 1159 1164 1165 1166 1167 1169 1170 1172 1179 1180 1182 1184 1185 1186 1188 1194 1195 1196 1197 1199 1200 1206 1210 1213 1215 1224 1225 1226 1230 1233 1234 1235 1236 1237 1251 1252 1253 1255 1259 1262 1263 1264 1265 1270 1271 1272 1280 1288 1293 1294 1295 1304 1306 1308 1309 1314 1315 1324 1325 1326 1327 1331 1334 1341 1344 1346 1348 1349 1350 1351 1352 1353 1358 1362 1365 1366 1369 1379 1381 1382 1384 1386 1387 1388 1390 1392 1393 1394 1395 1396 1398 1400 1401 1404 1410 1411 1413 1415 1417 1423 1425 1427 1429 1431 1433 1435 1439 1440 1441 1443 1445 1454 1456 1457 1458 1459 1460 1464 1468 1470 1471 1474 1476 1482 1483 1484 1485 1486 1487 1488 1489 1491 1495 1502 1503 1504 1506 1507 1514 1515 1516 1517 1525 1526 1528 1533 1534 1540 1542 1543 1548 1549 1550 1551 1566 1567 1568 1570 1572 1586 1587 1588 1589 1590 1591 1594 1595 1601 1604 1608 1609 1610 1611 1612 1613 1614 1615 1616 1619 1620 1621 1624 1625 1626 1628 1629 1630 1631 1632 1633 1634 1636 1637 1638 1642 1645 1646 1649 1650 1653 1654 1658 1659 1664 1665 1671 1672 1673 1674 1675 1676 1677 1678 1679 1680 1681 1684 1686 1693 1695 1696 1697 1698 1699 1700 1706 1707 1708 1710 1711 1713 1717 1718 1719 1720 1721 1722 1723 1725 1726 1727 1728 1738 1739 1740 1742 1743 1745 1747 1748 1749 1750 1751 1752 1753 1764 1765 1766 1768 1769 1770 1771 1774 1775 1781 1782 1783 1785 1788 1792 1805 1806 1807 1808 1810 1811 1824 1825 1826 1827 1828 1829 1834 1835 1843 1844 1846 1847 1853 1854 1855 1856 1859 1861 1862 1868 1869 1870 1871 1873 1874 1875 1877 1878 1879 1884 1885 1886 1888 1889 1890 1891 1892 1900 1901 1905 1906 1907 1908 1910 1911 1915 1916 1924 1927 1928 1929 1930 1932 1933 1936 1937 1938 1939 1945 1946 1947 1948 1951 1956 1957 1959 1960 1961 1962 1973 1974 1977 1978 1989 1999 2000 2001 2002 2003 2004 2015 2016 2017 2020 2031 2032 2033 2034 2035 2046 2053 2054 2059 2060 2061 2062 2064 2065 2077 2078 2080 2081 2091 2092 2093 2094 2095 2097 2107 2108 2109 2111 2112 2113 2114 2125 2126 2127 2130 2134 2135 2138 2140 2141 2142 2144 2146 2148 2150 2151 2153 2154 2160 2162 2163 2164 2166 2167 2176 2177 2178 2179 2180 2184 2185 2186 2187 2188 2189 2193 2194 2196 2198 2200 2202 2203 2204 2209 2211 2215 2216 2218 2220 2227 2228 2229 2230 2231 2232 2233 2245 2247 2248 2249 2251 2252 2254 2263 2264 2265 2266 2267 2272 2273 2274 2275 2276 2277 2283 2286 2287 2288 2289 2297 2299 2300 2301 2302 2305 2306 2307 2310 2311 2314 2315 2316 2317 2319 2320 2322 2323 2324 2325 2326 2338 2339 2340 2341 2342 2343 2345 2357 2358 2359 2366 2367 2368 2369 2370 2372 2373 2374 2375 2377 2378 2380 2383 2389 2390 2396 2398 2399 2401 2406 2407 2408 2409 2421 2423 2433 2434 2436 2437 2438 2447 2450 2454 2455 2456 2457 2469 2470 2480 2481 2483 2484 2488 2490 2491 2496 2498 2499 2514 2515 2516 2518 2519 2522 2523 2524 2525 2526 2535 2536 2537 2538 2542 2543 2544 2545 2546 2554 2556 2557 2558 2559 2560 2561 2568 2570 2572 2580 2581 2582 2584 2592 2593 2595 2596 2598 2604 2605 2606 2610 2616 2619 2620 2621 2622 2623 2624 2625 2627 2628 2630 2631 2632 2633 2634 2643 2645 2646 2652 2656 2664 2665 2667 2674 2679 2680 2681 2682 2683 2685 2687 2692 2695 2697 2699 2700 2701 2702 2703 2705 2708 2709 2710 2711 2714 2715 2716 2720 2722 2723 2726 2728 2732 2733 2737 2738 2740 2742 2744 2750 2751 2753 2754 2765 2767 2770 2771 2772 2776 2777 2780 2786 2794 2798 2799 2800 2801 2802 2805 2807 2808 2809 2810 2812 2813 2815 2816 2819 2820 2823 2827 2828 2829 2832 2833 2834 2835 2836 2838 2840 2841 2842 2846 2849 2851 2855 2856 2859 2862 2863 2864 2865 2866 2868 2870 2871 2877 2878 2880 2883 2884 2885 2886 2887 2888 2889 2890 2892 2893 2895 2896 2900 2901 2903 2904 2905 2907 2911 2912 2914 2915 2916 2918 2919 2921 2922 2923 2924 2926 2929 2930 2931 2932 2937 2940 2941 2943 2944 2945 2946 2948 2950 2951 2953 2955 2956 2957 2958 2962 2966 2967 2968 2970 2972 2973 2978 2979 2980 2981 2985 2986 2987 2988 2989 2990 2991 2993 2996 2998 3000 3001 3002 3004 3006 3008 3010 3012 3013 3014 3015 3017 3018 3020 3021 3022 3025 3026 3027 3031 3033 3034 3035 3036 3038 3039 3041 3042 3044 3046 3048 3052 3053 3054 3055 3056 3058 3059 3064 3065 3067 3068 3069 3070 3072 3073 3076 3077 3078 3080 3081 3083 3084 3085 3086 3087 3088 3090 3091 3094 3096 3097 3098 3099 3100 3101 3102 3103 3105 3109 3112 3115 3116 3119 3120 3121 3124 3125 3127 3128 3129 3130 3131 3132 3134 3136 3138 3139 3142 3143 3146 3147 3148 3149 3153 3157 3162 3164 3166 3170 3172 3173 3175 3180 3182 3183 3190 3194 3198 3199 3200 3201 3202
506 : 282 435 679 698 1185 1290 1469 1543 1652 1665 1671 1678 1809 1890 1927 1978 2033 2078 2113 2180 2208 2317 2421 2547 2556 2604 2737 2813 2925 3074 3092 3165
507 : 855 1145 1160 1365 1427 1623 1636 1659 1677 1726 1771 1948 2033 2059 2208 2310 2604 2829 2919 2967 3028 3164 3198
508 : 2081
511 : 3154
512 : 1553 1834 2036 2470 2517 2622 2709 2730 2817 3140
513 : 630 2310
514 : 848 1033 1565 1645 3101
515 : 1166 1185 2302 2377 2438 2622 3128
516 : 1364 1365 1387 1810 1959 2130 2253 2277 2486 2670 2787 2850 2953 3017 3120
517 : 48 533 595 2923 3069
518 : 1003 1169 1444 1515 1526 2684
519 : 40 596 695 893 1098 1122 1134 1258 1294 1331 1351 1393 1409 1525 1536 1551 1593 1612 1613 1626 1718 1807 1874 1934 2031 2175 2194 2214 2286 2355 2525 2555 2605 2695 2697 2884 2927 3037 3094 3131 3189 3199
521 : 695 2176
522 : 251
524 : 2233
529 : 1365
530 : 655 1503 1809 1939 3041 3049 3097
533 : 2051 2180
534 : 243 1180 1255 1397 1432 2874 2987 3141
535 : 1267 1409 1677 1750 1844 2078 2748
536 : 1323 1397 2389 3076
537 : 2669
538 : 615 1234 1334 1624 2016 2064 2211 2254 2283 2289 2514 2685 2697 2884 2916 2956 2973 2999 3027 3124 3143
539 : 644 661 759 1033 1390 2064 2289 2488 2973 2999 3008 3124
540 : 974
541 : 2535 2628 2891 3070
542 : 3153
543 : 616 1327 1957 2017
544 : 1906 3055
545 : 104 2247 2878
548 : 1349 1653 2181 2198 2204
549 : 2811
552 : 236 598 1155 1272 1278 1333 1651 1665 2051 2304 2572 2628 2688 2874 3076 3181
553 : 1046
554 : 3130
555 : 462 644 1155 1171 1768 2096 2164 2196 2471 2556 2650
557 : 2002
558 : 2899
561 : 48 59 63 68 71 82 84 86 104 116 123 137 144 146 185 224 236 241 243 278 284 321 322 329 397 409 435 441 462 527 531 533 615 617 619 655 675 677 678 695 696 724 726 731 758 858 861 865 891 895 949 950 972 973 981 1003 1008 1014 1025 1029 1048 1051 1052 1071 1083 1109 1111 1113 1117 1135 1139 1143 1145 1154 1158 1161 1162 1165 1166 1182 1185 1188 1194 1195 1200 1216 1223 1230 1233 1235 1236 1237 1247 1248 1253 1259 1261 1262 1264 1265 1267 1272 1288 1290 1295 1306 1307 1308 1309 1314 1323 1324 1333 1334 1341 1346 1350 1354 1362 1366 1379 1380 1381 1384 1385 1387 1389 1390 1391 1393 1398 1402 1408 1409 1410 1413 1415 1420 1429 1445 1453 1454 1455 1456 1460 1464 1465 1467 1468 1469 1470 1482 1487 1488 1495 1497 1506 1514 1515 1519 1524 1527 1529 1530 1534 1536 1544 1550 1552 1564 1589 1590 1591 1592 1602 1603 1604 1605 1608 1610 1612 1615 1616 1628 1630 1636 1637 1638 1647 1649 1650 1651 1652 1653 1654 1657 1664 1665 1671 1676 1678 1680 1684 1693 1695 1698 1700 1705 1708 1711 1718 1719 1725 1726 1739 1741 1742 1751 1754 1768 1769 1770 1774 1785 1786 1788 1805 1824 1828 1844 1845 1846 1847 1852 1854 1856 1861 1869 1874 1884 1885 1892 1905 1908 1910 1915 1916 1923 1924 1925 1928 1932 1936 1937 1938 1939 1945 1957 1961 1962 1972 1974 1976 1977 1978 1988 1997 1998 2000 2002 2020 2031 2033 2035 2036 2046 2051 2052 2053 2054 2059 2060 2065 2066 2080 2081 2082 2096 2097 2106 2107 2112 2114 2125 2129 2135 2137 2138 2145 2150 2153 2177 2178 2179 2184 2185 2186 2187 2188 2194 2196 2197 2198 2200 2201 2202 2204 2207 2208 2214 2215 2216 2217 2218 2219 2226 2227 2228 2229 2230 2232 2233 2247 2248 2249 2252 2253 2274 2277 2304 2307 2310 2314 2324 2325 2341 2342 2344 2353 2354 2357 2359 2369 2372 2374 2375 2377 2378 2379 2388 2401 2406 2423 2425 2435 2437 2438 2450 2452 2454 2456 2469 2470 2471 2480 2483 2484 2486 2491 2496 2498 2499 2500 2501 2513 2514 2526 2537 2542 2545 2546 2547 2554 2555 2556 2557 2573 2581 2593 2597 2620 2622 2623 2625 2631 2634 2650 2656 2657 2666 2667 2669 2680 2684 2686 2688 2692 2698 2699 2700 2702 2703 2709 2710 2711 2721 2722 2723 2727 2732 2738 2740 2742 2749 2765 2787 2794 2799 2802 2806 2807 2810 2811 2819 2820 2827 2829 2832 2833 2836 2838 2841 2843 2845 2846 2848 2849 2850 2855 2856 2858 2859 2862 2865 2866 2867 2868 2878 2879 2880 2883 2886 2888 2889 2893 2894 2897 2902 2906 2907 2911 2913 2914 2915 2916 2918 2920 2921 2922 2927 2929 2931 2944 2946 2950 2951 2956 2957 2959 2961 2962 2969 2970 2972 2977 2978 2981 2986 2988 2990 2991 2994 2999 3001 3002 3004 3008 3013 3014 3015 3017 3021 3025 3028 3030 3032 3036 3037 3038 3039 3040 3041 3042 3043 3047 3048 3049 3052 3054 3056 3060 3064 3066 3067 3068 3079 3080 3081 3083 3091 3092 3094 3097 3098 3099 3101 3103 3104 3105 3106 3111 3115 3116 3117 3124 3127 3130 3133 3134 3136 3140 3146 3147 3149 3150 3153 3154 3157 3163 3167 3175 3179 3180 3181 3182 3185 3190 3194 3195 3199 3200 3201 3202 3204
563 : 677 861 1643
564 : 1408 2344
566 : 1145 1768
570 : 2327
571 : 3120
572 : 2196 3160
573 : 1281
575 : 1684 1770 1885 2377
576 : 71 320 417 670 971 1001 1083 1135 1267 1385 1413 1541 1698 1725 1748 1781 1928 2046 2092 2127 2297 2306 2314 2319 2357 2383 2399 2406 2486 2518 2622 2698 2705 2873 2886 2923 2936 2968 3000 3033 3148 3154 3188
577 : 1264
578 : 1160 1257 1706
579 : 1044 1460 2194
580 : 1002 1785
581 : 3116
582 : 2194
583 : 1006 1108 1160 1162 1166 1255 1257 1332 1460 1464 1471 1902 2202 2246 2423 2620 3054 3192
584 : 1654 2985
585 : 1180 1856 2981
586 : 1856 2851 2871 3014
587 : 1108 2373
588 : 3035 3145
589 : 2198
590 : 1728
591 : 1173 1534 2536 2894 3180
592 : 1159 1235 1279 2888
593 : 605 940 1012 1235 1295 1350 1605 1706 1844 2051 2178 2858 3175
594 : 858 1072 1434 2498
595 : 124 321 990 1331 1540 1747 1886 2060 2134 2174 2178 2202 2680 2858 2884 2943 3199
596 : 2174
597 : 1114 2096 3057
599 : 71 78 1166 1428 1543 1572 2051 2387 2828 3124
600 : 417 2197 2534
602 : 1515
603 : 2486 2820
604 : 2951
605 : 3081
606 : 1465 2147 2277
607 : 278 319 397 464 849 1015 1032 1043 1048 1143 1206 1257 1258 1359 1362 1381 1390 1425 1487 1564 1565 1568 1671 1703 1735 1751 1824 1827 1916 1989 2033 2106 2148 2201 2340 2342 2485 2547 2631 2651 2684 2785 2810 2836 2888 2918 2922 2985 2987 3010 3035 3077 3091
608 : 1456 2320 3069
609 : 892 1959 2377
610 : 3085
611 : 1409 1456 1725 1860 2625 2722 2928 2967
612 : 3027
613 : 92 3057
614 : 615 1870 1878 2216 2700 2841 2912 3156
615 : 367 1134 1359 1403 1410 1474 1633 1828 1846 2184 2194 2409 2437 2516 2592 2835 2912 3002 3034 3089
616 : 1112 1997 2438 2944
617 : 944 1427 2665 2835 2885 2916 3084
618 : 71 1048 1171 1410 1613 1638 1699 1784 2093 2247 2358 2700 2817 2911 2919 2970 3049
619 : 71 1134 1533 2434 2750 2954
620 : 1384 2214 3068 3181
621 : 2886
626 : 2142 2686
627 : 1997 2595 2801
628 : 2986 3008 3042 3055 3069 3152 3164
629 : 1747 1928 2469 2535 2629 2685 2912
630 : 58 78 106 123 188 193 203 224 248 271 272 367 382 441 462 585 595 615 616 617 619 637 670 673 698 718 767 768 795 851 887 888 893 972 1003 1010 1026 1043 1066 1112 1117 1155 1163 1166 1173 1179 1188 1194 1198 1213 1225 1230 1234 1235 1257 1264 1281 1288 1292 1327 1347 1349 1350 1402 1409 1425 1445 1455 1462 1472 1487 1495 1506 1519 1535 1564 1565 1571 1589 1590 1591 1592 1601 1609 1625 1635 1642 1643 1645 1646 1647 1651 1654 1665 1677 1681 1697 1698 1699 1700 1703 1705 1712 1713 1720 1725 1726 1728 1741 1749 1783 1792 1805 1807 1810 1829 1844 1859 1862 1869 1871 1888 1889 1891 1892 1906 1908 1924 1939 1948 1957 1962 1975 2001 2002 2003 2004 2017 2020 2036 2046 2052 2053 2054 2065 2097 2106 2127 2137 2140 2142 2144 2151 2153 2181 2184 2197 2198 2209 2211 2215 2219 2229 2232 2233 2246 2247 2251 2254 2273 2289 2298 2313 2317 2320 2345 2354 2357 2370 2372 2373 2380 2398 2408 2423 2424 2438 2456 2480 2483 2486 2492 2494 2500 2538 2542 2554 2556 2584 2592 2596 2610 2627 2674 2692 2696 2708 2712 2714 2732 2734 2749 2770 2815 2816 2820 2827 2829 2833 2834 2838 2839 2843 2846 2852 2864 2867 2868 2878 2890 2893 2900 2906 2912 2916 2921 2922 2923 2937 2939 2944 2951 2962 2963 2967 2968 2993 2996 2997 2999 3002 3010 3014 3028 3031 3035 3055 3064 3067 3074 3077 3092 3097 3101 3117 3120 3124 3125 3146 3148 3152 3160 3167 3173 3188 3204
636 : 1636
639 : 2160 2998 3135
640 : 1379
641 : 1146 1169 1264 1590
643 : 1408 2196
644 : 1049 1459
645 : 941
646 : 2805
647 : 1908 2726
648 : 1262
649 : 92 242 730 1087 1145 1159 1253 1265 1385 1392 1505 1523 1571 1834 1908 2020 2053 2135 2148 2208 2305 2322 2558 2631 2656 2922 3045 3116
650 : 616 1415 1433 1564 2342 2882
651 : 71 1862 2233 2622 2993
652 : 1051 1325 1853 2187 2253 2265 2436 2688 2819 3174
653 : 2265
654 : 146
655 : 670 1366 1396 1858 2020 2166 2274 2723 2860 2918 3010 3092 3150
656 : 2913
657 : 724 1113 1341 2922
658 : 724 1885 1908 2302 2985
659 : 670 1278 1642 1647 1874 2451 2665
660 : 3090
661 : 1862
662 : 1961 2160 2547 2884 2886 3134
663 : 724 1349 1691 2742
664 : 2002 2358 2886 3134
665 : 1735
667 : 2054
668 : 2843
670 : 1350 1676 1989 2035 2380 2739 3087
671 : 2519
672 : 3149
678 : 3038
679 : 2622
680 : 2622 2626
682 : 236 435 527 1382 1468 1470 1854 1862 2314 2572 2580 2679 2696
683 : 2233
684 : 1426
685 : 670 2538
686 : 103 616 942 1046 1098 1325 1364 1415 1482 1871 2053 2134 2215 2253 2786 3160
690 : 1637
691 : 1691 2402
692 : 1255
694 : 1154 1665 2061 2112 2327 2449 2931
695 : 1365 1711 1781 2145 2959 3031 3076
696 : 675 1034 1315 1412 1602 1719 2078 2166 2644 2893 3090 3204
697 : 329 585 617 619 675 730 974 1012 1029 1044 1062 1087 1167 1169 1173 1236 1247 1252 1272 1308 1325 1352 1381 1415 1434 1457 1484 1516 1527 1554 1608 1624 1625 1665 1769 1810 1858 1926 2035 2050 2082 2083 2167 2207 2210 2217 2230 2286 2287 2307 2354 2355 2438 2669 2699 2716 2718 2870 2871 2925 2944 2972 2990 3047 3102 3166 3184 3193
698 : 630 696 825 1347 1351 1388 1424 1444 1516 1518 1591 1602 1625 1665 1684 1915 2002 2253 2527 2534 2605 2606 2669 2820 2833 2856 2924 3093 3103
699 : 1711 1781 3103
700 : 1030 2302 2307 2959
701 : 972
702 : 2749
703 : 1948
706 : 796
708 : 272 1326 1427 1456 1518 1827 1829 2144 2344 2705 2832 2865 3053 3106 3200
709 : 719 1412 1629 1653 2402 2916 3078
710 : 71 116 495 617 796 858 861 950 1002 1010 1088 1117 1154 1161 1170 1184 1236 1247 1254 1366 1488 1552 1587 1641 1647 1678 1680 1699 1738 1751 1769 1805 1810 1824 1844 1846 1854 1856 1871 1879 1924 1956 1974 1978 2035 2050 2091 2130 2175 2198 2274 2313 2424 2439 2486 2537 2561 2580 2622 2634 2734 2787 2802 2922 2931 2951 2954 2996 3015 3032 3152
711 : 1415
712 : 2705 2750 3181
713 : 865 1526 1700 1867 1936 1997 2188 2215 2297 2373 2388 2437 2452 2453 2595 2665 2722 2765 2798 2829 2838 2856 2885 2889 2911 2916 2936 2978 2990 2993 2996 3008 3042 3084 3094 3112 3141 3142 3187
714 : 1170
715 : 2152
716 : 616
720 : 71 670 796 1145 1392 1475 1806 2109 2141 2656 3112 3201
721 : 1976 2920 3172
722 : 1703 2625
723 : 964 1423 1727 1855 2219 2696 2923
724 : 1348 1854 1972 2018 2152 2710 2838 2923 3120 3172
725 : 1847
726 : 2197
727 : 322
728 : 1809 2197
729 : 1443 2711 3150
731 : 699
732 : 1048
734 : 2865
735 : 2865
736 : 3031
737 : 1834 2420 2865 2869 2943 3031
738 : 2002 2369
750 : 63 1506 1641 1783 2807
752 : 1169
753 : 462 761 1384 1435 1454 1770 1809 1905 2181 2390 2646 3027
755 : 1534 2526
756 : 2707 3040
758 : 1665 3182
760 : 731 1200
763 : 1155 1905 2868
774 : 2283 3042 3059
775 : 46 1344 1540 2455 2968 3088
776 : 1751 1752 3096
782 : 251
786 : 2554
788 : 1891
790 : 2554
793 : 670 671 1412 1844 3105
795 : 670 1412 3180
796 : 670 1309 1412 2046
809 : 1769
817 : 1199 1358 1412 1425 1430 1684 1783 1828 1843 1852 1892 1939 1959 2046 2126 2144 2198 2200 2313 2450 2452 2484 2493 2561 2593 2646 2765
818 : 123 124 243 321 332 409 492 1003 1025 1032 1072 1116 1135 1170 1172 1183 1199 1253 1323 1326 1327 1350 1358 1388 1393 1421 1426 1455 1465 1468 1496 1507 1514 1534 1535 1625 1638 1665 1686 1713 1725 1750 1786 1806 1807 1825 1845 1852 1890 1905 1930 1958 2002 2019 2046 2048 2093 2094 2096 2107 2127 2145 2146 2155 2160 2184 2188 2218 2249 2261 2265 2266 2268 2273 2285 2287 2288 2301 2307 2344 2396 2402 2420 2449 2451 2454 2482 2492 2519 2522 2523 2535 2542 2579 2582 2622 2657 2668 2696 2699 2705 2710 2711 2712 2717 2721 2739 2741 2750 2764 2767 2772 2780 2785 2794 2795 2799 2801 2816 2832 2849 2856 2887 2891 2929 2949 2950 2980 2988 2989 2990 3026 3032 3034 3070 3093 3099 3102 3134 3160 3188
819 : 1959 2092 2561 2710
821 : 71 111 252 585 596 637 670 679 796 942 1015 1026 1066 1113 1166 1170 1238 1290 1304 1345 1379 1392 1404 1409 1411 1415 1425 1429 1431 1470 1497 1503 1505 1528 1564 1566 1588 1589 1611 1616 1652 1659 1693 1699 1705 1748 1751 1753 1754 1768 1769 1854 1905 1923 1960 2002 2030 2184 2189 2275 2277 2299 2438 2547 2646 2716 2816 2826 2843 2919 2922 2924 2978 3017 3049 3072 3073 3077 3096 3143 3150 3157 3199
822 : 397 1108 2229 2357
824 : 282 332 440 492 719 860 973 1072 1173 1235 1432 1455 1487 1496 1516 1524 1570 1589 1652 1677 1684 1829 1854 1906 2076 2082 2160 2198 2200 2249 2341 2402 2450 2455 2484 2579 2625 2632 2634 2706 2750 2787 2794 2841 2911 2953 2977 2980 3038 3068
829 : 1135 1264 1396 1519 1523 1544 1550 1752 1844 1908 2130 2219 2357 2534 2878 3025 3049 3129
830 : 2252
832 : 1647
848 : 40 48 71 78 95 103 106 111 116 185 202 205 222 224 254 272 282 319 320 321 322 367 396 409 417 435 440 441 462 464 492 495 497 527 531 536 558 595 598 605 616 617 630 670 675 677 693 696 699 719 726 728 755 796 849 850 854 855 856 861 865 867 894 942 944 949 950 961 972 973 974 981 1002 1006 1008 1010 1012 1013 1014 1025 1028 1029 1032 1033 1035 1044 1045 1049 1052 1066 1071 1088 1099 1109 1112 1117 1135 1143 1154 1155 1162 1165 1166 1169 1170 1179 1186 1196 1198 1200 1206 1212 1216 1223 1226 1231 1236 1248 1252 1258 1259 1262 1264 1267 1270 1272 1278 1280 1282 1290 1292 1294 1295 1306 1307 1308 1309 1314 1315 1323 1324 1327 1333 1340 1346 1350 1351 1354 1359 1362 1363 1365 1366 1379 1381 1386 1388 1390 1393 1404 1408 1409 1410 1411 1412 1413 1417 1420 1421 1427 1432 1433 1435 1441 1454 1455 1457 1458 1459 1464 1465 1467 1468 1469 1470 1473 1474 1482 1484 1488 1489 1491 1497 1501 1502 1505 1506 1516 1517 1519 1527 1528 1530 1535 1536 1540 1542 1543 1544 1548 1549 1552 1554 1565 1571 1572 1591 1594 1595 1602 1605 1608 1609 1610 1612 1613 1614 1620 1622 1623 1625 1626 1630 1631 1635 1638 1643 1646 1647 1649 1650 1652 1653 1654 1664 1665 1671 1673 1676 1677 1678 1679 1680 1691 1692 1693 1695 1697 1698 1699 1700 1703 1705 1706 1707 1710 1711 1712 1713 1721 1722 1726 1727 1735 1738 1739 1741 1749 1751 1754 1767 1768 1784 1787 1788 1805 1806 1808 1810 1825 1827 1828 1834 1835 1836 1844 1845 1846 1847 1852 1853 1856 1859 1862 1869 1870 1871 1874 1878 1885 1886 1888 1889 1891 1902 1907 1908 1909 1911 1912 1916 1924 1928 1930 1931 1934 1936 1939 1946 1951 1956 1957 1958 1961 1962 1974 1975 1976 1977 1978 1988 1997 1998 2002 2015 2018 2020 2030 2033 2035 2036 2046 2047 2052 2053 2060 2061 2064 2080 2081 2083 2092 2093 2095 2097 2106 2109 2110 2112 2113 2125 2127 2135 2138 2139 2142 2144 2145 2146 2152 2155 2160 2167 2169 2175 2176 2177 2178 2179 2184 2185 2186 2188 2189 2192 2194 2195 2196 2197 2201 2204 2208 2210 2215 2219 2229 2230 2231 2232 2233 2245 2247 2252 2254 2261 2263 2264 2273 2275 2276 2285 2289 2298 2299 2301 2304 2306 2310 2312 2314 2315 2319 2320 2321 2322 2323 2324 2340 2341 2343 2344 2354 2355 2356 2365 2369 2371 2372 2373 2376 2377 2378 2388 2390 2400 2401 2402 2406 2409 2420 2421 2424 2433 2437 2439 2451 2452 2453 2456 2470 2480 2482 2483 2484 2487 2490 2493 2494 2496 2497 2498 2499 2500 2513 2519 2525 2526 2534 2535 2542 2543 2545 2555 2558 2559 2567 2568 2569 2572 2579 2582 2592 2593 2594 2595 2598 2603 2606 2609 2610 2621 2622 2625 2628 2633 2645 2646 2648 2650 2652 2665 2666 2668 2670 2680 2682 2683 2687 2692 2695 2699 2700 2701 2702 2703 2704 2705 2710 2711 2712 2717 2722 2723 2726 2730 2732 2733 2734 2737 2739 2740 2742 2744 2749 2750 2753 2765 2766 2767 2771 2777 2784 2786 2787 2799 2801 2802 2805 2806 2807 2808 2811 2816 2817 2821 2826 2827 2828 2832 2833 2835 2836 2838 2840 2841 2845 2846 2847 2848 2849 2850 2851 2855 2856 2859 2862 2863 2864 2865 2866 2871 2876 2877 2880 2881 2882 2883 2885 2886 2887 2888 2898 2900 2901 2903 2905 2911 2912 2914 2918 2919 2920 2921 2922 2924 2925 2927 2928 2929 2931 2936 2938 2939 2940 2943 2944 2945 2946 2947 2949 2951 2954 2956 2957 2963 2966 2968 2969 2970 2971 2972 2973 2981 2985 2986 2987 2989 2990 2994 2996 2997 3002 3005 3008 3009 3013 3014 3015 3016 3017 3018 3020 3021 3031 3032 3033 3034 3036 3037 3039 3041 3047 3050 3052 3053 3056 3058 3059 3064 3065 3069 3076 3077 3078 3080 3081 3082 3084 3086 3087 3091 3092 3096 3097 3099 3101 3103 3104 3105 3106 3109 3110 3111 3112 3114 3115 3120 3121 3124 3127 3128 3129 3132 3133 3136 3142 3144 3146 3147 3148 3149 3150 3152 3154 3156 3157 3163 3164 3166 3171 3172 3180 3181 3182 3188 3189 3193 3196 3200 3201 3202 3203 3204
851 : 3011
852 : 1536 2177 2717
853 : 974
854 : 1900 2154
855 : 531 558 1014 1099 1307 1381 1423 1459 1472 1613 1620 1623 1705 1727 1738 1741 1869 2001 2109 2195 2305 2355 2383 2402 2421 2625 2734 2753 2811 2887 2890 2921 2943 3032 3112 3120 3204
856 : 103 321 1012 1099 1333 1413 1810 2082 2097 2193 2317 2319 2358 2424 2712 2931 3077 3117
857 : 278 1052 1425 1846 1856 1976 2144 2186 2233 2699 2739 2742 2828 2883 3057 3058 3108 3120
858 : 1167 1684
860 : 48 92 241 242 243 252 284 300 321 322 409 440 441 464 495 558 585 619 637 675 693 761 796 851 867 893 942 964 971 1003 1045 1062 1067 1088 1134 1143 1145 1160 1161 1163 1166 1170 1171 1179 1194 1195 1197 1214 1215 1216 1234 1252 1257 1260 1265 1288 1307 1309 1334 1345 1350 1362 1365 1381 1385 1387 1394 1409 1412 1415 1423 1427 1434 1439 1441 1445 1456 1457 1458 1464 1468 1476 1483 1496 1501 1505 1507 1524 1525 1530 1531 1542 1543 1554 1588 1589 1595 1602 1605 1615 1620 1622 1625 1626 1641 1647 1649 1652 1665 1677 1681 1686 1700 1706 1717 1723 1741 1748 1749 1754 1767 1768 1788 1805 1807 1825 1827 1834 1847 1852 1854 1856 1858 1860 1869 1877 1879 1885 1886 1891 1900 1906 1907 1925 1932 1938 1945 1948 1962 1972 1977 1978 2002 2018 2020 2034 2036 2064 2083 2091 2096 2109 2111 2127 2137 2141 2145 2147 2148 2153 2162 2163 2166 2169 2174 2179 2181 2196 2197 2208 2211 2217 2219 2230 2233 2252 2277 2285 2288 2302 2306 2307 2313 2319 2327 2341 2342 2354 2355 2370 2420 2421 2433 2437 2450 2471 2486 2497 2500 2514 2522 2523 2526 2527 2541 2561 2567 2592 2604 2620 2624 2648 2670 2674 2684 2687 2699 2715 2717 2728 2730 2734 2739 2745 2746 2753 2785 2786 2787 2804 2811 2821 2843 2849 2852 2856 2860 2864 2873 2882 2894 2906 2913 2916 2921 2924 2931 2936 2961 2966 2971 2979 2980 2990 3000 3002 3015 3017 3024 3033 3039 3055 3069 3071 3092 3117 3120 3136 3147 3189 3197 3198 3200 3201
861 : 71 670 974 1155 1170 1307 1434 1856 1906 1947 1975 2146 2233 2306 2494 2542 2681 2767 2916 2923 2931 2991 2998 3031 3082 3091 3097 3111
862 : 92 2692
864 : 1166 1638 1892 2097 2486 2820
865 : 2127 2194
866 : 695 2771 3117
867 : 3076
868 : 1698
869 : 1323 1486 1614 1691 1728 1827 1884 1890 2450 2522 2668 2741 2838 2859 2862 2864 2876 2895 2911 2916 3000 3006 3042 3052 3077
870 : 1928 2985
871 : 1349 1421 1751 1861 2753
874 : 104 282 322 435 861 894 981 1030 1032 1155 1159 1233 1235 1257 1272 1366 1385 1390 1412 1467 1489 1523 1665 1695 1769 1847 1856 1859 1878 1930 1939 1948 1951 1962 2054 2110 2160 2208 2217 2245 2246 2251 2297 2424 2535 2554 2556 2559 2622 2646 2714 2809 2862 2869 2899 2916 2988 3001 3030 3032 3047 3091 3106 3144
880 : 2106 3052
881 : 1144 1292 2968
882 : 1384
883 : 1159
887 : 2177
888 : 2650
889 : 1425 2196 2219
890 : 298 1472 1847 1906 2051
899 : 2609
901 : 1188 1651 2233 2344 3047 3053
902 : 144 1199 2197 2308 2726 2941 3024 3076
926 : 1034 1810
927 : 1787 2979
929 : 94 497 1108 1143 1267 1346 1517 1566 1724 1742 1788 1805 1875 1932 1934 1946 2081 2106 2141 2188 2245 2268 2324 2341 2343 2569 2711 2714 2722 2766 2936 2968 2973 3054 3097 3129 3152 3163 3167
931 : 3107
933 : 435 1165 1381 1426 1445 1644 1674 1735 1788 2093 2188 2196 2217 2219 2263 2315 2317 2534 2567 2569 2579 2734 2751 2779 3131 3132 3139 3152 3185
934 : 40 124 144 396 409 462 479 527 536 695 796 849 850 860 949 990 1012 1034 1035 1097 1098 1099 1135 1143 1171 1253 1282 1323 1362 1366 1404 1412 1417 1462 1471 1486 1487 1491 1506 1514 1527 1552 1567 1571 1591 1626 1637 1652 1677 1681 1695 1705 1710 1738 1742 1748 1788 1811 1867 1892 1901 1906 1936 1961 1976 2003 2019 2030 2051 2054 2060 2078 2083 2125 2130 2134 2141 2184 2187 2188 2195 2198 2210 2217 2219 2229 2252 2276 2283 2287 2288 2313 2318 2319 2342 2344 2369 2371 2372 2373 2390 2402 2420 2439 2451 2457 2481 2483 2490 2518 2519 2547 2558 2560 2598 2619 2630 2669 2684 2696 2705 2721 2749 2764 2779 2794 2803 2815 2816 2850 2851 2857 2864 2868 2883 2888 2893 2901 2911 2912 2914 2915 2920 2924 2925 2932 2940 2948 2957 2961 2969 2977 2981 2988 3008 3013 3015 3018 3037 3039 3041 3049 3057 3076 3083 3086 3091 3108 3114 3124 3132 3136 3142 3153 3174 3176 3194
937 : 284 1272 1543 1675 2821 2899 3117
940 : 1206 2890
941 : 1469
942 : 2631 2746
943 : 2947
944 : 1771 1927
945 : 1659 1945 1948 3003
946 : 2490
947 : 2696
948 : 1890 2794
949 : 2931
950 : 435 1433
951 : 2353 2408
952 : 2928
955 : 40 63 144 848 849 1153 1188 1259 1327 1385 1652 1725 1741 1784 1870 1935 1936 2113 2185 2200 2216 2231 2388 2401 2421 2484 2525 2702 2722 2769 2787 2834 2839 2880 2955 2968 2987 3008 3041 3058 3095 3096 3115 3143 3163
956 : 1626 3081 3094 3101
958 : 679 1186 2229
960 : 1003
961 : 1002 1398 1507 1571 2402 2567 3135
963 : 2065
965 : 1116 2920 3139
966 : 1410
969 : 941
970 : 265 1162 1870 2162 2211 2451 2665 2846 2927 3074 3096 3097 3115
972 : 298 893 961 1267 1420 1634 1691 1843 2113 2289 2513 2596 2665 2747 2766 2801 2839 2855 2927 2998 3096 3097 3106
975 : 2447 2696 2829
978 : 1424 2180
979 : 1067
982 : 1425
984 : 3202
988 : 1529
989 : 1099 1740
993 : 284 726 794 1062 1614 1665 1677 1724 1835 1869 1888 1890 2137 2230 2341 2596 2684 2732 2768 2845 2902 2911 2955 2958 3097 3106 3152
995 : 1939
996 : 1676 2228 2765
997 : 272 1184 1195 1211 1247 1552 1677 1879 1890 2030 2177 2194 2341 2438 2623 2646 2734 2768 2845 2897 2911 3097
998 : 675 1067
1009 : 1906 2471
1010 : 2145
1013 : 1507 3149
1014 : 1280 1516 1788 2198 2470 3015
1025 : 670
1026 : 2125
1031 : 1001
1033 : 1025 1184 1257 1315 2162 2742
1041 : 2034
1042 : 1159 1988
1043 : 3165
1049 : 2741
1056 : 40 92 241 252 320 335 409 695 731 822 848 849 861 1002 1012 1028 1051 1098 1115 1143 1153 1164 1165 1172 1188 1195 1225 1309 1354 1366 1368 1390 1394 1429 1474 1476 1489 1504 1519 1528 1541 1553 1595 1615 1638 1643 1646 1647 1671 1725 1792 1825 1827 1834 1844 1847 1875 1877 1911 1932 1936 1972 2003 2054 2092 2107 2110 2111 2148 2152 2177 2178 2196 2200 2202 2210 2231 2233 2247 2316 2342 2367 2373 2377 2406 2435 2438 2480 2515 2517 2526 2534 2538 2541 2559 2560 2580 2620 2628 2632 2651 2702 2741 2784 2795 2806 2820 2821 2898 2911 2914 2957 2958 2979 2987 3002 3005 3031 3033 3041 3045 3065 3070 3072 3076 3077 3088 3090 3093 3105 3107 3111 3120 3125 3164 3182
1059 : 2680
1060 : 3048
1066 : 536 1154 1523 1635 1931 1997 1998 2031 2049 2110 2402 2555 2571 2701 2710 2784 2837 2921 2925 2927 3050 3082 3086 3118 3152 3156
1067 : 1048 1326 2377 2436 2547
1068 : 78 973 1147 1274 1326 1692 1888 2000 2232 2547 2610 2683 2692 2978 3097 3200
1069 : 1326 1847 2597 2605 2631 2665 2766 2771 2954 3008 3041 3081 3112 3149
1070 : 1672 1997 2827
1071 : 1143 1351 1524 1698 1847 1859 1930 1961 2177 2248 2544 2595 2697 2805 2866 2878 2931 3153
1075 : 1113
1076 : 3057
1081 : 1262
1087 : 1740
1088 : 1264
1089 : 1740
1090 : 2327
1094 : 2497 2850
1095 : 1115 1413 1834 2388
1096 : 1325 1807 2216 2497 2849
1103 : 2941
1104 : 3177
1105 : 1769
1106 : 1108
1107 : 1341
1108 : 1050 1806 2962
1109 : 3175
1123 : 69 759 1051 1247 1253 1325 1327 1349 1395 1678 1754 1770 1945 2002 2129 2169 2308 2324 2707 2850 2958 3003 3027
1124 : 124 332 695 867 1026 1113 1223 1230 1382 1457 1515 1525 1681 1927 1989 2091 2148 2166 2301 2307 2343 2470 2723 2813 2911 2989 3013 3020
1129 : 1385 2145 2390 2741
1130 : 116
1131 : 1099 2197 3146
1133 : 322 1382 1384 1809 2017 2181 2187 2308 2810
1134 : 2849 3032
1135 : 2849
1136 : 3182
1137 : 1083 2020 2499
1138 : 2988
1140 : 867 2175
1148 : 3065
1150 : 1161 1397 1506 2494
1154 : 3087
1159 : 2196
1162 : 1468 3118
1163 : 891
1167 : 1976 2203 2860
1168 : 1976 2991
1169 : 2596 2747 2768 2845 2955
1171 : 2977
1172 : 2977
1173 : 2977
1176 : 1698 1708 2175 2176 2376 2421 2481 2597 2646 2747 2946
1177 : 2421
1178 : 1534 2176 3048
1183 : 1389 1626 1786 2470 2771 2849 3077
1184 : 3042
1185 : 724 1341 1626 1824 2402 2732 2868 2968 3077 3150
1186 : 2581
1187 : 527 796 942 1462 1530 1695 1710 1810 1972 2667 2832 3012 3024 3041 3049
1189 : 1014 1170 1651
1190 : 1223
1192 : 1671
1194 : 46 417
1215 : 417 670 696 1135 1475 1489 1868 2181 2888 2906 2959 2971 3136 3145 3147 3181 3182
1216 : 2906
1221 : 106 222 241 321 414 435 440 637 670 761 849 942 949 990 1145 1146 1163 1170 1171 1215 1236 1253 1307 1315 1323 1362 1383 1389 1408 1421 1423 1425 1441 1462 1470 1473 1503 1504 1536 1544 1552 1554 1572 1590 1609 1623 1628 1638 1651 1675 1698 1709 1727 1769 1771 1788 1792 1825 1846 1856 1874 1905 1939 1976 2015 2042 2092 2127 2141 2145 2146 2150 2178 2179 2195 2196 2204 2216 2220 2263 2273 2276 2314 2317 2320 2326 2340 2359 2396 2435 2438 2500 2522 2546 2567 2594 2622 2627 2628 2652 2656 2684 2728 2732 2734 2748 2750 2785 2805 2822 2828 2846 2848 2855 2857 2865 2876 2884 2902 2905 2912 2946 2947 2989 2993 3001 3008 3011 3013 3014 3033 3036 3053 3060 3077 3094 3097 3105 3116 3132 3156 3166 3176 3177 3181 3195 3201
1225 : 3094 3118
1228 : 2 40 46 48 63 95 96 104 111 144 146 150 176 177 179 180 181 182 204 209 210 224 226 231 236 241 243 246 248 251 254 266 272 284 297 303 317 319 320 321 322 327 342 363 367 380 388 414 429 435 436 441 462 464 479 483 497 515 527 531 533 536 543 595 616 637 644 654 670 671 677 695 717 721 724 727 824 850 858 861 867 872 890 891 895 912 932 935 940 946 950 951 962 964 972 982 1001 1003 1010 1012 1013 1025 1029 1031 1032 1033 1043 1045 1046 1047 1049 1051 1052 1062 1066 1067 1072 1078 1088 1098 1099 1109 1121 1122 1134 1135 1143 1154 1155 1158 1159 1160 1164 1166 1169 1170 1172 1176 1179 1183 1184 1185 1186 1188 1194 1195 1197 1208 1214 1215 1216 1223 1230 1231 1234 1235 1236 1238 1243 1260 1265 1271 1272 1281 1285 1286 1290 1294 1295 1298 1307 1308 1315 1323 1324 1325 1333 1334 1346 1347 1350 1354 1358 1359 1362 1363 1364 1379 1381 1383 1386 1387 1390 1392 1393 1397 1398 1399 1404 1408 1410 1411 1413 1415 1423 1425 1427 1430 1432 1434 1440 1443 1445 1459 1464 1465 1468 1469 1470 1473 1475 1476 1485 1486 1487 1491 1495 1497 1501 1504 1506 1507 1517 1518 1525 1526 1527 1528 1530 1533 1535 1536 1541 1542 1543 1544 1548 1550 1553 1564 1567 1572 1576 1577 1590 1591 1592 1593 1594 1601 1605 1609 1612 1619 1621 1623 1625 1628 1630 1631 1632 1634 1638 1641 1643 1646 1649 1651 1652 1664 1665 1666 1667 1671 1672 1673 1674 1677 1680 1681 1684 1689 1691 1692 1693 1695 1697 1700 1703 1705 1706 1710 1712 1713 1719 1720 1721 1722 1724 1725 1726 1738 1740 1741 1742 1748 1752 1753 1764 1768 1769 1770 1771 1788 1796 1799 1808 1810 1811 1825 1827 1828 1834 1835 1836 1844 1846 1847 1852 1855 1856 1862 1867 1868 1870 1871 1875 1877 1878 1879 1884 1886 1888 1889 1890 1891 1893 1902 1908 1909 1912 1914 1916 1924 1925 1927 1930 1931 1936 1939 1940 1946 1951 1952 1956 1962 1972 1976 1977 1978 1989 1997 2002 2004 2018 2020 2024 2030 2033 2034 2035 2036 2047 2051 2052 2053 2059 2060 2062 2064 2065 2069 2073 2081 2082 2091 2094 2095 2105 2106 2108 2110 2112 2113 2114 2125 2128 2130 2134 2138 2139 2140 2141 2143 2145 2146 2151 2152 2153 2160 2176 2177 2178 2179 2181 2187 2188 2189 2194 2196 2197 2198 2202 2203 2204 2208 2210 2215 2216 2219 2226 2233 2245 2248 2253 2262 2263 2265 2267 2272 2273 2274 2275 2277 2283 2287 2289 2299 2300 2301 2302 2303 2305 2308 2314 2317 2320 2321 2323 2339 2342 2343 2344 2352 2354 2355 2356 2358 2365 2367 2372 2377 2378 2379 2380 2383 2388 2390 2402 2420 2421 2423 2431 2438 2447 2451 2455 2456 2469 2470 2483 2484 2486 2492 2493 2494 2499 2501 2515 2518 2519 2523 2524 2534 2535 2536 2538 2543 2546 2547 2554 2556 2560 2561 2567 2568 2569 2579 2580 2582 2592 2594 2595 2598 2603 2604 2606 2609 2620 2621 2622 2623 2625 2631 2645 2646 2650 2652 2656 2657 2664 2668 2669 2682 2683 2684 2686 2687 2688 2692 2695 2696 2701 2703 2704 2710 2715 2716 2718 2719 2720 2722 2726 2728 2729 2730 2732 2734 2740 2746 2754 2765 2769 2771 2777 2786 2787 2788 2794 2798 2799 2801 2808 2811 2812 2815 2816 2817 2820 2822 2826 2828 2835 2837 2838 2839 2841 2842 2847 2849 2851 2852 2857 2859 2862 2864 2865 2866 2868 2870 2871 2873 2874 2876 2877 2880 2882 2887 2888 2890 2892 2896 2897 2902 2903 2905 2911 2912 2913 2914 2916 2920 2921 2924 2925 2929 2937 2938 2939 2943 2944 2946 2947 2959 2962 2966 2971 2972 2980 2981 2986 2987 2989 2991 2999 3002 3003 3004 3005 3009 3010 3011 3012 3014 3016 3018 3020 3021 3033 3036 3037 3039 3040 3042 3043 3046 3047 3048 3049 3050 3052 3055 3057 3059 3064 3069 3070 3071 3072 3073 3074 3076 3077 3078 3080 3084 3092 3093 3094 3096 3098 3100 3101 3103 3105 3110 3111 3112 3114 3115 3117 3125 3127 3129 3133 3137 3138 3142 3143 3144 3145 3146 3149 3150 3151 3152 3153 3154 3160 3165 3172 3191 3194 3201 3203
1230 : 282
1231 : 282
1232 : 3080
1233 : 441
1235 : 2744
1236 : 2113 2744 3115
1237 : 1350
1240 : 3052
1241 : 2832
1250 : 1223
1251 : 980 1363 1721 1741 2342
1252 : 492 536 1344 1345 1411 1524 1526 1616 1643 1956 2232 2668 3047
1253 : 1003 1891
1254 : 1345 1433 1616 1679 1719 1887 2650 2668 2827
1255 : 95 116 241 251 380 492 726 828 1260 1295 1353 1393 1411 1416 1440 1445 1453 1566 1650 1719 1892 1932 2108 2342 2554 2650 2966 3071
1257 : 617 1295 1344 1394 1685 1807 2253 2263 2483 2747 2971
1259 : 2253
1260 : 1045 1155 1381 1404 1543 2081 2217 2265 2732
1264 : 2193 2962 3170
1268 : 417 698 824 1470 1705 1788 2377 2764 3069
1270 : 224 616 857 1012 1145 1155 1164 1180 1231 1282 1358 1432 1460 1464 1470 1491 1506 1515 1530 1625 1627 1641 1652 1676 1706 1836 2060 2065 2078 2081 2082 2106 2179 2245 2263 2265 2341 2398 2423 2433 2483 2497 2555 2593 2596 2609 2632 2645 2684 2688 2710 2716 2749 2846 2850 2851 2863 2876 2903 2919 2921 2957 2971 3081 3087 3094 3095 3097 3128 3146 3150 3201
1272 : 48 731 1869 2470 2961 3069
1273 : 1166 1705 1829 1869 2152 2377 2527 2929 3043
1276 : 251
1278 : 116 1161
1279 : 2370
1281 : 1385
1282 : 3146
1283 : 251
1284 : 40 95 111 202 205 222 320 321 367 396 417 440 441 527 595 605 616 630 675 719 728 824 850 855 865 894 950 974 981 1008 1012 1029 1033 1044 1049 1052 1088 1099 1109 1135 1143 1154 1155 1162 1166 1169 1170 1172 1188 1196 1198 1200 1206 1225 1226 1236 1247 1248 1259 1267 1270 1272 1280 1294 1295 1307 1308 1309 1323 1327 1331 1333 1346 1350 1354 1365 1366 1388 1391 1393 1410 1427 1445 1455 1456 1468 1469 1470 1473 1474 1482 1484 1485 1488 1491 1501 1502 1505 1516 1518 1519 1527 1536 1542 1543 1548 1549 1554 1565 1572 1594 1595 1602 1608 1609 1612 1613 1625 1630 1634 1649 1650 1652 1664 1673 1679 1680 1691 1693 1695 1697 1698 1703 1705 1706 1712 1713 1722 1727 1738 1741 1742 1768 1808 1811 1825 1828 1829 1834 1836 1844 1846 1852 1856 1861 1870 1873 1877 1885 1889 1891 1923 1924 1925 1931 1934 1936 1951 1956 1958 1961 1962 1975 1977 1978 1988 1989 1998 2015 2020 2035 2036 2042 2047 2050 2051 2052 2064 2080 2081 2082 2094 2096 2106 2109 2113 2125 2139 2144 2145 2146 2167 2175 2176 2184 2188 2189 2194 2195 2196 2201 2215 2219 2229 2231 2232 2233 2245 2252 2264 2273 2276 2285 2299 2302 2308 2309 2310 2312 2340 2344 2354 2355 2356 2365 2369 2376 2377 2388 2390 2398 2400 2402 2420 2421 2424 2437 2439 2451 2456 2470 2480 2482 2484 2490 2494 2499 2500 2514 2534 2542 2555 2556 2558 2559 2561 2568 2579 2594 2604 2606 2609 2621 2622 2624 2645 2648 2652 2665 2666 2668 2670 2674 2680 2682 2688 2695 2700 2701 2704 2707 2722 2726 2733 2737 2741 2749 2750 2753 2767 2771 2786 2787 2798 2799 2801 2802 2808 2810 2815 2816 2827 2832 2835 2840 2848 2849 2851 2856 2857 2864 2865 2866 2867 2876 2877 2880 2882 2883 2886 2888 2895 2897 2898 2900 2901 2903 2905 2911 2912 2913 2914 2921 2924 2929 2931 2937 2943 2944 2945 2946 2948 2958 2959 2963 2966 2969 2970 2971 2972 2979 2981 2986 2987 2990 2994 2997 3005 3008 3009 3014 3021 3031 3032 3033 3036 3037 3040 3041 3045 3047 3050 3052 3056 3065 3069 3076 3077 3078 3080 3081 3082 3094 3096 3097 3099 3103 3104 3105 3109 3111 3112 3113 3114 3115 3120 3133 3142 3146 3150 3154 3156 3158 3163 3164 3172 3177
1286 : 2944
1287 : 1590 1720 2581 3135
1289 : 849 1112 1117 1155 1362 1454 1768 2402 2424 2436 2451 2624 2700 2777 2817 2840 2945 3008 3021 3033 3096 3120
1290 : 1047 1162 1393 1788 2030
1293 : 1325 1349 1396 1455 1646 1671 1695 1699 1754 1824 1845 1856 1926 1978 2167 2188 2197 2198 2218 2343 2625 2674 2687 2723 2795 2839 2868 2999 3182
1294 : 861 1006 1487 1543 1747 1824 1829 1845 1856 2092 2197 2217 2343 2398 2625 2826 2851 2873 3064
1295 : 71 185 205 731 1262 1345 1553 1616 1825 1856 2106 2692 2718 2737 2951 3024 3194 3199
1296 : 104 1627 2878 3052
1297 : 58
1298 : 495 696 1165 1258 1408 1420 1709 1936 3052
1303 : 2187
1305 : 397 1264 1700
1308 : 2076
1309 : 973
1310 : 2811
1311 : 2423
1312 : 531 1143 1810 3005
1313 : 724
1314 : 40 670 1626 2688 3146
1315 : 46 1665 1827 1924 1962 2572 2740
1323 : 2811
1325 : 3193
1326 : 124 222 1148 1258 1260 1295 1388 1404 1608 1628 2245 2943 3065 3077
1327 : 2061 2358
1328 : 605 1424 2702 2869 3116
1329 : 596 1453 1609 1719 2163 2849
1330 : 1890
1336 : 1333
1337 : 222 224 241 282 531 854 1159 1180 1333 1346 1387 1423 1430 1527 1528 1586 1713 1884 1936 1946 1974 2031 2150 2177 2216 2274 2276 2354 2455 2499 2522 2554 2567 2570 2571 2682 2701 2714 2723 2770 2851 2852 2858 2916 2963 2978 2993 3048 3087 3110 3117 3121 3162 3195 3196
1338 : 278 335 1134 1197 1234 1551 1587 1727 1846 1884 1924 2112 2216 2232 2275 2289 2377 2487 2525 2680 2703 2723 2801 2851 2884 2897 2940 3015 3067 3135 3138
1342 : 3052
1343 : 1210 1589 3087
1345 : 1194 1678 1771
1346 : 1194 1680
1347 : 3121
1350 : 2483
1352 : 2126 2887 2938 3003
1353 : 1166 2311
1354 : 1154 2985
1355 : 2198
1356 : 1427 2994
1359 : 2320
1360 : 1280 1806 1975 2107 2245 2820 2945 3076 3077 3112
1361 : 1692 1879 1946 2493 2815 2816 2859 3064 3182
1362 : 1635 1879 1915 1974
1363 : 1719 2421
1375 : 2998
1377 : 2166 3201
1378 : 731 1295 2289 2665 2696 3083 3112
1380 : 1067 1295 1638 1867 1886 2723 2833 2944 3106 3112
1381 : 2289 2882 3165
1382 : 1426
1383 : 849
1384 : 585 1108 1199 1224 1308 1503 1572 1604 1809 2315 3013 3050
1385 : 3132
1386 : 69 462 1199 1630
1387 : 696 972 982 1181 1412 1642 1653 1805 1889 1892 2113 2197 2302 2481 2849 2870 2893 2949 3132 3141 3158
1389 : 2541
1390 : 3013
1393 : 40 146 224 276 298 536 679 693 717 759 761 848 867 894 944 961 964 1025 1028 1110 1169 1185 1200 1331 1346 1362 1365 1403 1431 1433 1468 1474 1487 1491 1501 1507 1517 1527 1535 1543 1564 1567 1587 1604 1627 1637 1650 1696 1698 1711 1738 1768 1805 1825 1843 1855 1875 1911 2033 2046 2050 2167 2193 2204 2210 2218 2228 2273 2289 2297 2342 2359 2390 2424 2435 2437 2486 2493 2518 2524 2525 2535 2545 2567 2593 2595 2598 2610 2624 2683 2721 2733 2737 2770 2800 2802 2810 2817 2851 2876 2893 2900 2918 2923 2925 2931 2944 2957 2993 2996 3000 3006 3016 3018 3047 3064 3066 3071 3076 3110 3113 3134 3164
1394 : 321 2095
1395 : 2042 2870 2923 2945
1399 : 492 1216 1464 2571 3085
1400 : 849 1853
1401 : 332 2359 2991
1402 : 849 2359
1403 : 1764
1404 : 3195
1405 : 2813
1406 : 2289
1407 : 670
1408 : 1468
1412 : 2471
1414 : 2970
1419 : 1366 1379 1445 1722 2187 2302 2485 2535 2559 2876 2985 3195
1421 : 1088 1155 1259 1383 1458 2046 2369
1422 : 531 944 1034 1135 1161 1165 1413 1421 1458 1503 1533 1572 1665 1728 1769 1867 2046 2092 2128 2219 2252 2297 2438 2439 2535 2572 2652 2810 2816 2832 2833 2887 2888 3001 3114 3150 3182
1423 : 1199 1238 1408 1489 1503 1552 1627 2128 3001 3154 3181
1424 : 1652 1742 2499
1425 : 796 1705 3111
1428 : 265 794 1084 1162 1230 1290 1455 1497 1593 1652 1665 1726 1739 1948 2215 2370 2485 2494 2643 2674 2687 2809 2820 2901 2916 2948 3131 3193 3202
1429 : 78 858 1047 1135 1225 1267 1308 1691 2017 2534 2753 2873 2985 3091
1430 : 1257
1431 : 71 694 695 854 855 1034 1098 1170 1226 1267 1304 1366 1433 1457 1463 1476 1507 1526 1604 1628 1695 1752 1805 1808 1925 1936 2003 2108 2151 2185 2187 2218 2297 2383 2433 2492 2667 2682 2688 2720 2816 2860 2892 2928 3000 3091 3135 3136 3182
1432 : 2231 2452
1433 : 1030 1698 1765 2094
1434 : 104 618 1236 1473 1951 2091 2202 2219 2682 2720 2802 2864
1435 : 2265
1436 : 1469 1754
1437 : 144 644 1279 1290 1331 1362 1592 1629 1652 1665 1697 1700 1741 2019 2341 2486 2537 2620 2631 2650 2916 3036 3192 3202
1438 : 670
1439 : 1443 1476
1440 : 2985
1441 : 2499
1446 : 1348 2289 2492
1447 : 320
1449 : 728
1458 : 243 282 2424 2871 2970
1459 : 1025
1460 : 1025
1461 : 2289
1463 : 202 242 396 1458 1646 1684 2264 2265 2372 2820 2939 3105 3116
1466 : 396
1467 : 3089
1468 : 1270 1281 1824 2527
1470 : 1003 2402 2721 3135 3194
1471 : 3135
1477 : 2483
1481 : 679 730 1272 2289
1487 : 116
1488 : 2322
1490 : 397 724 1393 1434 1469 1470 1485 1487 1503 1589 1635 1829 1843 1934 1946 1997 2276 2375 2514 2699 2764 2858 2922 2966 2978 3015
1491 : 2093 2141 2858 3015 3050
1493 : 462 940 1366 1497 2471 2711 3008
1494 : 2631
1495 : 1530 1643 2498 2669 2749 2907 3103
1496 : 2525
1497 : 2267
1498 : 300 940 1265 1507 1517 1587 2051 2106 2125 2139 2188 2692 2702 2717 2753 2767 2829 2971 3012 3077 3192 3204
1506 : 2316
1508 : 2316
1512 : 3173
1514 : 2777
1516 : 1975 2620 2621
1517 : 1975 2620 2621 3175
1519 : 63
1520 : 2519
1521 : 1113
1522 : 1424 1623 1906 2003 2145 2189 2230 2469
1523 : 1424 1725 1961 2189 2726
1524 : 367 1594 1742 2189 2857 2947
1525 : 2703
1526 : 3160
1527 : 1409
1528 : 1354 2130 2318 2354 2711 2741
1529 : 1032 1623
1530 : 111
1531 : 1272
1532 : 671
1533 : 605 1890 2893
1534 : 2308
1536 : 1225 1698 2323 2777 3030
1537 : 2061 2160 2777
1543 : 2154 2457
1544 : 1381
1545 : 2053 2320
1546 : 1121 1381 1463 2020 2232 3191
1547 : 1900 2154 3087
1549 : 1465 2726
1554 : 185 319 321 462 527 719 755 1110 1135 1196 1235 1255 1379 1456 1469 1496 1527 1706 1811 1876 1911 2019 2061 2110 2111 2135 2164 2179 2189 2194 2196 2219 2301 2320 2389 2518 2546 2594 2603 2695 2698 2701 2728 2771 2859 2885 2921 2955 2978 2993 3042 3065 3067 3077 3080 3099 3118 3132 3134 3165 3184
1555 : 1030 1072 1154 1166 1170 1235 1468 1491 1540 1853 2019 2061 2109 2150 2167 2265 2340 2646 2683 2701 2702 2733 2795 2800 2842 2870 2878 2950 3077 3132 3153
1556 : 1152 1441 2709 3058
1557 : 1610 1999 2229 2254 2409 2568 2779 2907 3112 3139
1558 : 2568
1559 : 2887
1560 : 92 462 1610 1659 1771 2113 2165 2870 3047 3071 3106
1561 : 1323
1562 : 1324 2369 2437 2887
1563 : 2215 2471
1564 : 462 2163
1565 : 2950 3132
1566 : 2153
1568 : 3133
1569 : 1415
1571 : 2217 2794
1573 : 2380 2931
1574 : 2523
1575 : 1465 1628 1745 1928 2233 2483 2750
1576 : 417
1577 : 728 1592 2319 2339 2951 3011
1578 : 2497
1584 : 1602
1589 : 417
1594 : 675 1325 1912
1595 : 2692
1596 : 2692
1597 : 2692 2828
1599 : 2706
1600 : 3139
1601 : 2749
1602 : 2016 2193 3082
1603 : 2145 2146 2420 2483 2873 3042 3065 3077
1604 : 867 1379 1434 1473 1936 2135 2454 2547 2656 2712 3153
1605 : 68 619 1154 2499 3010 3114
1606 : 1389 2145
1607 : 2524
1608 : 867 2994
1610 : 2769 3156
1611 : 2523
1614 : 2483
1615 : 2233
1616 : 2494
1617 : 2307
1618 : 2018 2107 2109 2251 2494 2561 2641
1620 : 3033
1623 : 2849
1631 : 48 123 144 1066 1088 1160 1223 1234 1235 1331 1362 1389 1390 1523 1551 1564 1613 1651 1652 1665 1726 1807 1824 1886 1947 2107 2233 2253 2423 2433 2453 2491 2621 2622 2651 2692 2701 2748 2801 2821 2834 2858 2888 2897 2929 2944 2968 3005 3027 3054 3066 3080 3175
1632 : 144 265 322 585 731 961 1258 1334 1387 1464 1738 2314 2648 2787
1633 : 1235
1635 : 243 397 675 1134 1163 1290 1652 1696 1770 2139 2339 2592 2819 2888 3175
1636 : 1677 2064
1637 : 1677 2834
1638 : 2877
1639 : 222 396 585 728 964 1185 1235 1282 1348 1786 1933 1936 1959 1973 1974 2053 2111 2194 2202 2220 2227 2598 2623 2888 3004 3193
1641 : 1430 1514 2620 2697 2734 2911 3071
1642 : 495 951 1109 1365 1386 1387 1393 1672 1784 1977 2217 2567 2827 2984 3015 3199
1644 : 1879
1649 : 2828
1650 : 2632
1654 : 2845 2867
1661 : 2737
1664 : 1084
1665 : 724
1666 : 696 1826
1667 : 1728 2217 2894
1668 : 69 1224 1482 1505 1592 1698 1748 1751 1827 1844 1853 2137 2217 2262 2307 2342 2451 2496 2667 2692 2711 2723 2832 2838 2846 2873 2944 2990 3039 3074 3109
1669 : 1515 2307 2888 2957
1671 : 440 2987
1672 : 1853 1878 1972 2723
1674 : 2163 2634
1675 : 1889 2538 2899
1680 : 3172
1681 : 1786 2109 3116
1684 : 1891 2287 3139
1685 : 2619
1686 : 2302
1687 : 3018
1688 : 2523
1691 : 1433 1651 1725 2194 2289 2372 2557 2695 3138
1692 : 1725 1926
1694 : 1416
1695 : 46 48 1170 1236 1586 1603 1853 1976 1977 2137 2175 2320 2343 2379 2498 2569 2610 2688 2801 2924
1696 : 1261 2289
1697 : 48 1088 1412 1488 1650 1694 1783 1928 1976 2720 2834 2882 2978 3107 3113 3200
1699 : 1009 1368 1948 2202 2707 2712 2804 2836 3008 3018 3040
1700 : 2712
1701 : 1595
1702 : 2273 2321 3081
1703 : 941 1195 1752 1901 1916 2002 2108 2140 2410 2525 2688 2795 2911 2947 2991 3001 3070 3073
1704 : 252 1665 1682 2016 2175 2518 2669 3033
1705 : 1724 1856 2188 2378 2726 3054 3077
1706 : 2106 2113
1707 : 3097 3106
1709 : 298 1517 2829
1712 : 409 972 1341 1409 1470 1671 1681 1824 1923 1937 2035 2483 2629 2947
1713 : 719 1307 1470 1829 2003 2036 2252 2593 2645 2730
1715 : 3191
1717 : 2390
1718 : 531 616 695 1210 1348 1382 1651 1720 1907 2390 2517 2780 3023 3160
1719 : 981 1412 2304 2860 3192
1720 : 2313 3196
1721 : 2033
1722 : 2106
1723 : 146 1397
1724 : 104 144 670 981 1062 1098 1135 1182 1223 1234 1261 1264 1265 1280 1308 1393 1410 1412 1443 1486 1519 1608 1807 1846 1947 1958 2002 2031 2181 2319 2365 2537 2569 2692 2745 2835 2860 2940 2963 2986 3043 3049 3077 3100 3113 3114 3118 3130 3134 3135 3156 3157 3199
1725 : 1171 1255 1293 1620 1645 1846 1929 2311 2450 2579 2667 2807 2936 2950 2981 3024 3049 3060
1726 : 3111
1727 : 1603 1698 1923 2376 2439 3043
1728 : 2289
1729 : 40 1206 1307 1484 2342 2519 2895 3049 3073 3127
1730 : 48 116 728 972 1198 1247 1290 1308 1467 1476 1681 1743 2080 2314 2371 2541 2723 2849 2892 2948 3038 3127 3146 3158
1731 : 144 1680 1745 1951 2083 2220 2321 2890 2948 3111
1734 : 1698 2572
1735 : 1948
1736 : 799 1135 1279 1634 1972 2137 2633 2651 2739 2787 3005 3074 3112
1737 : 2723
1738 : 1972 2643 3112
1739 : 1826
1740 : 40
1741 : 2354 2355 2377
1742 : 1726
1743 : 1199 1402 1630 2062 2186 2263 2317 2543 2567 2628 2807 2947 2962 3131
1744 : 1143 1271 1752 2051 2246 2951 3180
1745 : 1135
1746 : 104 380 1145 1265 1529 1540 1792 2455 2524 2596 2714 2978
1747 : 380 527 694 755 1003 1112 1251 1350 1393 1411 1441 1470 1485 1529 1550 1605 1608 1658 1665 1696 1700 1750 1810 1907 1931 1997 2004 2030 2033 2078 2166 2177 2202 2263 2359 2375 2388 2455 2567 2598 2606 2622 2623 2667 2695 2711 2726 2728 2884 2892 2902 2918 2926 2953 3013 3015 3022 3098 3107 3108 3134
1748 : 1930 2048 2050 2262 2579 2622 2695 2749 2837 2874 2897 2937
1749 : 644 1366 1958 2141 2268 2387 2523 2863 3070 3114
1750 : 850 860 974 1098 1171 1225 1265 1350 1366 1387 1483 1503 1517 1860 1908 1998 2053 2093 2110 2179 2186 2249 2263 2344 2369 2413 2451 2483 2494 2874 2905 2967 2968 2973 2978 3020 3139
1751 : 462 893 1366 1997 2232 2324 2337 2524 2679 2708 2734 2784 2837 2931 2962 2978 3086
1753 : 1161 1164 1179 1206 1626 1647 2534 2684 2826
1754 : 1544 1572 1844 2130 2396 2629 2971 3026
1755 : 78
1757 : 1381
1758 : 971 2320 2522
1759 : 694 2215
1760 : 719 799 1231 1305 1464 1613 1646 1647 1807 1947 1974 2252 2265 2541 2652 3120
1762 : 1179 1234 1237 2053 2320 2820 2923 2939 2944 3189
1763 : 320 1626 2220 2598 2651 2815 2929 3027 3187
1764 : 123 205 321 435 637 678 679 718 719 730 799 990 1083 1135 1162 1173 1183 1215 1223 1247 1314 1460 1465 1542 1551 1613 1629 1646 1647 1676 1706 1739 1788 2054 2061 2194 2433 2534 2537 2667 2786 2815 2835 2897 3024 3080 3189
1765 : 205 254 637 695 1135 1785 1807 2064 2111 2423 2439 2534 2685 2897
1766 : 2645
1767 : 321 1122 1134 1459 1613 1647 2194 2652 2923
1768 : 1695 1874 2109 2200 3014 3026
1769 : 3099
1770 : 2030 2285 2572 2957
1771 : 2200
1772 : 2343
1773 : 1180 1271 1290 1344 1496 1530 1588 1626 1632 1641 1650 1765 1782 1916 2030 2054 2169 2189 2356 2471 2581 2683 2684 2702 2741 2787 2812 2848 2865 2905 2939 3018 3027 3049 3071 3079 3115 3177 3184
1774 : 585 637 962 1900 2233 3060
1775 : 278 441 617 942 1025 1033 1167 1195 1197 1211 1234 1306 1362 1453 1665 2176 2220 2470 3081 3193 3203
1776 : 1684 2081 2709
1777 : 2499 2534
1778 : 1824
1779 : 1295 1506 1550
1780 : 2970
1781 : 321 396 409 679 1028 1043 1135 1172 1349 1359 1381 1383 1412 1415 1454 1456 1462 1524 1525 1536 1571 1588 1614 1679 1769 1806 1860 1988 1998 2020 2198 2263 2314 2343 2366 2544 2598 2687 2692 2723 2742 2771 2815 2826 2979 3010 3020 3027 3077 3087 3121 3150
1782 : 1003 1350 3039
1783 : 1035 1309 2002 2127 2195 2313 2379 2401 2702 2765 2828 2837 2882 2927 2931 2932 2936 2938 2997 3010 3032 3037 3045 3055 3057 3086 3096 3140 3150 3157 3163
1784 : 1365 1390 1394 1423 1454 1612 1726 1738 2253 2378 2594 3163 3176 3202 3203
1785 : 2686 2896
1786 : 1636
1787 : 670 1711
1788 : 1711
1789 : 678 1470 1485 1516 1695 1911 1988 2052 2175 2367 2396 2499 2770 2870 2951 3130 3154
1790 : 322 758 972 974 1002 1066 1344 1470 1485 1695 1750 2145 2325 2490 2732 2772 2820 2826 3049 3087 3101 3105 3116 3156
1792 : 964 1032 1641 1843 2925 3097
1793 : 1307 2113 2341 2580 2716
1794 : 675 1674 2470 2669 2770 2826
1795 : 1425 1470 1677 2148 2383 2609 3073
1796 : 2383 2834
1797 : 2060 2378 2802
1798 : 1856 2167
1800 : 1856
1801 : 1856
1802 : 2247
1803 : 1856 2925
1804 : 1160 1258 1572 1829 1885 2380 2420 2500 2501 2739
1805 : 2141
1806 : 1516 2801 2846 3113
1807 : 2141 2623 3176
1808 : 1516 2141 2819
1809 : 1516
1811 : 1108
1812 : 497
1813 : 1261
1814 : 849 1738 1936 2380 2518 2687 3174
1815 : 2616 2931
1816 : 1083 2931
1817 : 824 1029 1072 1145 1154 1199 1255 1381 1411 1441 1474 1498 1536 1550 1572 1644 1650 1679 1727 1805 1807 1844 1933 1934 1946 2004 2076 2129 2135 2169 2170 2232 2251 2263 2265 2275 2289 2340 2354 2355 2366 2400 2457 2567 2616 2695 2707 2828 2829 2842 2847 2851 2862 2874 2884 2895 2914 2918 2922 2931 2981 2986 2996 3039 3075 3085 3165 3166
1818 : 497 895 1206 1309 1366 1404 1506 1589 1595 1602 1619 1650 1659 1686 1706 1709 1751 1766 1811 1836 2033 2188 2226 2274 2289 2325 2454 2457 2544 2628 2695 2749 2780 2799 2874 2922 2927 3046 3070 3086 3131 3138 3147 3166
1819 : 615 1401 1601 1744 1846 1886 2018 2186 2400 2402 2547 2703 2988 3015 3114 3147
1820 : 942 950 1255 1365 1404 1471 1698 1709 2365 2377 2711 2932 2986 2993 3125 3131 3147
1821 : 222 824 1135 1206 1323 1525 1536 1619 1741 1807 1909 2366 2402 2547 2680 2986 3036 3050 3069 3088
1822 : 241 492 950 1308 1595 1644 1784 1886 1905 1962 2144 2195 2216 2354 2402 2605 2697 2829 2859 2914 2928 2986 3085 3190
1823 : 40 48 58 71 92 93 104 106 144 173 185 202 236 242 251 276 278 282 303 320 322 417 464 495 531 558 585 595 617 644 671 678 695 698 728 758 796 825 828 829 851 854 858 860 865 940 962 963 964 971 1001 1002 1003 1010 1014 1026 1030 1051 1066 1071 1073 1088 1098 1099 1108 1116 1144 1145 1155 1159 1169 1172 1179 1184 1188 1195 1196 1197 1200 1214 1235 1247 1252 1257 1260 1261 1270 1272 1281 1306 1309 1315 1323 1325 1326 1327 1329 1334 1341 1347 1354 1365 1366 1368 1383 1385 1388 1394 1409 1412 1427 1428 1429 1433 1435 1445 1453 1454 1471 1473 1487 1496 1503 1506 1516 1517 1518 1525 1526 1542 1543 1550 1551 1553 1554 1566 1590 1591 1592 1595 1602 1605 1610 1615 1627 1631 1641 1642 1652 1654 1659 1664 1671 1677 1678 1680 1682 1686 1691 1697 1698 1700 1703 1726 1735 1741 1742 1745 1747 1751 1754 1764 1771 1805 1808 1809 1829 1834 1843 1844 1845 1846 1868 1889 1890 1891 1892 1901 1905 1906 1908 1912 1916 1926 1929 1936 1939 1946 1951 1962 1976 1978 1997 2003 2004 2016 2054 2062 2078 2091 2095 2096 2105 2106 2130 2144 2147 2151 2152 2153 2180 2181 2186 2187 2188 2194 2196 2197 2201 2211 2215 2220 2232 2233 2245 2249 2261 2262 2268 2273 2277 2285 2286 2287 2297 2300 2303 2304 2306 2308 2309 2310 2317 2318 2319 2322 2326 2339 2343 2357 2367 2368 2371 2377 2378 2383 2389 2390 2396 2402 2406 2423 2447 2453 2479 2481 2485 2486 2494 2496 2501 2516 2519 2522 2527 2535 2536 2538 2555 2560 2569 2580 2592 2593 2598 2620 2621 2622 2624 2625 2631 2634 2643 2645 2646 2667 2674 2687 2718 2727 2739 2742 2751 2753 2776 2785 2812 2820 2823 2849 2852 2856 2869 2870 2871 2878 2881 2893 2894 2899 2918 2919 2924 2947 2948 2949 2962 2966 2967 2969 2977 2984 2985 2988 2996 3003 3012 3022 3024 3026 3028 3032 3036 3038 3049 3050 3052 3068 3070 3072 3078 3088 3091 3097 3107 3116 3117 3129 3130 3136 3140 3150 3153 3154 3160 3173 3176 3182 3192 3193 3195 3200 3202 3204
1824 : 670
1825 : 2145
1826 : 675 1621 1681 2339 2572 2739 3012 3142
1827 : 46 68 103 251 252 254 462 670 719 950 1002 1154 1272 1331 1366 1381 1462 1515 1528 1530 1543 1676 1691 1711 1750 1765 1767 1769 1808 1844 1854 1862 1929 2147 2163 2194 2302 2304 2307 2308 2312 2321 2367 2402 2557 2685 2948 3024 3110 3197
1828 : 1108 1216 2267 2873
1829 : 69 103 111 300 585 755 759 1010 1014 1031 1109 1170 1186 1224 1262 1349 1363 1381 1411 1417 1438 1469 1471 1525 1544 1571 1604 1747 1784 1810 1811 1844 1852 1862 1873 1889 1915 1946 1997 2020 2060 2081 2125 2130 2147 2169 2197 2311 2355 2398 2454 2605 2610 2615 2656 2680 2741 2769 2780 2808 2810 2840 2849 2883 2947 2951 3011 3025 3035 3067 3077 3086 3138 3148 3158
1831 : 2095
1832 : 644 2897
1833 : 2341
1834 : 1007 2113 3064
1835 : 1915
1836 : 949 1409 2017 2065
1837 : 71 2406
1838 : 3198
1839 : 2886
1840 : 2181
1841 : 1048 2931
1842 : 1003 2377
1843 : 173 329 409 527 644 1051 1066 1194 1200 1306 1409 1423 1455 1462 1482 1627 1845 1854 1959 2046 2220 2232 2341 2482 2491 2541 2582 2597 2717 2741 2851 2864 2977 2989 2990 3043 3067 3081 3082 3087
1844 : 63 982
1845 : 3111
1846 : 693 796 854 855 1051 1290 1362 1380 1381 1385 1476 1491 1505 1588 1611 1745 1753 1959 2114 2184 2264 2313 2316 2320 2378 2396 2794 2817 2842 2843 2867 2906 2971 3011 3028 3073 3143 3150
1847 : 671 1445 1456 2305 2795 2851 2898 2931 2979 3049 3173
1848 : 2931
1849 : 2957
1850 : 1844 2266 2483 3120
1851 : 1384 1747 2020 2186 2406
1852 : 78 276 435 616 724 940 942 1001 1307 1324 1325 1362 1487 1515 1602 1612 1623 1658 2017 2297 2367 2800 2876 3076 3198
1853 : 116 595 670 691 1087 1147 1280 1382 1463 1551 1720 1824 2204 2470 2665 2809 2823 2881 2956 2957 2979 3100
1854 : 962 1528 2181 3006 3142
1855 : 185 1380 2470 2870 3184
1856 : 1836 2921
1857 : 1415 1634 2708 3166
1858 : 1170 1324 1474 1810 2092 2127 2176 2245 2283 2535 2749 3163
1859 : 596 675 1173 1267 1470 1485 1487 2301 2569
1860 : 1098
1861 : 694 1366 1456 2232 2433 2572
1862 : 1155 1170 1699 1861 2096 2163 2204 2227 2263 2302 2593 2916 2918 2929 3020
1864 : 1946
1865 : 1272
1867 : 1012 2082
1868 : 2938
1869 : 46 1854 2320 2379 2541 2898 2912 3043 3048 3128
1870 : 185 1805 2376
1871 : 1272 2181
1872 : 146 619 1264 1764
1873 : 892 1347 1497 1665 2186 2200 2554 2619 2817 2845 2856 2876 2886 2996 3034 3085 3113
1874 : 205 940 1235 1358 1379 1564 1604 1706 1845 2648 2777 2850 2943 2946 3044 3145
1875 : 2152
1877 : 1111 1171 1197 1327 1390 1458 1488 1564 1707 1792 1810 1825 1862 1877 1888 1911 1959 1977 1989 2054 2140 2174 2273 2277 2340 2359 2436 2453 2492 2535 2561 2598 2624 2681 2683 2700 2721 2772 2800 2838 2851 2890 2915 2981 2986 3034 3077 3088 3095 3099 3166 3200
1878 : 2893 3027
1880 : 1108 1699 1765 1792 1908 2147 2339 2620 2682 2776 2936 3022
1881 : 1034 1415 1792 2871
1882 : 1003
1883 : 146 1397 3179
1884 : 1143
1885 : 2945 3158
1886 : 1808
1887 : 1325 1535 1572 1750 1956 2168 2297 2343 2593 2840 2928 3026 3088
1888 : 1519 1844 2168 2175 2188 3048 3147 3173
1889 : 2188 3050
1890 : 3050
1891 : 1348
1892 : 497 2556
1893 : 2945 3128
1894 : 284
1895 : 2436
1896 : 2890 3084
1897 : 3010
1898 : 1788 1906 2052 3018 3142
1899 : 2500
1900 : 1013 1906 1959 3018 3076 3183
1902 : 2739
1903 : 2557
1904 : 2718
1905 : 1162 2985
1906 : 1676
1907 : 2717
1908 : 2971
1912 : 1146
1913 : 1420 1674 1691 1874
1914 : 1638 2881
1915 : 2928
1916 : 2167
1917 : 1200 2803
1918 : 284 396 861 1044 1161 1267 1290 1544 1602 2033 2283 2494 2501 2559 2765 2795 2820
1919 : 2321
1920 : 1108 1844 1891 1925 2052 2490 2499 2501 2516 2568 2610 2904 2948 3118 3156
1921 : 2948
1922 : 284 537 1012 1404 1612 1622 1641 2061 2125 2341 2953 3018
1923 : 698 1748 2145 2803 2888
1930 : 1862
1931 : 1051 1677 1930 2288 2728 2925 2987 2998
1933 : 1390 1878 2804
1934 : 605 3015 3018
1935 : 1433 2033
1936 : 241
1937 : 320 615 1143 1226 1674 1885 2166 2538 2584 2595 2890
1938 : 322 440 1046 1051 1088 1110 1423 1587 2556 2631 2692 2697 3181 3192
1939 : 1165 1725 2049 2139 2273 2543 2584 2707 2911 2970 3078 3164
1940 : 1098 1274 1314 1724 1784 1853 2020 2111 2175 2181 2321 2644 2726 2776
1941 : 1108 1159 1290 1503 1621 1664 1717 1946 1978 2175 2188 2358 2454 2835 3023
1943 : 278 281 321 322 497 695 849 854 1071 1098 1117 1230 1233 1497 1548 1587 1595 1605 1713 1783 1874 1911 1915 1945 1997 2033 2054 2065 2093 2129 2144 2166 2181 2198 2202 2204 2286 2300 2470 2534 2598 2623 2702 2751 2767 2805 3038 3042 3054 3119 3135
1944 : 254 1468 1727 2750 2765 2799 2921
1945 : 319 867 1454 1936 2451 2643 2750 2816 2860 3110 3129
1946 : 950 1518 2232 2516 3005
1947 : 1194 1397 1764 2275 2298
1948 : 2046 2424 2620 2817 3040
1949 : 1362 1540 2958 3015
1950 : 2002 2376 2494 2514 2682 2947 2967 3088 3153 3154
1951 : 248 464 533 759 824 825 971 1012 1047 1108 1160 1180 1308 1379 1386 1421 1518 1542 1603 1641 1683 1925 2078 2112 2178 2189 2247 2254 2570 2645 2698 2737 2746 2812 2819 2873 2928 2929 2948 3015 3064 3118
1952 : 972 1409 1519 1534 1589 1698 1741 2036 3204
1953 : 972 1506 1698
1955 : 2860
1956 : 2324
1957 : 405 1099 1223 1391 1594 1644 1727 2093 2265 2567 2620 2697 2712 2799 2880 2885 2973 3046 3052 3163
1958 : 1766 2697 2808
1959 : 3135
1960 : 1225 1350 1415
1961 : 1989
1962 : 1491 2003 2318 3092
1963 : 942
1964 : 1001 1030 1788 2864
1965 : 1393
1966 : 1939 2275 2821 2895 2929 2938 2949 2993
1967 : 1884
1968 : 867 1609 3040
1969 : 185 497 1171 1260 1349 1622 1829 1862 1869 1875 2052 2125 2538 2557 2619 2687 2753 3039 3105 3113 3164
1970 : 71 944 1469 1695 1707 1825 1870 1957 2002 2031 2076 2167 2179 2210 2231 2518 2630 2920 2979 2990 3087
1971 : 71 205 675 964 1002 1288 1409 1483 1652 1700 1825 2002 2091 2106 2197 2210 2231 2264 2265 2423 2424 2471 2652 2682 2733 2905 2923 2925 3018 3078
1972 : 637 1116 1188 1354 1431 1568 1693 1723 1825 1936 2076 2189 2227 2264 2482 2484 2515 2651 2682 2746 2836 2925 2958 3048 3103 3138
1973 : 58 185 799 1003 1314 1496 1535 1671 1696 1740 1745 1788 1827 1854 1933 2060 2179 2197 2210 2310 2324 2339 2424 2484 2523 2541 2572 2867 2870 2925 2939 3000 3030 3099 3120 3124 3151 3177
1974 : 824 2740
1975 : 1491
1976 : 1158 1504 1787 2061 2252 2264 2546 2732 2940 2971 3151
1979 : 1738 3092
1980 : 3092
1981 : 3181
1982 : 3142 3182
1983 : 2276 3095
1984 : 671
1985 : 1433
1986 : 58
1987 : 2187 3142
1988 : 95 1029 1315 1626 1677 1725 1930 2030 2033 2095 2202 2582 2643 2728 2730 3110
1989 : 1412 1564 1659 1771 1929 2083 2232 2547 2887 3091
1990 : 1315
1991 : 96 1033 1113 1295 1309 1331 1394 1454 1475 1541 1614 1637 1641 1665 1709 1766 1807 2064 2216 2263 2287 2737 2770 2928 2937 2996 3049 3074 3114 3135
1992 : 95 146 464 731 1362 1389 1454 1602 1659 1693 1771 1856 1927 1936 2289 2305 2343 2471 2581 2651 2777 2958 3041 3071
1994 : 1471
1995 : 1654 1852 2358 3024 3028
1996 : 1788
1997 : 2849
1998 : 1272
1999 : 409 1384 1542 1747 1856 2050 2064 2343 2396 2501 2765 2931 2998
2000 : 2297 3075
2001 : 329 721 1712 2396 2534 2996 3049 3118 3160
2002 : 1182 1359 1544 1548 1553 1682 1708 1874 2017 2030 2060 2184 2603 2651 2754 2832 2947 3028 3076 3081 3087 3153
2003 : 1182 1456 1614 2184 2897
2006 : 1247 2734 2766 2911 3106 3112
2009 : 2727
2010 : 3182
2011 : 252 1003 1719 2307
2012 : 2842
2013 : 2187 2402 2618
2014 : 759 1117 1341 1637 1645 1769 2154 2606
2015 : 2534
2016 : 1381 1594 1595 1771 2147 3130
2017 : 1664 2366
2018 : 284 825 861 1216 1366 1456 1489 1929 2091 2135 2261 2276 2307 2324 2325 2424 2488 2581 2609 2666 2931
2019 : 1363 1587 1741 1805 2035 3014 3112
2020 : 699 1568 1871 1925 2125 2287 2547 2633 2656 2883 2925 3000
2023 : 2883
2024 : 2263
2025 : 1711
2026 : 2809
2028 : 1172
2030 : 677
2031 : 2692 2907 2923 3010 3035
2032 : 2470 3041
2033 : 40 1854 2309 2327
2034 : 1460 2317 3160
2035 : 2138 2810
2036 : 1194 1528 1997 2390 3160
2037 : 2201 2324 3025
2038 : 59 104 251 617 679 691 696 971 972 1033 1034 1108 1113 1135 1199 1213 1290 1304 1308 1331 1348 1362 1385 1409 1432 1463 1476 1542 1552 1589 1591 1603 1621 1652 1671 1680 1747 1805 1844 1858 1906 1916 1929 1947 1962 1974 2000 2003 2059 2060 2080 2083 2202 2254 2287 2307 2314 2320 2344 2366 2370 2433 2438 2439 2499 2514 2571 2626 2651 2668 2701 2709 2821 2826 2851 2876 2877 2878 2888 2893 2901 2922 2923 2928 2939 2940 2985 3011 3014 3034 3035 3048 3050 3072 3081 3101 3105 3120 3128 3131 3153 3154 3183
2039 : 2344
2040 : 224 964 1308 1359 1735 1792 1962 2036 2245 2483 2519 2849 2961 3043 3105
2041 : 3141
2042 : 272 2485 2522 2753 2826 2841 3128 3138
2043 : 1409 1680 2176 2499 2869
2045 : 761 1502 1570 1869 3192
2046 : 3076
2047 : 202 1234 1470 1485 1665 1824 2452 2700 2832 3047
2048 : 224 1390 1536 1685 1706 2905
2049 : 2517 2911
2050 : 615 696 759 1012 1044 1083 1110 1135 1234 1237 1308 1423 1469 1534 1550 1568 1684 1709 1748 1846 1874 1879 1956 1976 2002 2033 2094 2153 2176 2198 2201 2202 2247 2354 2359 2365 2526 2674 2687 2733 2801 2897 2939 2943 3014 3031 3038 3053 3077 3134
2051 : 675 1003 1566 1709 2193
2052 : 322 1233 1454 1465 1469 1548 2517 2786
2053 : 1346
2054 : 20 111 380 1111 1159 1212 1260 1692 1722 1806 2229 2266 2544
2055 : 1109 1401
2056 : 1645
2057 : 20 536 2697 3015
2058 : 1197
2059 : 1324 1487 1553
2060 : 1523 2097 2201 2604 2873 2947
2061 : 2036
2063 : 1281
2064 : 1553
2065 : 40 615 850 1097 1161 1164 1172 1237 1412 1430 1564 1684 1783 1929 2053 2211 2301 2339 2421 2453 2674 2744 2956 3033 3102
2066 : 1213 1783 2616
2067 : 1172 1308 2211 2276 2339 2619 2969
2068 : 961 1315 1783 1845 2456 2921 3165
2069 : 1590
2071 : 850 1354 1430 1726 1928 2053 2220 2301 2410 2523 2598 2616 2856 3113 3198
2072 : 1160 1305 2453 2527
2073 : 1915 2019 2498 2692 2737 2753 2997 3151
2074 : 1977
2075 : 2717
2076 : 68
2077 : 2233
2084 : 1811 2080 2740
2085 : 3039
2088 : 1345 1543 1616 1664 2438 2829 2922 3071 3165
2089 : 1695 2315 3181
2090 : 824 1664 1741 2211 2827
2091 : 2716 3147
2092 : 1911 2922
2094 : 1044 1066 2138
2095 : 2665
2096 : 1856 2900 2954
2097 : 1589 2766 2855 2929
2098 : 1989 2665 2766 2833 3106
2099 : 1001 1711 2822
2100 : 1001
2101 : 1711
2102 : 1001 1711
2107 : 272 276 619 695 796 1035 1173 1179 1225 1260 1392 1433 1456 1506 1525 1587 1626 1641 1647 1708 1738 1750 1930 1956 2033 2113 2211 2421 2423 2516 2669 2764 3046 3098 3130 3201
2111 : 2692
2112 : 1362
2113 : 2314
2116 : 1235
2117 : 1003 1010 1112 1121 1307 1621 1738 1886 2050 2233 2265 2402 2561 2592 2605 2683 2802 2888 2896 3016 3142 3154
2118 : 2887
2119 : 1003 1868 2144 2542 2698
2120 : 48 243 1350
2121 : 243 1272 1292 1411 1497 1590 2111 2455 2650 2871 2887 2948 3187
2122 : 1497 1900 2154
2123 : 2340
2124 : 1527 1590 1856 1868 2527 3047 3080 3081
2125 : 1749 2227 2265 2342 2594 2657 2700 2836 2851 2865 2869 2871 2946 2949 2958 2972 2981 3014 3031 3079 3104 3128 3170
2127 : 2711
2128 : 533 2485
2129 : 1956
2130 : 1411 2911
2132 : 2494
2133 : 824 1768 2015 2523 2619
2134 : 527 1323 1491 2051 2455 2684
2135 : 2051
2136 : 319 464 497 678 717 1051 1169 1390 1458 1491 1514 1645 1787 2036 2125 2233 2265 2421 2456 2523 2524 2695 2721 2751 2807 2864 2873 2878 2940 3014 3021 3094 3149 3163 3173
2137 : 2127
2138 : 1169 1665 1856 2052 2189 2423 2494 2955 3114 3115
2141 : 1182
2142 : 533
2146 : 1948
2147 : 2354 2355
2148 : 96 558 718 1071 1088 1113 1489 1610 1719 1745 1901 1908 1936 2015 2062 2097 2140 2153 2188 2219 2344 2354 2355 2357 2424 2453 2493 2596 2604 2631 2633 2634 2652 2674 2688 2712 2738 2750 2816 2821 2839 2846 2847 2860 2882 2889 2925 2967 2978 2984 3020 3041 3050 3053 3067 3092 3113 3125 3136 3137
2149 : 1619 2542 2847 2970
2150 : 1366 1741 1745 1908 2062 2308 2452 2620 2750 2780 2816 2846 2923 2978 3053 3067 3070 3137 3180
2156 : 103 497 675 942 1099 1486 1497 1506 1591 1623 1700 1877 2002 2033 2036 2113 2155 2217 2233 2341 2433 2483 2633 2722 2835 2949 3039 3056 3080
2160 : 1665 2051 2219 2579 2698 2833
2161 : 2884
2162 : 254 3056
2163 : 2413 2881
2165 : 3174
2168 : 3056
2170 : 2977
2171 : 2401 3056 3112
2173 : 106 531 2579 2833 2944 3056 3064
2174 : 2893
2175 : 1412 2402 2849 3077 3096 3148
2176 : 3077
2179 : 1327 1529 1550 1591 1609 1659 1678 1720 1927 2153 2180 2181 2264 2345 2367 2407 2479 2480 2820 2843 2852
2180 : 1384 1540 1609 1659 1678 1771 1945 2147 2163 2345 2367 2407 2480 2538 2584 2852 2899 3003
2183 : 1404 2249 3145
2184 : 1046 1290 1404 2179 2523 2706 3188
2185 : 2050 2739
2186 : 1362 2715
2187 : 1350 2189 2194 2643 3018 3025
2188 : 1135 1185 2308 3023
2196 : 2483 2571 2620 2682
2205 : 1847
2207 : 367 1195 1454 1939 2541 2594 2753 2812 3091 3150
2208 : 1062 1154 1308 1315 1700 1723 1769 1962 2137 2203 2217 2390 2924
2209 : 1439 1518 1723 1856 3164
2210 : 396 1475 1745 1891 2802 2856 3077
2211 : 598 1327 1570 2080 2315 2594 2632
2212 : 2106 2204
2213 : 3180 3191
2214 : 3076
2216 : 3182
2217 : 3160
2218 : 671 675 854 1326 1350 1353 1629 1719 1747 1826 1938 2003 2035 2247 2268 2300 2375 2523 2765 2800 2871 2957 2968 3129
2219 : 1182 1398 1524 2174 2207 2858 2863 2950
2221 : 1226 1746 1781 1806 2320 2542 2582 2656 2741 3097
2222 : 282 1428 2310 2922
2224 : 1605 1845
2225 : 321
2227 : 397 1412 2181
2228 : 2978
2229 : 1643
2230 : 1844
2231 : 1906
2238 : 2433 2865
2240 : 2233
2241 : 1808 3111 3177
2242 : 2233
2245 : 2402
2246 : 2402
2252 : 2447
2255 : 1888 2076 2487 2488 2656
2256 : 1633
2257 : 2076
2258 : 2480
2259 : 2064
2260 : 2081 3084
2264 : 2483
2266 : 585
2267 : 441 462 694 1034 1071 1159 1341 1366 1381 1411 1697 1811 1877 2002 2036 2078 2127 2194 2198 2265 2307 2319 2324 2390 2542 2572 2626 2704 2739 2767 2828 2834 2874 2890 2892 2915 3030 3160 3179 3181
2268 : 322 695 1153 1413 1674 1939 2254 2324 2423 2449 2500 2526 2556 2722 2951 3011 3127 3179
2269 : 1445 2163 2181
2270 : 2181 2899
2271 : 1381 1659 1889 1927 2180 2187 2345 2407 2479 3130
2274 : 2093
2275 : 94 867 1206 1439 1890 2275 2400 2656 2737 2827 2977 3052
2278 : 1002 2140 2195 2656 2924 2987 3067
2279 : 1543 1664
2280 : 2534
2281 : 492 1273 1722 2137
2282 : 531 1412 2821
2283 : 2454
2284 : 1260 1433
2286 : 2177
2287 : 2051
2288 : 3053
2289 : 1700
2291 : 236
2292 : 1847 1933 2202 2344 2497 2665 2721 3092
2293 : 858 974 1847 2925
2294 : 1369 2665 2954
2295 : 48 2077
2296 : 2189 2993
2299 : 1003 1543 1664
2300 : 2233
2301 : 2233
2304 : 1491 2002 2094 3021 3134 3147
2310 : 1088 1589
2319 : 1379
2324 : 2117
2326 : 2494
2330 : 1172
2331 : 40 68 95 106 251 252 272 278 409 414 435 533 595 605 616 617 670 675 696 825 849 851 855 892 944 972 981 1003 1012 1034 1043 1066 1088 1098 1108 1135 1143 1161 1180 1181 1195 1206 1224 1226 1247 1252 1260 1270 1271 1281 1290 1307 1309 1326 1327 1359 1385 1389 1410 1412 1417 1431 1433 1435 1439 1457 1465 1470 1476 1485 1489 1507 1517 1527 1533 1543 1548 1552 1570 1587 1588 1604 1614 1626 1627 1637 1649 1650 1651 1671 1677 1681 1693 1695 1710 1711 1719 1728 1742 1753 1768 1769 1811 1827 1828 1835 1860 1861 1868 1902 1916 1929 1937 1947 1959 1973 1977 2002 2016 2033 2046 2051 2060 2062 2064 2065 2078 2081 2083 2092 2113 2138 2141 2147 2155 2169 2176 2178 2184 2188 2196 2198 2202 2204 2211 2217 2218 2233 2245 2252 2253 2254 2275 2286 2299 2310 2313 2314 2320 2341 2342 2358 2366 2372 2406 2421 2424 2433 2450 2451 2452 2470 2484 2485 2493 2494 2516 2522 2547 2561 2582 2593 2594 2620 2622 2646 2651 2667 2688 2699 2710 2715 2716 2717 2718 2722 2727 2734 2750 2765 2779 2787 2798 2799 2815 2817 2819 2821 2822 2823 2832 2846 2849 2851 2864 2877 2882 2887 2888 2893 2894 2906 2911 2912 2923 2931 2939 2940 2951 2956 2957 2958 2962 2966 2969 2971 2977 2993 2999 3002 3008 3012 3022 3031 3032 3039 3048 3049 3066 3067 3068 3069 3087 3095 3101 3103 3104 3105 3109 3115 3120 3124 3132 3133 3138 3147 3149 3151 3152 3158 3165 3166 3167 3177
2332 : 2718 2812 2816 2817 2876 2882 2957 2959 3017 3087 3164
2333 : 2846 2957
2338 : 3147
2340 : 92 329 3024 3117
2341 : 1290 3160
2342 : 63
2344 : 731 3114
2349 : 785
2355 : 2959
2356 : 2228 2482 2500 2851 2920
2357 : 2228 2500
2359 : 265 435 462 759 1280 1408 1455 1588 1685 1697 2317 2319 2940 3047 3069 3077
2360 : 1324 1612 1696 1846 2450 2567 2625 2632 2704 2799
2361 : 2438
2362 : 1333 1551 1628 1885 1890 1928 2184 2721 2738 2923 3064
2363 : 222 1665 1808 1846 2200 3017 3064
2364 : 2450
2366 : 3076
2367 : 3145
2368 : 1179
2369 : 396 728 1028 1029 1043 1098 1099 1247 1257 1264 1464 1550 1738 1792 1824 2111 2616 2850 3023 3204
2371 : 3117
2372 : 1143
2374 : 2536
2375 : 2572 3141
2376 : 1491 2265
2377 : 1527
2378 : 2343 2840
2379 : 1180 2886
2380 : 1711 1988 2580 2726
2381 : 40 848 1153 1259 1430 1634 2605 2801
2382 : 3021
2383 : 92 282 435 1172 1199 1237 1327 1354 1488 1489 1548 1564 1684 1826 2053 2164 2195 2220 2263 2273 2298 2308 2372 2424 2453 2492 2517 2518 2598 2616 2726 2848 2856 2878 2890 2931 2979 3011 3033 3034 3086 3113 3117
2384 : 1199 1325 2096 2204 2424 2680 2893 2957 3011 3181
2385 : 1160 1264 1348 1651
2386 : 1464
2387 : 644 1188 1359 2406 2594 2684
2388 : 1072 1359 1624 2060 2083 3077
2389 : 2406
2392 : 1536 1705 1706
2393 : 1084
2394 : 1516
2395 : 2233
2397 : 719 3005
2399 : 1425 2741 3016
2400 : 1705
2401 : 1951
2402 : 3101
2403 : 1029 1415 1487 1529 1744 2204 2247 2697 3016 3138 3153
2404 : 2247
2406 : 278
2407 : 755 1811 1884 1997 2167 2623 2720 2991
2408 : 1879 2140 2455 2991
2409 : 1825 2652 2680 2911 2916
2410 : 2175 2377 2720 2846
2411 : 3021
2412 : 950 1844 2359 2593 2919
2415 : 2795
2416 : 1155
2417 : 1155 2092 2865 2979
2418 : 2274 2764
2419 : 2233
2420 : 1923
2421 : 1465
2422 : 2471
2426 : 2913 3077
2427 : 252 796
2428 : 2922
2429 : 1135 2704
2431 : 2470
2432 : 483 1108 1206 1262 1348 1358 1379 1456 1489 1634 1671 1747 1861 1988 2032 2082 2379 2684 2828 3082 3124 3135
2433 : 409 483 527 867 1026 1265 1295 1379 1390 1403 1410 1425 1439 1460 1471 1488 1491 1590 1614 1653 1654 1665 1683 1684 1693 1705 1751 1753 1901 1936 1938 1956 1957 2015 2059 2065 2078 2114 2152 2178 2192 2209 2210 2214 2228 2248 2254 2264 2320 2323 2326 2369 2379 2456 2492 2632 2722 2802 2907 2920 2950 2957 2971 3128 3132 3149 3157
2435 : 644 856 2367 2379 2704 2739 2817 2829 2865 3094
2436 : 254 892 1072 1491 1612 1685 2052 2484 2656 2866 2906 2941 3124 3181 3184
2437 : 1238 2048 2164 2276 3097
2438 : 1143
2439 : 2186
2440 : 527 972 1002 1025 1180 1383 1421 1467 1614 1807 1861 1885 2061 2083 2138 2178 2232 2298 2301 2406 2456 2483 2568 2684 2717 2741 2810 2812 2828 2829 2842 2864 2873 2886 2931 2940 2950 3068 3101 3166
2441 : 1456 1861 3124
2442 : 890 1180 1455 1671 1861 2254 2264 2373 2877 2931 2980
2443 : 1605
2444 : 2266
2445 : 2913
2446 : 1976
2447 : 1713
2448 : 2047 3053
2450 : 48 92 111 894 1015 1111 1182 1258 1262 1549 1591 1613 1632 1638 1650 1720 1742 1771 1892 2019 2030 2050 2147 2164 2185 2273 2320 2358 2534 2819 2823 2859 2896 2911 2929 3130
2451 : 585 1067 2962 3059 3139 3153
2453 : 1409 2150 2218 2344
2454 : 695
2455 : 2535
2456 : 236
2457 : 1257 2889
2458 : 1906
2460 : 2035 2561
2461 : 2059 2722 2832 3065 3096 3163
2462 : 2559 3009
2464 : 719 3108
2465 : 2947
2466 : 2167 2302
2467 : 822
2468 : 2197
2469 : 2665
2470 : 3032 3035
2476 : 1382 1526 1735 1810 2016 2262 2277 2297 2572 2668 3067 3072 3129
2477 : 3135
2478 : 1066 1751 1892 2682 3050 3090 3092
2479 : 1726
2481 : 440
2482 : 1145 1491 1673 1743 1811 1901 2020 2093 2105 2324 2396 2795 2851 2863 3020 3078 3080
2483 : 92 1572 1664 2015 2096 2217 2232 2297 2376 2470 2754 2842 2876 2882 2928 2931 3070
2484 : 2033 2194 2402 2534 2665 2679 2721 2753 3187
2485 : 1570 2711
2486 : 1543 2469 2894
2487 : 1308 2480
2489 : 2629
2496 : 2864
2497 : 1497
2498 : 2177 2555
2500 : 2721
2501 : 533 1255 1890 2498 2682 2711 2720 2887 3015
2503 : 3021
2504 : 1046
2505 : 300 3011 3195
2506 : 1912 2962 3160
2507 : 1135
2508 : 1602 2805
2509 : 1608 1642 1878 2176 2499 2833 2883 2945 3110
2510 : 2030 2169 2931 2940 2950
2511 : 1676 2373 2969
2512 : 1170 2560 2780
2513 : 1280 1388 1439 1745 1844 2160 2247 2359 2372 2499 2522
2514 : 731 1519 1641 1726 2248 2800 2996 3183
2515 : 282 981 1482 1553 1847 1946 2054 2177 2409 2622 2702 2734 2751 2911 2929 2951
2516 : 2821
2517 : 2483
2518 : 2376
2519 : 2233
2521 : 3182
2522 : 1454
2524 : 1170 2106 2598 2692 2914
2525 : 2295 2805
2528 : 319 1029 1350 2165 2514 2732 2836 2886 2911 3121 3152 3170
2529 : 1875 2030 2808 2911
2530 : 1028 1216 1347 1536 1859
2531 : 1028 1029 1278 1536 1875 2078 2129 2609 3202
2532 : 284 1543 1664 2189 2254 2275 2584 2595 2624 2683 2718 3031 3089
2533 : 63 281 284 319 497 963 1143 1235 1261 1359 1398 1402 1507 1514 1652 1683 1693 1705 1725 1976 1997 2032 2174 2177 2200 2208 2216 2263 2264 2373 2387 2516 2524 2621 2627 2649 2681 2765 2770 2800 2805 2859 2870 2892 2903 2914 3002 3082 3083 3088 3094
2534 : 1651 1957 2923
2535 : 1415 1536 2112 2263 2546 2687 2719 3033
2539 : 1878
2540 : 3041
2541 : 677 861 1643 3157
2542 : 3094
2543 : 106 321 464 942 1164 1194 1200 1294 1308 1348 1457 1474 1602 1678 1728 1951 1962 2064 2112 2163 2167 2186 2367 2406 2542 2692 2753 2919 2921 2951 2959 3030 3049 3197
2544 : 46 48 185 224 272 284 405 464 527 558 637 661 671 679 691 698 699 717 850 856 892 893 981 1010 1013 1025 1045 1062 1067 1088 1108 1110 1112 1113 1117 1144 1147 1172 1184 1185 1194 1211 1224 1225 1226 1231 1235 1252 1265 1279 1281 1293 1294 1295 1323 1324 1326 1350 1358 1369 1387 1388 1390 1393 1415 1421 1426 1453 1454 1469 1476 1491 1502 1516 1519 1528 1534 1542 1543 1565 1569 1572 1587 1593 1594 1602 1608 1619 1620 1621 1622 1626 1629 1631 1632 1641 1657 1664 1665 1671 1679 1693 1710 1721 1725 1735 1739 1749 1753 1765 1774 1787 1788 1825 1836 1844 1845 1846 1855 1870 1892 1907 1908 1912 1928 1929 1935 1938 1948 1977 2002 2016 2051 2052 2061 2064 2078 2081 2083 2092 2112 2113 2137 2139 2142 2155 2168 2180 2195 2227 2229 2253 2254 2264 2266 2268 2274 2297 2303 2304 2305 2307 2311 2314 2354 2370 2371 2380 2389 2395 2421 2470 2483 2485 2494 2500 2554 2556 2561 2580 2593 2626 2633 2648 2674 2687 2692 2716 2718 2727 2786 2787 2815 2819 2856 2863 2877 2897 2901 2903 2907 2927 2930 2944 2957 2970 2972 2987 2996 3018 3025 3031 3032 3034 3045 3048 3074 3087 3094 3107 3109 3111 3114 3120 3151 3171 3200
2545 : 48 106 202 242 252 265 531 558 675 726 728 851 856 1046 1051 1099 1199 1210 1226 1307 1323 1368 1421 1470 1476 1518 2049 2080 2165 2196 2253 2369 2377 2380 2390 2423 2439 2501 2527 2541 2579 2581 2597 2623 2632 2643 2652 2699 2708 2717 2719 2737 2740 2746 2753 2764 2785 2786 2787 2812 2829 2833 2843 2847 2850 2867 2869 2886 2898 2930 2946 2948 2961 2970 2994 3013 3020 3023 3024 3028 3060 3066 3070 3094 3101 3134 3137 3139 3148 3172 3174
2546 : 281 644 695 1121 1172 1261 1350 1453 1484 1862 1988 2155 2406 2733 2816 2906 2925 2972 3047 3054 3200
2547 : 224 464 527 585 644 728 856 1007 1051 1230 1252 1253 1263 1265 1332 1380 1395 1410 1453 1455 1468 1484 1486 1489 1505 1665 1678 1685 1695 1740 1845 1853 1885 1934 2002 2003 2004 2065 2105 2113 2151 2169 2227 2232 2254 2264 2277 2376 2420 2421 2470 2492 2501 2535 2538 2542 2605 3003 3027 3100 3150 3184 3200
2548 : 69 409 1135 1349 1350 1399 1474 1484 1528 2232 2339 2345 2407 2733 2931 3049 3143 3197
2549 : 409 824 1224 1348 1468 1651 2064 2485 2979 3003
2552 : 46 63 173 251 276 671 796 799 854 1025 1030 1087 1108 1135 1159 1188 1200 1206 1252 1258 1308 1314 1392 1395 1408 1409 1433 1435 1457 1460 1469 1484 1503 1534 1571 1572 1605 1629 1646 1671 1724 1726 1742 1746 1748 1749 1750 1753 1835 1844 1853 1877 1892 1927 1937 1959 1960 1978 2003 2035 2061 2095 2105 2106 2138 2145 2152 2167 2188 2201 2204 2218 2230 2246 2247 2254 2277 2288 2299 2314 2319 2321 2322 2343 2357 2358 2370 2380 2433 2450 2451 2452 2469 2484 2514 2522 2534 2541 2542 2546 2572 2604 2626 2632 2685 2687 2698 2705 2717 2718 2738 2740 2753 2786 2802 2812 2826 2841 2860 2867 2868 2873 2897 2948 2957 2978 3000 3002 3004 3011 3012 3023 3025 3027 3028 3030 3031 3049 3087 3137 3146 3147 3174 3201 3204
2553 : 3002 3060
2554 : 3129
2555 : 2947
2556 : 796 824 856 858 1025 1033 1034 1044 1099 1145 1161 1179 1180 1255 1264 1307 1380 1397 1409 1415 1503 1506 1534 1543 1603 1605 1652 1671 1680 1681 1685 1695 1699 1741 1767 1856 1860 1885 1924 1976 2002 2003 2097 2105 2138 2142 2153 2169 2186 2201 2230 2246 2274 2314 2357 2424 2480 2567 2581 2606 2651 2670 2696 2715 2716 2739 2785 2786 2787 2812 2815 2833 2841 2873 2882 2922 2939 2971 3005 3024 3026 3035 3071 3103 3127 3203
2557 : 1188 1226 1747 2003 2167 2479 2546
2558 : 616 1366 2188 2198 2484 3008 3142
2559 : 71 1306 1665 1792 1829 2288 2484 2546 2841 3004 3194
2560 : 726 1014 1632 2319 2753 3048 3142
2561 : 2572
2562 : 92 848 1025 1167 1348 1381 1645 1869 1874 1927 1973 2096 2142 2160 2339 2627 2750 2989 3064 3105
2564 : 106 605 1026 1029 1043 1470 1484 1741 1870 2210 2246 2286 2451 2524 2555 2922 2947 3001 3084 3202
2566 : 2483
2567 : 96
2568 : 619 854 1025 2618 3039
2569 : 2849
2570 : 3177
2571 : 2513 2855
2572 : 3106
2575 : 48 531 1108 1164 1491 1629 1671 1748 1989 2177 2254 2310 2457 2470 2828 3103
2576 : 272 1098 1159 1315 1324 1366 1489 1515 1588 1681 1695 1771 1805 1928 2321 2420 2668 2684 2750 2897 2961 2968 3048 3050 3054 3077 3087 3150
2577 : 321 940 1087 1144 1194 1215 1392 1552 1603 2343 2499
2578 : 1622 1665 2500 2811 3001 3034 3066 3116
2579 : 1248 1868 2542 2754 2815
2580 : 243 1182 2400 2692 2883 2989 3093 3104 3135
2581 : 243 1003 1331 1486 1590 1611 2053 2287 2835 2864 2883 2948 3001 3039 3080 3116
2582 : 2340 2527
2583 : 1928
2584 : 70 893 1887 1910 1931 1946 2806
2585 : 724 1931 2893
2586 : 70 963 1267 1347 1567 1571 1695 1811 2125 2265 2289 2401 2402 2768 3071
2588 : 282 298 497 531 605 867 1159 1281 1426 1441 1592 1630 1765 1877 1925 2051 2186 2249 2451 2496 2516 2537 2547 2622 2648 2649 2681 2682 2703 2765 2835 2838 2840 2899 2921 3022 3086 3094 3116 3147 3149 3153
2589 : 1388 1473 1491 1638 1721 1890 1977 2109 2142 2160 2189 2471 2488 2554 2682 2732 2997 3147
2590 : 2274
2591 : 1012 1114 1347 1535 1590 2113 2139 2185 2266 2695 2751 2794 2877 3154
2592 : 185 536 595 854 963 973 1034 1144 1171 1267 1326 1369 1683 1744 1911 1916 1932 2369 2496 2656 2702 2721 2737 2798 2860 2921 2925 3018 3034 3036 3040 3094 3138 3199
2593 : 1398 2449 2470 2570 2603 2627 2703 3048 3094
2597 : 68 1384 1572 1767 1788 1901 1978 2134 2181 2274 2598 2826 3024 3091 3145 3150
2598 : 58 103 123 282 284 409 414 440 441 558 585 616 619 637 675 693 854 860 867 895 941 961 1003 1008 1032 1045 1046 1088 1099 1111 1163 1164 1170 1186 1195 1197 1200 1216 1225 1238 1257 1294 1309 1359 1394 1398 1404 1408 1417 1438 1439 1455 1467 1488 1491 1495 1496 1506 1515 1564 1568 1601 1620 1665 1681 1697 1722 1744 1767 1771 1829 1835 1844 1846 1887 1891 1935 1936 1977 2004 2015 2035 2053 2064 2097 2127 2135 2140 2141 2145 2153 2185 2202 2215 2217 2231 2319 2357 2380 2420 2469 2497 2514 2522 2561 2579 2670 2674 2685 2696 2698 2721 2728 2808 2821 2829 2842 2868 2896 2924 2925 2950 2957 3032 3035 3039 3040 3059 3067 3068 3092 3136 3139 3200
2599 : 2311
2600 : 320 616 675 1029 1721 1771 1805 1862 2081 2287 2299 2484 2644 2776 2848 3136
2601 : 58 284 435 671 691 1071 1134 1170 1325 1347 1381 1385 1409 1412 1534 1553 1572 1601 1605 1653 1695 1745 1752 1771 1807 1885 1889 1974 2004 2092 2127 2197 2198 2247 2254 2283 2298 2311 2316 2317 2327 2379 2402 2483 2492 2526 2684 2705 2721 2751 2776 2787 2808 2812 2899 2906 2919 2939 2958 2977 2999 3060 3073 3091 3121 3140 3148 3203
2602 : 1324
2603 : 695 1159 1459 1487 1769 2322 2323 2595 2897 2931 2999 3076
2604 : 70 282 2188 2378 2453 2571 2597 2722 2738
2607 : 1411 1638 2799 3166
2609 : 116 284 759 827 949 1014 1527 1603 1651 1700 1939 2421 2720 2750 2860 2994 3129 3158 3194
2610 : 78 92 462 854 1262 1326 1340 1627 1750 1843 1929 2322 2526 2560 2720 2816 3088
2612 : 1403 2305
2613 : 1002 1025 1543 2016 2064 2127 2486 2703
2614 : 440 2200
2615 : 1046
2616 : 322 1066 1366 1858 2186 2233 2803 2871 3039 3153
2621 : 1871
2623 : 2820
2625 : 730 1325 2215 2871 2887
2626 : 202 1160 1179 1325 1646 1684 2106 2534 2537 2708 2753 2820
2627 : 2053
2628 : 1876 2047 2395 2697
2629 : 2697
2630 : 2697
2631 : 1425 1535 2230
2632 : 63 284 726 1424 1425 1615
2633 : 698
2634 : 1484 2534
2637 : 1699 3087
2641 : 854 2342
2642 : 1465 1469
2643 : 2127
2644 : 944 1112 1235 1456 1855 3041
2646 : 2305 2993
2652 : 2202 2526 2819 2911 3055 3144
2653 : 895 1049 1110 1171 1525 1637 1888 2030 2129 2219 2248 2457 2487 2961 3013 3114
2654 : 536 854 1049 1098 1253 1282 1469 1605 1792 2198 2893 3114
2655 : 531 637 655 699 891 942 951 972 974 1035 1051 1067 1084 1169 1170 1184 1206 1236 1259 1350 1365 1426 1457 1459 1462 1483 1549 1565 1609 1650 1676 1879 1902 1976 1999 2002 2003 2020 2048 2052 2054 2061 2062 2126 2127 2140 2141 2160 2167 2168 2176 2177 2203 2233 2254 2265 2302 2471 2484 2570 2604 2622 2626 2674 2685 2720 2721 2751 2810 2870 2878 2886 2906 2943 2990 3002 3015 3016 3044 3057 3067 3076 3088 3090 3112 3127 3142 3153 3194
2656 : 78 95 96 755 950 1048 1110 1147 1196 1274 1280 1334 1388 1401 1402 1441 1473 1543 1602 1721 1766 1888 1978 2091 2164 2207 2248 2268 2323 2487 2567 2606 2646 2800 3200
2657 : 2375 3203
2658 : 1029 1216 1347 1365 1392
2659 : 1503 2523
2660 : 724 1148 2525 2666 2720 3074
2661 : 1035 2801
2662 : 321 595 891 1049 1167 1324 1524 1602 1698 1727 1738 2001 2188 2683 2684 2692 2896 2897 2990 3065 3099 3140 3142 3157 3166
2663 : 440 1387 1434 1788 1809 2094 2165 2316 2542 2625 2742 3078 3120
2664 : 637 1214 1379 1454 1692 1743 1806 1868 2519 2882 2937 2941 3021
2669 : 2233
2670 : 1725 2744
2671 : 58 71 78 104 124 251 462 531 533 605 678 726 824 894 973 974 1002 1026 1030 1073 1108 1135 1144 1154 1196 1261 1292 1325 1366 1383 1409 1424 1428 1432 1473 1476 1525 1543 1554 1566 1571 1593 1615 1644 1664 1686 1695 1843 1846 1871 1928 1929 1936 2054 2142 2304 2321 2370 2402 2569 2643 2649 2721 2819 2829 2849 2994 3013 3047 3057
2672 : 2913
2673 : 2019 2125 2754
2675 : 2287
2676 : 242 1718 1725 1783 2267 2525 2605 2649 2801
2677 : 2308
2678 : 3164
2681 : 1806
2684 : 699 1542 1554 1589 1978 2341 2876 3188
2685 : 1325 2064
2686 : 2722
2688 : 243 1649 2231 2692 2841 2997
2690 : 1159
2692 : 2865
2695 : 973
2696 : 278 940 1003 1066 1113 1181 1194 1412 1454 1554 1571 1593 1652 1724 1939 2047 2179 2186 2289 2358 2396 2542 2625 2631 2712 2890 2922 3033 3184 3192 3193
2697 : 272 367 1001 1012 1145 1368 1476 1486 1649 1728 1885 1939 2155 2178 2314 2630 2925 2986 3112
2698 : 1170 2803 2829 2931
2699 : 1034 2166 2196 2522 2645 2911 3100 3150
2700 : 1359
2701 : 40 241 320 670 964 972 1327 1346 1362 1517 1544 1571 1588 1674 1695 1723 1926 2035 2047 2053 2215 2276 2286 2317 2408 2527 2733 2786 2880 2905 2948 2981 3014 3088 3093 3125 3144
2702 : 1828
2704 : 2114 2184 2378 2716 2765 3017 3134
2706 : 854
2707 : 1225 1485 1810 2020 2178 2201 2987
2708 : 1869
2709 : 2913
2711 : 1206
2712 : 1231 2838
2714 : 1426
2715 : 1383 2496 2628 2938
2716 : 3004
2717 : 68 2628 3119
2718 : 670
2720 : 2401
2721 : 1862
2722 : 616
2723 : 3179
2724 : 1529 1649 1974 2383
2725 : 1413
2726 : 71 1487 1826
2727 : 2342
2729 : 104 497 533 1366 1380 1679 1692 1846 1951 2130 2145 2545 2666 2742 2767 2779 2835 2936
2731 : 2833
2733 : 2383
2734 : 440
2735 : 2375 2795 2823
2736 : 146 1087 1978 2061 2167 2568 2610 2621 2919 3030
2737 : 20 104 243 329 409 441 527 537 671 678 695 850 854 1006 1032 1053 1098 1158 1196 1223 1225 1255 1261 1288 1354 1359 1365 1366 1382 1400 1404 1616 1619 1645 1674 1676 1677 1679 1712 1719 1752 1753 1771 1781 1788 1805 1828 1951 1989 2020 2033 2046 2060 2150 2184 2207 2216 2277 2358 2383 2518 2536 2559 2606 2620 2646 2679 2851 2864 2868 2886 2907 2950 2987 3006 3058 3076 3087 3103 3120 3182 3190 3202
2738 : 619 679 1049 1272 1382 1470 2152 2198 2246 2247 2316 2355 2369 2378 2452 2522 2557 2622 2629 2644 2646 2683 2704 2706 2719 2777 2785 2860 2882 2913 2937 2944 2958 2966 2989 3023 3024 3085 3147 3194
2739 : 1258 1885 2301 3086
2740 : 104 243 248 319 464 533 655 679 761 1001 1173 1185 1223 1267 1354 1362 1397 1421 1487 1496 1697 1752 1764 1788 1835 1860 1884 1902 2151 2198 2262 2321 2626 2806 2850 2886 2958 3041 3054 3166
2741 : 3087
2743 : 527 1012 2716
2744 : 414 694 695 696 855 1427 1712 1844 1962 2218 2359 2516 2597 2628 2646 2680 2720 2816 2891 3134
2745 : 694 1641 2176 2375
2746 : 891
2747 : 2816
2749 : 2522
2750 : 1503 2571
2751 : 479
2752 : 479
2753 : 2146
2756 : 492
2757 : 3053
2758 : 1033 1067 1467 1534 1591 1680 1695 1697 1741 1742 1891 1937 1977 2002 2035 2065 2152 2188 2211 2370 2399 2421 2604 2674 2687 2744 2802 2820 2864 2913 2928 2959 2994 3081 3114
2759 : 679 894 1307 1937 1956 2035 2211 2798 2924
2760 : 1327 1946 2873 3049
2761 : 1396 1741 1769 2211 2687 2873
2763 : 1315
2764 : 2494
2766 : 2078 2194 2858 2862 2996 3013 3110
2767 : 2547 2966
2768 : 409 971 1052 1160 1628 1725 2150 2247 2373 2628 2862 2957 2996
2769 : 1366 2483
2771 : 1671 2494 2954
2772 : 1098
2773 : 1652 2287 2558 2851 3023
2774 : 2855
2775 : 527 536 2204
2776 : 3194
2777 : 2734
2778 : 1470
2779 : 1153 2216 2276 2371 2406 2596 2816 2849 2905 2926 2949 3043 3082 3128 3137 3148
2780 : 861
2781 : 241 492 944 1003 1047 1410 1433 1514 1663 1811 1844 1951 1997 2176 2188 2196 2216 2261 2276 2297 2373 2454 2481 2631 2649 2667 2686 2734 2798 2885 2893 2926 2988 3002 3015 3084 3098 3135
2782 : 298 1514 1604 1951 2032 2261 2437 2454 2667 2734 2767 2864 2914 3131
2784 : 2095
2786 : 1608
2787 : 1608
2788 : 3044
2789 : 1048 1265 1636 1948 2002 2080 2669 2795 2932 2951
2791 : 3177
2792 : 397 595 856 972 1505 1641 1749 2153 2167 2208 2367 2938 3021
2793 : 1975
2794 : 1015 1643 2247
2795 : 796 1026 1292 1294 1462 1497 1593 1643 1718 1745 1786 1975 2200 2214 2535 2648 2880 3077 3199
2797 : 3175
2798 : 1292 1393 1497 1975 2031 2664
2799 : 1593 2804 2880
2802 : 95 106 252 495 851 1014 1188 1223 1366 1410 1415 1420 1443 1543 1566 1572 1620 1846 1877 1947 1988 2050 2176 2340 2388 2456 2483 2598 2821 2867 2876 2912 2977 3017 3018 3067 3077 3092 3121 3125 3135 3140 3175 3185 3188 3203
2805 : 1771
2808 : 1362
2809 : 1194 1236 1290 1476 1489 1652 1935 2233 2307 2711 2990 3036 3038
2810 : 637 728 1327 1348 1621 1705 1889 2082 2307 2324
2811 : 2106
2812 : 3014
2813 : 329 440 1032 1034 1194 1236 1681 1926 2990
2815 : 242 248 894 1046 1197 1290 1307 1332 1402 1453 1602 1928 1930 2137 2146 2215 2216 2220 2228 2247 2252 2263 2424 2453 2496 2497 2500 2582 2622 2687 2712 2734 2766 2799 2833 2851 2890 2931 3021 3024 3034 3097 3104 3116 3125 3132 3138 3173 3202
2816 : 40 82 1425 2966 3039
2817 : 1346 2217 2956
2818 : 1326 2217 2541 2699 3144
2820 : 2093 2705 2893
2821 : 2847 3140
2822 : 2303 2534
2823 : 2847
2826 : 2471
2830 : 48
2831 : 940 1172 1432 1468 1488 1720 1727 2252 2267 2369 2437 2665 2786 2801 2897 2919 2931 2986 3009 3125 3203 3204
2837 : 1427 2687 2994
2839 : 796 1223 1411 1709 2620 3033
2841 : 2648 2927
2842 : 3052
2843 : 1651
2844 : 2233
2848 : 719 1145 1341 1433 1497 1641 1906 2175 2233
2849 : 1806
2850 : 2141 2629
2854 : 1308 3116
2855 : 1308
2856 : 2217
2857 : 1602
2858 : 1327 2938
2860 : 1051 1412 1615
2861 : 1354 2354
2862 : 2390
2863 : 1710 2421 2827
2864 : 2841 2967 3116
2865 : 1155 1362 1527 1528 1615 1861 1925 1934 2165 2204 2433 2572 2593 2918 2994 3004
2866 : 2105
2869 : 1475
2872 : 414 858 1108 1740 1844 2245 2682 2720 2826
2873 : 2188 3093
2874 : 2698
2876 : 858 860 2720
2877 : 1308
2878 : 3138
2880 : 2889
2881 : 48 272 619 796 856 1035 1173 1408 1534 1626 1741 1892 2496 2628 3097
2882 : 1408
2885 : 1750 2497
2886 : 2314
2889 : 695 1350 1385 1387 1411 1425 1441 1605 1638 2094 2302 2493 2500 2569 2816 2842 2882 2970 3191
2894 : 2455
2897 : 1498
2898 : 1827
2903 : 252 1743
2904 : 1264
2905 : 2967
2907 : 58
2908 : 2438
2909 : 236 248 254 405 417 585 695 724 944 1033 1046 1231 1281 1295 1331 1385 1475 1644 1646 1647 1677 1726 1764 1825 1862 1916 1925 1947 1974 2003 2035 2137 2227 2262 2277 2396 2401 2436 2534 2584 2667 2776 2798 2823 2826 2848 2850 2862 2864 2989 3024 3171
2914 : 2210
2916 : 2048
2917 : 497 1098 1247 1308 1552 1751 1754 1855 1888 1890 2017 2020 2080 2162 2218 2245 2254 2307 2374 2424 2435 2438 2537 2570 2596 2681 2698 2741 2856 2883 2902 2911 2924 2951 2955 3033 3072 3081 3113
2918 : 1062 1753 1960 2128 2202 2219 2499
2919 : 2721 2826
2921 : 964 2701 3021
2922 : 48 185 241 282 322 396 397 497 618 699 731 858 1003 1008 1010 1026 1062 1112 1146 1166 1169 1170 1198 1206 1235 1259 1261 1262 1279 1282 1315 1331 1347 1349 1350 1366 1379 1390 1411 1415 1456 1470 1475 1483 1485 1517 1550 1552 1594 1601 1605 1609 1641 1650 1665 1671 1678 1679 1695 1727 1741 1742 1749 1805 1811 1825 1827 1844 1847 1856 1869 1870 1875 1886 1906 1936 1938 1951 1974 1975 1976 2019 2030 2051 2054 2062 2064 2081 2083 2137 2145 2150 2168 2177 2181 2189 2194 2195 2203 2219 2246 2283 2289 2298 2311 2313 2354 2358 2367 2369 2388 2401 2408 2423 2424 2438 2490 2537 2554 2560 2627 2634 2665 2683 2692 2696 2711 2720 2723 2734 2802 2827 2829 2851 2868 2874 2877 2885 2890 2892 2902 2918 2920 2921 2922 2925 2926 2949 2954 2955 2972 2996 3001 3002 3013 3028 3041 3069 3074 3083 3086 3087 3091 3092 3095 3106 3120 3125 3129 3135 3147 3151 3153 3165 3172 3175 3176 3200
2924 : 531 1170 1290 1292 1476 1567 2175 2307 2455 2584 2598 2696 2819 2868 2874 3096
2925 : 2785 3109
2926 : 670 671 1194 1324 1325 1381 1595 1974 2150 2218 2298 2304 2305 2306 2307 2396 2542 2695 3117
2927 : 2742
2929 : 585 1196 1307 1464 1503 1518 1629 1632 1673 1699 1782 1928 2097 2169 2299 2886 3030 3086 3140 3174
2930 : 1238 1727 2367 2857 3120
2931 : 1049
2932 : 222 850 1134 1206 1259 1388 1390 1403 1409 1488 1501 1528 1652 1693 1705 1826 1845 1852 1874 1888 1961 2034 2109 2169 2178 2215 2232 2245 2286 2289 2604 2692 2702 2753 2771 2804 2827 2945 3037 3142 3154 3177 3189
2933 : 1754
2934 : 1456
2936 : 2304
2939 : 321 1028 1113 1194 1238 1409 1469 1608 1665 1671 1681 1695 1698 1705 1937 1978 1997 2076 2083 2091 2189 2261 2341 2376 2453 2547 2644 2669 2730 2786 2815 2873 2943 2971 3049 3114 3170 3204
2940 : 2742
2941 : 3111
2943 : 1705
2947 : 2721
2950 : 794 1517 1862 2181 2887 3183
2951 : 479 1475 1489 1497 1593 2843 3134 3153
2952 : 670 1627 1874 1974 2054 2097
2953 : 3182
2954 : 1417 3090
2957 : 630 1272 1465 1738 1928 2399
2958 : 2721
2960 : 1871 2061
2962 : 1847 1915 2692 2737 2857 2877 2883 3013
2963 : 1847 1915 2155 2177 2189 2523 2692 2883 2913 3018
2964 : 2650
2965 : 1216 1764 2035
2966 : 892 1066 1272 1281 1487 1502 1926 1962 2035 2252 2299 2396 2947 2980
2967 : 1502 2582 2815
2968 : 1651
2969 : 3160 3195
2973 : 92
2974 : 1591 1654 1765 1771 1809 2163 2181 2345 2407 2776 3003 3035
2975 : 1385 1409 1413 1628 1771 1889 2147 2163 2209 2309 2584 3181
2976 : 585
2979 : 858 1108 1260 1399 1458 1470 1474 1526 1570 1632 1650 1671 1675 1936 2198 2247 2264 2302 2344 2354 2358 2379 2516 2536 2541 2571 2652 2669 2734 2765 2860 2882 2892 2937 2991 3052 3137 3153
2980 : 1135
2981 : 1679
2982 : 278 396 417 718 728 796 1032 1223 1261 1262 1387 1409 1454 1745 1766 1769 1805 1856 1906 1962 2092 2127 2163 2289 2309 2402 2482 2497 2823 2848 2913 2918 2985 3054 3066 3072 3088
2983 : 1270 1350 1769 1785 1787 1928 1931 2047 2137 2208 2534 2984 3077 3145
2984 : 1236 1434 1465 1605 1664 1699 1912 2016 2197 2217 2218 2247 2366 2571 2742 2887 2990 3035 3143 3145
2985 : 104 963 1234 1280 1341 1349 1491 1533 1550 1728 1752 2020 2245 2344 2367 2373 2519 2572 2620 2911 2985 2988 2991 3047 3086
2986 : 1408
2987 : 1265 2734 3094
2988 : 796 1030 1225 1265 1270 1408 1429 1462 1465 1572 1612 1651 1677 1693 1722 1886 1901 1930 1957 2202 2251 2308 2365 2374 2524 2559 2569 2623 2645 2749 2856 2886 2892 2911 2931 2950 3064 3070 3083 3154 3167
2989 : 40 106 124 332 598 849 861 940 1045 1066 1115 1134 1135 1145 1216 1223 1238 1279 1309 1314 1344 1346 1352 1403 1408 1431 1433 1552 1622 1627 1717 1725 1738 1787 1807 1811 1845 1847 1961 2003 2035 2064 2081 2108 2110 2138 2162 2167 2177 2185 2247 2276 2373 2400 2454 2500 2534 2543 2555 2567 2598 2609 2623 2625 2651 2656 2670 2720 2733 2739 2746 2748 2749 2784 2787 2834 2855 2857 2885 2903 2968 3001 3005 3027 3041 3070 3095 3103 3106 3110 3114 3121 3127 3138 3139 3147 3152
2990 : 322 850 1172 1386 1389 1542 1694 1698 1807 1811 1957 2105 2111 2128 2189 2595 2716
2992 : 322 435 1163 1423 1433 1476 1825 2017 2034 2169 2263 2315 2323 2433 2534 2598 3024 3035 3046 3098 3181 3201
2993 : 1325 1550 1781 1788 2127 2922 2979 3023
3004 : 2805 2806
3005 : 1401 2554
3006 : 70 1501 2047 2805
3008 : 1501
3009 : 1113 1525 1565 1926 2203 3026
3019 : 242 282 619 670 1010 1154 1155 1200 1223 1259 1264 1272 1309 1379 1519 1527 1553 1593 1651 1652 1674 1747 1846 1856 1877 1975 1977 2047 2127 2177 2194 2215 2342 2451 2534 2572 2680 2786 2849 2852 2899 2925 2980 3018 3110 3129 3144 3165 3171
3021 : 1179 1409 1623 2897
3022 : 1290
3023 : 1390
3024 : 858 1550 1605
3025 : 2035
3027 : 3195
3030 : 973 1811
3032 : 462
3036 : 2170
3037 : 2142
3038 : 95 103 1454 1473 2893 3182
3040 : 1048
3041 : 1454
3042 : 106 1216 1738 3001 3081 3185
3043 : 224 615 1012 1072 1261 1544 1638 1693 1847 1997 2289 2401 2484 2829 2834 2885 3027 3163
3044 : 1185
3045 : 527 962 1029 1170 1216 1309 1369 1394 1470 1485 1491 1683 1725 1951 1961 2097 2164 2194 2210 2229 2470 2802 2804 2808 2842 2994 3008 3094 3112 3130
3046 : 367 495 615 661 717 1012 1025 1051 1169 1186 1307 1358 1444 1594 1603 1951 2002 2047 2064 2138 2152 2178 2201 2337 2357 2372 2484 2494 2518 2697 2698 2905 2956 2973 3157
3049 : 1925
3051 : 531
3052 : 1805
3053 : 320 761 1163 1411 1434 1544 1684 1807 2228 2302 2396 2559 2579 2777 2971
3054 : 95 1333 1497 1588 1612 1665 2113 2137 2980
3055 : 1234 1614 2251 2265
3056 : 1347 1497 3165
3057 : 1225 1387 1453 1564 1910 1915 1928 1947 1976 2107 2807 2903 2953 2980 3125 3138
3058 : 2980
3063 : 3087
3065 : 335 1048
3068 : 1162 1379
3069 : 1425 1932
3070 : 1650
3071 : 1834
3072 : 2452
3074 : 3074
3075 : 1468 1523 1671 1739 1923 2036 2178 2195 2883 2907 3034
3076 : 1641 2178 2274 2536
3078 : 3182
3079 : 1463 1476
3080 : 2739 2907
3081 : 2420
3082 : 1748 2207
3085 : 1323
3086 : 3091
3087 : 675
3088 : 1628 3182 3183
3090 : 281
3092 : 695 972 1159 1435 1664 1699 1720 1750 1752 1808 1809 1862 2003 2065 2113 2170 2298 2304 2339 2379 2457 2526 2536 2628 2800 2827 2907 3166
3093 : 1809
3094 : 585 2210 2469
3095 : 2698
3096 : 1135 2306 2932
3097 : 124 1013 1604 1728 1945 1978 2110 2216 2261 2524 2624 2708 2916 2989 2991 3000 3001 3005 3145
3098 : 1235 1265 1691 1890 3145
3099 : 1475 2092 2716 3031
3100 : 48 1007 1226 1235 1288 1605 1646 1665 1741 1878 1912 1929 2299 2401 2516 2522 2584 2699 2767 2794 2894 2924 2928 2951 3035 3066
3101 : 435 973 1408 1476 1680 2516 2664 2716 2902 3066
3102 : 1463 2302 2823 2962
3103 : 106 849 1326 1544 2137 2145 2152 2233 2396 2471 2571 2795 3158
3104 : 1169 1465 2970 3132
3105 : 3048
3106 : 1164 2298
3110 : 1168 1384 1408 1710 1912 2594 2894 2924 2944
3111 : 1408 3150
3112 : 106 464 1234 1282 1327 1695 2002 2092 2288 2320 2372 2541 2717 2870 2979 3106 3157 3177
3113 : 284
3114 : 93 320 2002 2499 2541 2645 2754 2882 3045
3115 : 2737
3116 : 3021
3117 : 2620
3118 : 2620 3115
3119 : 2737
3120 : 2737
3121 : 2246
3122 : 1856 2233 2901
3124 : 243 1114 1279 1630 1717 2141 2233 2623 2819 2901 3005 3074
3125 : 3114
3126 : 2968
3127 : 2795
3128 : 2884
3129 : 440 1394 1507 1625 1636 1653 1792 1846 1886 2109 2165 2450 2534 3142
3130 : 2497
3131 : 2971
3132 : 2899
3133 : 854 2402 2734 2826 3127
3134 : 1163 1609
3135 : 1290 3021 3111
3136 : 3021 3038 3115 3158
3137 : 1908 2229 2273 2486 2734 2911 2916 2921 3074 3142
3138 : 2541 2920
3139 : 1467
3141 : 2081
3142 : 3086
3143 : 497 2626 2857
3144 : 3111
3145 : 3198
3146 : 2815 2870
3147 : 3105
3148 : 3068 3117
3149 : 396 2869
3150 : 1198
3152 : 3039
3154 : 1261 1391
3155 : 533 755 1308 1408 1445 1454 1623 2622 3140
3162 : 2857 3090
3163 : 3035
3164 : 3053 3092
3165 : 3092
3166 : 1462
3168 : 630 1805
3169 : 2823
3171 : 116
3172 : 321 1628 1924 2808 3033
3173 : 1408
3174 : 71 617 799 894 1408 1626 1634 1871 2421 2542 2811 2846 2865 2981 3147
3175 : 2480
3177 : 1721 2169 2424 3005 3089
3178 : 2594 3057
3179 : 2127
3180 : 2310
3181 : 185
3182 : 417
3185 : 972 1032 1033 2811 2931
3186 : 724 1470 1700 2456 2820 2970 3164
3187 : 332 2480 2543 2622
3188 : 1745
3189 : 144 185 1033 1108 1698 1769 1825 1936 2002 2109 2208 2233 2252 2302 2421 2483 2496 2697 2802 3067 3130 3202
3190 : 730 950 1253 1528 1695 1926 1930 2127 2483 3201
3191 : 670 1143 1469 2711 2940 3049
3192 : 1764
3193 : 1677 2711 3120
3194 : 1099 3125
3195 : 241 1700 2208 2423 2543 2559 2806 2978
3196 : 2220 2998
3197 : 397 605 619 1033 1135 1327 1354 1470 1684 2018 2053 2208 2263 2273 2399 2453 2471 2501 3053 3113 3193
3198 : 2835
3199 : 1595
3200 : 1535 2851 2856 2884 3115
3201 : 1145 3053
3202 : 1033 1099 1224 1247 1359 1458 1459 1601 1604 1626 1962 2017 2035 2036 2080 2105 2175 2245 2307 2314 2438 2470 2483 2711 2828 2919 2978 2979 2985 3049 3081 3181
3203 : 2721
3204 : 2470 2500 2828 2985 3081 3116
3205 : 2033
3206 : 2765
3207 : 1745
3209 : 981 1015 1197 1593 1700 1825 1829 1908 1930 1975 2176 2195 2297 2301 2353 2734 2838 3096 3131
3210 : 3034 3079
3211 : 1700 3022 3079
3213 : 962 1362 1782 2263 2819
3214 : 96 335 497 536 1003 1031 1048 1381 1387 1388 1402 1444 1495 1525 1602 1888 1910 2001 2091 2186 2216 2248 2275 2353 2408 2487 2646 3091 3190
3215 : 70 95 96 495 497 893 1031 1083 1206 1274 1278 1280 1347 1365 1379 1387 1388 1401 1441 1473 1543 1601 1664 1692 1721 1744 1806 1946 2000 2091 2112 2164 2165 2207 2248 2268 2323 2338 2344 2353 2567 2606 2656 2802 2807 2827 3077 3088 3200
3217 : 2454 2890
3218 : 671 1158 1181 1349 1412 2106 2321 2753
3220 : 1072 2941 3143
3221 : 95 405 1155 1166 1259 1265 1350 1625 1681 1705 2060 2081 2184 2189 2192 2525 2603 2620 2666 2726 2927 2980 3013 3018 3057 3070 3124
3222 : 1161
3223 : 106
3230 : 1696
3235 : 2650
3236 : 48 243 282 319 730 1014 1015 1025 1108 1112 1143 1331 1333 1363 1388 1411 1441 1524 1590 1595 1611 1619 1635 1638 1643 1644 1646 1647 1672 1784 1858 1859 1888 1905 1909 1932 1958 1977 1998 2033 2049 2054 2093 2144 2201 2226 2286 2321 2355 2366 2447 2486 2487 2525 2534 2554 2555 2683 2807 2849 2887 2915 2948 2970 3001 3016 3023 3045 3056 3057 3093 3132 3182
3237 : 71 243 531 964 1112 1143 1197 1273 1331 1411 1443 1474 1645 1784 1868 1931 1946 1974 2033 2129 2193 2320 2534 2544 2554 2620 2649 2695 2708 2815 2820 2887 2937 2993 3034 3045 3057 3066 3080 3093 3142
3241 : 1652 2923 3150
3242 : 1032
3247 : 670 1099 1159 1862 2095 2138 2252 2289 2341 2355 2402 2567 2644 2767 2896 2939 2998 3107 3131
3248 : 1341
3249 : 40 251 670 721 1270 1307 1454 1471 1516 1541 1549 1612 1853 2252 2275 2353 2499 2739 3146
3250 : 123 243 278 1223 1384 1425 1868 1938 2030 2061 2177 2261 2451 2666 2923 2940 2987
3252 : 78 2186 2572 2816
3253 : 527 670 1049 1052 1346 1874 1930 2035 2181 2186 2619 2777 2979 3009 3018
3254 : 2318 2893
3255 : 278 1262 1323 2310
3256 : 719 1194 2930 3038
3257 : 531
3259 : 319 1015 1031 1292 1363 1388 1411 1497 1605 1637 1727 2142 2146 2452 2645 2765 2862 2882 2928 2936
3260 : 618 1533 1700 1727 2699 3084
3261 : 380 1026 1215 1504 1587 1727 1765 2000 2093 2525 2584 2996 3092 3094 3175
3262 : 1750 1784 2373 2645 2669 2849 2862 3016 3088
3263 : 973 1637 1727 2366 2970
3264 : 2996
3267 : 1810 2226 2780
3272 : 1770
3279 : 495 1517 1527 1620 1699 1908 1912 2019 2557 2572 2741 2862
3280 : 1237 1278 1411 1570 1613 2175 2542 2886 2989 2990
3281 : 282 405 1514 1694
3282 : 96 1013 1030 1109 1169 1326 1354 1491 1524 1620 1694 1719 1886 1957 2286 2318 2525 2555 2592 2738 2808 2913 2984 3048 3134 3183
3283 : 96 281 893 1028 1029 1030 1032 1236 1270 1272 1278 1536 1620 1653 1671 1699 1728 1933 1934 1938 2106 2217 2268 2286 2298 2317 2454 2471 2542 2683 2711 2712 2886 2894 2951 2989 2990 3048
3284 : 243 1366 1441 2679
3288 : 675 1135 1143 1295 1454 1462 1488 1608 1650 1686 1810 1869 1878 2046 2196 2208 2233 2424 2534 2629 2631 2727 2732 2744 2827 2898 3044 3049 3052 3057 3069 3086 3152 3162 3177
3290 : 699
3291 : 1295 1380 1827 1846 1928 2320 2378 2497 2742 2749 2767 2936 2946 3064 3082 3173
3292 : 3128
3293 : 3128
3294 : 1727 1846 2052 2304 2742 2767 2862 2895 2930 2936 3056 3064 3120 3128 3194
3295 : 1454 2919
3296 : 1390
3297 : 1433 1615 1769 2592 3077
3299 : 675 1116 1309 1425 1470 1485 1497 1623 1739 1905 1915 2424 2534 2630 2702 2728 2862 2884 2905 3014 3096 3110
3301 : 982 1550 1605 1691 2233 2450 2579 2679 2709 2885 2897 2916 3000 3091
3302 : 243
3303 : 3137
3304 : 1413
3305 : 116 585 1460 1470 3024 3025
3306 : 435 1889 2138
3307 : 1485 2327 2485
3308 : 585 1181 1748 1771 2127 2906 3025 3028
3309 : 1628 2542
3311 : 533 1003 1236 1292 1388 1484 1784 1879 2595 2688 2931 3015 3047 3139
3312 : 717 980 1206 1651 1847 2569 2833 3096
3313 : 2568
3314 : 103 655 1570 1609 1658 2457 2777 3095 3145
3315 : 1013 1417 1609 1654 1695 2568 2721
3316 : 944 1248 1847 1877 3091
3317 : 82 596 974 1012 1053 1628 1847 1874 1924 1951 2033 2167 2202 2342 2374 2454 2572 2720 2841 2870 2918 3006 3153 3165
3318 : 58 1382 2140 2262 2318 2493 2497 2695 2871 2885 3076
3319 : 2497 3094
3320 : 20 48 272 441 596 694 982 1012 1185 1212 1236 1258 1395 1404 1468 1489 1496 1514 1570 1610 1616 1679 1828 1887 1958 1961 2033 2178 2189 2215 2368 2398 2402 2499 2543 2544 2595 2666 2668 2754 2809 2860 2886 2891 2925 2950 2969 2970 2987 3016 3020 3031 3039 3056 3070 3103
3321 : 111 727 848 892 1049 1051 1188 1196 1259 1267 1288 1348 1358 1369 1386 1392 1505 1524 1588 1651 1673 1743 1787 1806 1827 1854 1855 1856 1860 1890 1929 1977 2060 2113 2125 2152 2202 2204 2254 2338 2356 2367 2396 2436 2457 2544 2546 2597 2646 2720 2722 2738 2749 2816 2829 2864 2866 2913 2914 2932 2946 2958 2980 3004 3006 3014 3043 3071 3080 3087 3100 3101 3120 3128 3134 3163
3322 : 1231
3323 : 1393
3324 : 2233
3325 : 3067 3202
3326 : 1194 2289
3327 : 1048 2622
3328 : 1258 1464 1525 2175 2680
3330 : 320 1807 1890 1946 3086
3331 : 278 298 1410 1568 1946 2436 2567 2582 2686 2850 2889
3332 : 1238 2297 2704
3333 : 2319
3334 : 727
3335 : 2669 2704
3336 : 2816
3337 : 1145 1392 1738 2696
3338 : 1169 1188 1744 2094 2884
3339 : 1169
3341 : 3113
3342 : 1650 1862
3343 : 2150 2342 2618 3128
3344 : 1488 1694 1928 2150
3345 : 1135 1145 1527
3347 : 1455 2130 2343 2795 3005
3348 : 1179 1264 1470 1591 1811 2344 2378 2527 2820 2925 2959 3144
3349 : 678 1200 1262 1459 1542 1625 1727 1886 1947 1974 2036 2175 2490 2605 2944 3064
3350 : 1811 2378 2527 2769 2850 3037
3351 : 185 796 1264 1459 1728 2264 2297 2851 3072
3352 : 46 185 278 1051 1166 1173 1213 1237 1264 1347 1464 1491 1506 1534 1604 1646 1647 1657 1728 1748 1811 1916 1928 2053 2080 2175 2220 2249 2263 2273 2297 2372 2413 2421 2436 2534 2570 2571 2598 2645 2667 2674 2685 2719 2726 2727 2850 2855 2856 2884 2889 2929 2938 3081 3094 3121 3125 3171
3353 : 2220
3354 : 396 435 855 1533 1591 2439 2499
3356 : 1272 2092
3358 : 1143 2681
3359 : 1902
3360 : 1491
3362 : 616 1114 1169 1961 2061 2310 2966
3363 : 1368 1527
3364 : 1098 1691 2204 2289
3365 : 2881 2936
3366 : 3124
3367 : 2519
3368 : 3144
3369 : 615 2187 2313 2319 2438 2666 2915
3370 : 278 1196 1197 1383 2060 2167 2288 2340 2342 2368 2572 2619 2772 2864 3086 3149 3181
3371 : 2887
3372 : 405 435 637 1084 1098 1348 1366 1412 1423 1435 1530 1542 1544 1571 1614 1658 1682 1829 1948 2036 2198 2203 2263 2326 2343 2371 2372 2518 2546 2785 2815 2816 2821 2870 2945 2950 3032 3077 3167
3373 : 92 1280 1491 1629 1806 1827 2288 2702 2858 2926 3011 3136 3141
3374 : 2137 2456
3375 : 2701
3377 : 1463 1469 1637 2899 3189
3378 : 1194
3379 : 95 265 1652 3033
3380 : 1238
3381 : 1046 1680 2897
3382 : 1109 1272 1365 1388 2308
3383 : 1388 2276
3384 : 724 796
3385 : 1002 2187
3386 : 282 605 950 1290 1454 1514 1517 1638 1750 1867 1931 1974 2176 2208 2216 2297 2308 2312 2375 2433 2480 2498 2543 2859 2878 2985 2996 3055 3056 3088 3153 3164 3192
3387 : 1650
3388 : 1767
3390 : 3111
3391 : 2233
3392 : 1609
3393 : 2485
3395 : 891 1408 2438 2500
3396 : 103 321 531 637 1099 1170 1199 1421 1571 1589 1658 1677 1845 1889 2061 2097 2106 2217 2226 2355 2358 2398 2739 2849 2931 2947 3091 3142
3397 : 1475 1738 2018 3066
3398 : 2181 2776 2941 3023
3399 : 1862
3400 : 1260 1392 1474 1674 2062 2217 2455 2937 3066
3401 : 1003 1014 1122 1143 1324 1435 1456 1502 1507 1517 1518 1541 1542 1605 1695 1809 1908 1912 1989 2017 2054 2060 2113 2127 2275 2370 2379 2402 2424 2450 2451 2455 2582 2593 2669 2841 2883 2889 2928 2990 3160
3402 : 1033 1696 1723 1726 3015
3403 : 1609 2644 2882
3404 : 1014 1517
3405 : 124 644 893 1143 1155 1206 1308 1404 1435 1474 1507 1609 1632 1636 1637 1650 1658 1699 1766 1792 1879 2096 2127 2215 2217 2229 2420 2561 2620 2682 2734 2961 2979 3048 3056 3084
3406 : 2197
3407 : 1621
3408 : 1827 2372 2400 2893 2931
3409 : 320 321 1468 1491 1774 1868 2106 2148 2368 2886
3410 : 728 2051 2719 2913
3411 : 2178 2931
3412 : 2893
3414 : 1158
3415 : 644 718 990 1034 1470 1536 1624 1705 1747 1869 1910 1956 2178 2409 2534 2594 2695 2864 2940 3087
3416 : 1003 1359 1527 1878 2297 2320 2438 2785 2860 2898 2920 3040
3417 : 185 2289
3419 : 2697
3420 : 2033 2433 2716
3421 : 2379 2923 2945 3032
3422 : 1792
3423 : 1415 1834 2017 2598
3424 : 1445 1708 2210 2906 2956 2981
3425 : 2436 2541 2684 2709 3014 3058
3426 : 2390
3427 : 1387
3428 : 281 755 1014 1073 1410 1645 1951 2276 2454 2483 2535 2555 2702 2703 2734
3429 : 2276 2515 2596
3430 : 1134
3432 : 2144
3433 : 2106 3177
3434 : 2877
3435 : 2106
3436 : 2106 2707
3437 : 2201
3438 : 320 1135 1505 1711 2433 2871
3439 : 254 409 464 1166 1267 1334 1359 1681 1706 1890 2113 2155 2195 2200 2264 2274 2389 2451 2498 2652 2702 2719 2732 2851 2938 2940 2978
3440 : 464 2922
3441 : 1527 2711
3442 : 320 949 1453 1495 1527 1856 1997 2433 3184
3443 : 1259 1390 1392 1453 1517 1613 1739 1934 1936 1947 1957 2081 2167 2175 2184 2208 2265 2286 2555 2595 2681 2986 3044 3105 3110 3125 3202
3444 : 284 964 1029 1122 1135 1188 1223 1234 1323 1379 1394 1469 1551 1613 1706 1807 1886 2081 2167 2253 2555 2682 2712 2719 2802 2914 3077 3189 3199 3203
3445 : 2946
3446 : 867 1172 1325 1530 2003 2369 2627 2644 2905 3049 3105 3117
3447 : 3049
3448 : 644 1172 1258 1358 1403 1404 1541 1677 1684 1750 1834 1885 1998 2031 2080 2097 2174 2254 2273 2314 2371 2433 2516 2544 2609 2701 2740 2785 2866 2940 3037 3067 3133
3449 : 1933 1988 2179
3450 : 1543 1846 2546 2598 3023 3105
3451 : 284 1035 2674 2687 2837 2966 2970
3452 : 2314
3453 : 1463 2002 2126 2317
3454 : 78 243 895 962 1147 1350 1362 1365 1380 1386 1404 1423 1425 1455 1456 1523 1544 1554 1614 1824 1869 2003 2004 2059 2106 2134 2177 2184 2301 2326 2341 2389 2398 2457 2568 2596 2632 2644 2696 2703 2828 2851 2888 2915 2922 2928 3092 3105 3124 3143
3455 : 205 1158 1346 1381 1459 1588 1677 2060 2299 2301 2534 2829 2855 3023 3030 3112
3456 : 104 124 942 1052 1280 1533 1564 1623 1646 1647 1695 1945 1948 2017 2302 2499 2538 2753 3042
3457 : 1066 1691 2285 2322
3458 : 2893
3459 : 106 185 670 1747 1946 2020 2184 2305 2483 2580 2893 2911 2984 3011
3460 : 185 222 854 1516 1605 1695 1879 2046 2341 2378 2501 2734 2893 2894 2902 3153 3203
3462 : 3141
3463 : 1112 1423 2712 2839 3054 3084 3108
3464 : 1043 1415
3465 : 1043 2210 2582 3149
3466 : 1601 1768 2125
3467 : 1309 1392 1416 2232 2683 2883
3468 : 1108
3469 : 1946 2800
3470 : 1212 2268 2892
3472 : 1717
3473 : 1433 3174
3474 : 185 205 224 1049 1135 1347 1381 1930 2285 2821
3476 : 3090
3477 : 1495 2135
3478 : 1108
3480 : 2096
3481 : 2188 2265 2546
3483 : 1194 1392
3484 : 409 585 893 1028 1210 1380 1412 1440 1541 1543 2152 2314 2452 2870 2925 3143 3192
3485 : 1467 2683
3486 : 202 1002 1926 2092 2923
3487 : 1083
3489 : 696 796 1010 1389 1421 1457 1523 1588 1589 1684 1693 1706 1740 1754 1771 1824 1861 1923 1929 2035 2082 2167 2202 2501 2534 2868 2898 2941 3049 3158
3490 : 71 1007 1458 1463 1464 1671 1706 1774 1827 1928 2036 2155 2197 2201 2439 2667 3158
3491 : 2198 3050
3492 : 1726
3493 : 321 322 1026 1099 1113 1155 1236 1550 2187 2402 2561 2697 2703 2742 2821 2822 2833 2840 2885 3006 3080 3083
3494 : 724 894 1272 1435 1525 1650 1675 1742 2203 2246 2308 2455 2494 2623 2688 2746 2984 3005 3018 3199
3495 : 2252
3496 : 1632 1650
3497 : 1386 1886 3021
3498 : 1643 1886 1933 2249 2648 3037
3499 : 699 894 1014 1071 1111 1382 1386 1460 1470 1485 1605 1650 1805 1853 1886 1946 2033 2387 2452 2720 2776 2780 2893 2985
3500 : 1050 1155 1431 2699
3501 : 1515 1856
3503 : 2538 2823 2962 3022 3146
3505 : 1722 3016
3507 : 2193 2977
3508 : 1197 2542 2592 2618 3142
3509 : 1197 3089
3512 : 942 1423 1623 2146 2189 2721 2820 2897 2979 3046
3513 : 2499
3514 : 1686
3517 : 3022
3518 : 1032 1976 2561
3519 : 2033
3520 : 1237 1253 1454 1874 2003 2110 2396 2480 2923 3064 3073
3521 : 1391
3522 : 1601 2177 2800 2914
3523 : 243 281 409 440 1395 1425 1469 1482 1703 2216 2272 2692 2867 3042
3524 : 2857
3526 : 284 1236 1453 1608 1788 2142 2211 2233 2317 2711 2722 2931 3004 3082 3134 3146
3532 : 71 1571 1928 3111
3534 : 40 185 617 940 1073 1184 1309 1433 1525 1610 1641 1665 1679 1750 1847 1910 1936 1962 1978 1998 2000 2208 2211 2353 2354 2355 2421 2481 2516 2534 2643 2828 2839 2880 2903 2925 2926 2980 2987 3079
3535 : 1153 1615 1625 1750 1786 1792 2186 2276 2567 2720 2769 2986 3001 3046 3080 3098 3106 3131
3536 : 3106
3537 : 3077
3540 : 2668 2862 2914 3006
3541 : 1924
3542 : 1924 2424
3543 : 2572 3132
3544 : 417 724 1908 2567 2902
3545 : 1665 2050 2695 2714 2837 2897
3546 : 1434
3548 : 1108 1748 2054 2300 2339 2572 2687 2922 2951
3549 : 82 92 224 973 1326 1609 2033 2054 2666 2753
3550 : 675 679 730 1029 1236 1314 1348 1464 1483 1506 1647 1657 1854 1974 2095 2138 2187 2215 2232 2398 2556 2820 2954 3036 3072
3551 : 202 321 414 655 730 892 1046 1098 1164 1170 1194 1225 1237 1264 1314 1323 1366 1464 1465 1502 1565 1611 1614 1646 1738 1774 1805 1835 1855 1926 1960 2003 2035 2053 2064 2092 2095 2137 2138 2148 2198 2215 2217 2230 2283 2305 2314 2344 2372 2379 2401 2433 2501 2541 2629 2644 2645 2651 2652 2704 2841 2842 2868 2874 2924 2931 2944 2971 2989 3027 3060 3064 3090
3553 : 1001
3558 : 1891
3559 : 284 1622 1962 2186 2556 2887
3560 : 322 2633
3562 : 1854 2314
3568 : 1154 2453 2479 3140
3579 : 796
3580 : 405 2620 3156
3581 : 1234 3075 3152
3585 : 619 824 949 1099 1180 1265 1346 1454 1468 1550 1572 1592 1610 1674 1973 1976 2106 2142 2148 2289 2299 2324 2355 2438 2455 2739 2786 2886 2903 2943 2963 3076 3085
3586 : 717 1099 1408 1503 1620 1924 2263 2786 2916 2970 3015
3587 : 2337 2679
3593 : 278
3594 : 670 1325
3595 : 397 605 671 719 724 1048 1144 1396 1427 1443 1476 1691 1976 1978 2165 2187 2196 2304 2322 2323 2402 2450 2692 2828 2901 3095 3115 3135
3597 : 68 961 1048 1381 1467 1976 2846 3044 3083
3599 : 1394 3091
3601 : 2195 2584 2826 2873 2883
3602 : 1534 1726
3604 : 409 492 822 849 854 855 857 858 892 944 1032 1066 1135 1194 1195 1226 1412 1475 1514 1523 1614 1724 1743 1828 1936 1956 1976 2019 2032 2035 2065 2114 2140 2160 2184 2307 2339 2359 2378 2380 2390 2421 2437 2451 2452 2524 2582 2629 2631 2667 2674 2680 2688 2722 2728 2816 2833 2888 2900 2947 2966 2969 2991 3002 3058 3084 3114 3129 3134 3135 3147 3153
3605 : 695 2208
3606 : 332 397 440 531 694 849 857 972 1135 1194 1506 1712 1724 1808 1976 2046 2114 2152 2203 2307 2358 2437 2516 2547 2631 2680 2888 2969 3049 3114 3129 3158
3608 : 1936
3609 : 1976 2035
3610 : 1956 2233
3611 : 1434 2878
3612 : 3052 3103
3613 : 2201
3616 : 1359
3617 : 1359 2913
3618 : 462 1002 2913
3619 : 252 254 319 619 728 1013 1029 1231 1238 1388 1902 1957 1975 2198 2233 2286 2343 2556 2732 2931 3020 3023 3027 3145 3160
3620 : 321 1160 2177 2606 3175
3621 : 1349 2812 2893 3076 3182
3622 : 68
3623 : 1197 1433 1643 1846 1878 1961 2081 2142 2174 2188 2396 2450 2524 2650 2750 2819 2820 2827 2890 2931 2944 3033 3037 3057 3085 3132 3139 3156 3157
3624 : 48 70 94 1088 1169 1386 1403 1438 1563 1792 1847 1886 2031 2164 2174 2177 2274 2337 2630 2686 2726 2737 2745 2900 2916 2925 2927 2963 3037 3040 3066 3100 3132 3141 3147 3199
3625 : 1792 2218 2893 3035 3145
3627 : 1169 1197 1504 2030 2233 2568
3628 : 1552 2896
3633 : 2627
3634 : 96 1012 1049 1110 1154 1386 1388 1391 1425 1595 1847 1948 2231 2248 2344 2410 2487 2498 2698 2699 2746 2805 2921 2946 2956 2988 2996 3001 3157
3635 : 1638
3636 : 251
3638 : 1517
3639 : 321 533 616 677 721 856 865 867 1161 1170 1172 1194 1223 1252 1323 1379 1423 1425 1457 1517 1550 1631 1675 1722 1727 1764 1792 1834 1845 1859 1861 1868 1875 1885 1886 1900 1908 1927 1975 2003 2053 2061 2125 2154 2167 2184 2186 2198 2208 2209 2216 2220 2233 2263 2264 2275 2303 2355 2356 2358 2368 2396 2452 2544 2603 2645 2649 2668 2692 2702 2737 2740 2777 2842 2869 2871 2901 2903 2905 2916 2941 2951 2954 2999 3001 3002 3013 3064 3083 3163 3191 3198
3645 : 94 497 867 1642 1932 2275 2686 2787 2799 2904 3090
3647 : 867 2020
3648 : 1143
3649 : 867 1143 1185 1206 1439 1608 1875 2488 2656 3135
3651 : 585 618 724 848 972 1117 1255 1417 1483 1517 1677 2048 2167 2181 2189 2317 2367 2379 2455 2776 2828 2863 2951 2998 3025 3076 3091 3131
3652 : 462
3653 : 2326
3654 : 48 322 615 794 982 1184 1195 1331 1426 1434 1465 1491 1525 1540 1614 1651 1705 1728 2062 2176 2185 2297 2369 2374 2623 2692 2702 2766 2828 2834 2885 2907 3005 3036 3048 3053 3106 3116 3153 3175
3657 : 2559
3658 : 2137
3662 : 1308 1331 1427 1591 1629 1649 1677 1680 1742 1845 2195 2247 2820 2846 2931 3064 3192
3663 : 1066 1083 1309 1333 1552 1746 1926 2202 2380 2398 2651 2717 2733 2873 2950
3664 : 2020
3665 : 2705
3669 : 619 3087
3671 : 1705 1958 2525 2697 3024
3676 : 104 320 605 696 728 828 1003 1280 1425 1947 2113 2699 2701 2870 2877 2923 2944 2945 3069
3677 : 1348 1651 1681 1743 2263 2264 2456 2920 2961
3679 : 1233 1348 2108 2220 2263 2264 2456 2598 2961
3680 : 828 1890
3683 : 1735
3684 : 1735
3686 : 828 1048 1664
3691 : 2232 2315 2321 2722
3692 : 679 2860
3693 : 2035 2187
3694 : 2314
3696 : 1810
3697 : 3106
3699 : 1003 1394 1834 2943
3700 : 319 644 1164 1397 1505 1835 1927 2151 2176 2198 2999 3138
3701 : 322 495 855 1169 1223 1264 1385 1470 1527 1543 1650 1828 1976 2060 2265 2307 2569 2858 2971 3173 3189 3197
3702 : 585 2595 3195
3703 : 2786
3704 : 1528
3705 : 1088
3707 : 2 9 20 26 28 29 30 34 35 36 39 40 43 45 46 48 50 52 54 66 69 70 71 75 78 79 80 82 87 88 90 91 92 93 94 95 103 105 106 111 120 123 124 134 142 143 144 145 146 149 154 156 162 184 185 192 198 224 230 231 234 239 241 242 243 249 251 253 254 265 267 270 272 275 276 278 279 281 282 284 286 292 295 298 300 303 311 313 316 320 321 322 329 330 332 335 336 347 354 378 380 391 393 396 397 399 401 404 405 407 409 411 413 416 417 435 439 440 441 451 452 461 462 464 475 479 482 483 488 489 490 494 495 496 497 525 528 530 531 533 535 536 537 558 583 591 594 595 596 606 616 617 618 619 630 637 644 651 657 660 666 670 671 675 677 678 679 691 693 695 697 699 717 719 721 724 726 727 728 730 731 748 751 753 755 756 759 778 788 794 796 797 799 815 816 820 822 825 826 828 845 847 848 849 850 851 854 855 860 862 865 867 890 891 892 894 897 908 910 912 941 942 949 950 951 957 961 962 963 964 971 972 974 975 983 984 986 987 988 990 1002 1003 1008 1010 1012 1013 1014 1015 1016 1026 1028 1029 1030 1031 1032 1033 1034 1035 1044 1045 1046 1047 1048 1049 1053 1058 1062 1063 1064 1065 1066 1067 1069 1070 1071 1072 1073 1083 1084 1085 1086 1088 1097 1098 1099 1103 1108 1109 1110 1111 1112 1113 1114 1116 1118 1121 1122 1132 1133 1134 1135 1143 1144 1145 1146 1147 1148 1149 1153 1154 1155 1157 1158 1159 1160 1161 1162 1163 1164 1165 1166 1167 1169 1170 1171 1172 1173 1179 1180 1181 1182 1183 1184 1186 1194 1195 1196 1197 1199 1200 1204 1206 1209 1211 1215 1222 1225 1226 1230 1233 1234 1235 1237 1238 1247 1249 1250 1252 1253 1254 1255 1257 1258 1259 1260 1262 1263 1264 1265 1267 1270 1272 1274 1275 1276 1278 1279 1281 1282 1284 1289 1290 1292 1294 1295 1302 1304 1306 1307 1308 1309 1310 1314 1315 1323 1324 1325 1326 1327 1331 1334 1335 1344 1345 1346 1347 1348 1350 1351 1352 1353 1354 1360 1362 1363 1365 1366 1367 1369 1373 1381 1382 1383 1384 1385 1386 1387 1388 1389 1390 1391 1392 1393 1394 1395 1397 1398 1399 1401 1402 1403 1404 1407 1408 1409 1410 1411 1412 1414 1415 1416 1421 1423 1424 1426 1427 1429 1430 1431 1433 1434 1435 1438 1439 1440 1441 1443 1444 1445 1447 1448 1453 1454 1455 1456 1457 1458 1459 1462 1463 1468 1470 1471 1472 1473 1474 1476 1482 1483 1484 1485 1486 1487 1488 1490 1491 1495 1496 1497 1498 1502 1503 1504 1505 1506 1507 1508 1509 1511 1514 1515 1516 1517 1523 1524 1525 1526 1527 1528 1534 1535 1536 1540 1541 1542 1543 1544 1546 1548 1549 1550 1551 1552 1554 1563 1564 1565 1566 1567 1568 1569 1570 1572 1584 1589 1590 1591 1593 1594 1595 1601 1602 1603 1605 1608 1609 1610 1612 1613 1614 1615 1616 1619 1620 1621 1622 1624 1626 1627 1629 1632 1633 1634 1635 1636 1638 1644 1645 1646 1650 1651 1652 1654 1655 1656 1657 1658 1659 1664 1665 1668 1669 1670 1671 1672 1673 1674 1676 1677 1679 1680 1681 1683 1684 1685 1686 1691 1693 1694 1695 1696 1697 1698 1699 1700 1701 1703 1705 1706 1707 1708 1709 1710 1711 1713 1714 1718 1719 1721 1722 1723 1724 1725 1726 1727 1728 1729 1735 1736 1737 1738 1739 1740 1742 1743 1744 1745 1746 1747 1748 1749 1751 1752 1754 1757 1765 1766 1768 1769 1770 1771 1773 1780 1782 1784 1785 1786 1787 1788 1790 1792 1793 1794 1795 1801 1806 1808 1809 1811 1818 1824 1825 1826 1827 1828 1829 1830 1834 1836 1842 1843 1844 1845 1846 1847 1848 1852 1854 1855 1856 1858 1859 1860 1861 1862 1863 1869 1870 1871 1873 1878 1879 1884 1885 1886 1887 1888 1889 1890 1892 1900 1902 1905 1906 1907 1908 1910 1911 1915 1916 1917 1919 1922 1923 1924 1926 1928 1929 1930 1931 1932 1933 1934 1935 1936 1937 1938 1939 1945 1946 1951 1956 1957 1958 1959 1962 1964 1966 1970 1971 1972 1975 1976 1977 1978 1980 1988 1989 1992 1997 1998 1999 2000 2003 2004 2009 2015 2017 2018 2019 2030 2031 2032 2033 2035 2042 2046 2047 2049 2050 2051 2053 2054 2059 2060 2061 2064 2065 2066 2070 2075 2076 2077 2078 2081 2082 2083 2087 2091 2092 2093 2094 2096 2106 2109 2110 2111 2112 2113 2114 2116 2117 2118 2125 2126 2127 2128 2133 2134 2135 2137 2138 2139 2141 2144 2145 2146 2147 2150 2151 2152 2153 2154 2155 2157 2158 2160 2161 2162 2163 2164 2166 2167 2169 2173 2174 2175 2176 2177 2178 2179 2180 2181 2185 2186 2187 2188 2189 2192 2194 2195 2196 2197 2198 2200 2201 2202 2203 2205 2207 2208 2209 2215 2216 2217 2218 2219 2220 2226 2227 2229 2230 2232 2233 2245 2246 2247 2248 2249 2250 2251 2252 2253 2254 2260 2261 2262 2263 2264 2265 2266 2268 2273 2274 2275 2276 2277 2279 2283 2285 2286 2287 2288 2289 2297 2298 2299 2300 2301 2305 2307 2308 2309 2310 2314 2315 2316 2317 2318 2319 2320 2321 2322 2323 2324 2327 2337 2338 2339 2340 2341 2342 2343 2344 2345 2353 2355 2356 2357 2359 2365 2366 2367 2368 2369 2370 2371 2372 2373 2374 2375 2376 2377 2378 2380 2381 2389 2390 2395 2396 2398 2400 2401 2402 2403 2406 2407 2408 2409 2410 2413 2415 2420 2421 2423 2424 2426 2429 2433 2434 2436 2438 2447 2449 2450 2451 2452 2453 2454 2456 2457 2464 2465 2470 2471 2474 2478 2479 2480 2481 2482 2484 2485 2488 2490 2493 2494 2495 2496 2497 2498 2499 2501 2509 2510 2513 2515 2516 2517 2518 2521 2522 2523 2525 2526 2530 2534 2535 2537 2538 2541 2542 2543 2544 2545 2546 2547 2554 2555 2557 2559 2560 2566 2567 2568 2569 2570 2571 2572 2576 2579 2580 2581 2583 2585 2586 2589 2592 2593 2594 2595 2596 2598 2601 2604 2605 2606 2608 2609 2610 2611 2615 2619 2620 2621 2623 2624 2625 2627 2628 2629 2630 2631 2632 2633 2634 2635 2643 2644 2645 2646 2648 2649 2650 2651 2655 2656 2664 2665 2666 2667 2668 2669 2670 2673 2674 2675 2679 2680 2681 2683 2685 2686 2687 2688 2690 2691 2692 2696 2697 2698 2699 2701 2702 2703 2704 2705 2707 2708 2710 2711 2712 2714 2715 2716 2717 2718 2719 2720 2721 2722 2723 2726 2727 2728 2732 2734 2737 2738 2739 2742 2745 2747 2748 2749 2750 2751 2753 2754 2762 2764 2766 2767 2768 2769 2770 2772 2773 2776 2777 2779 2780 2784 2785 2786 2787 2791 2794 2798 2799 2800 2802 2804 2805 2806 2807 2808 2809 2812 2813 2814 2816 2819 2820 2821 2822 2823 2824 2826 2827 2828 2829 2832 2833 2835 2836 2837 2838 2839 2840 2841 2843 2845 2846 2847 2848 2849 2850 2851 2852 2853 2855 2856 2858 2859 2860 2863 2864 2865 2866 2868 2869 2870 2871 2873 2874 2875 2876 2878 2880 2882 2883 2884 2885 2886 2887 2889 2890 2891 2892 2893 2894 2895 2897 2898 2901 2902 2904 2905 2906 2907 2909 2912 2913 2914 2915 2916 2917 2918 2919 2921 2922 2923 2924 2925 2926 2927 2928 2929 2931 2932 2933 2936 2940 2941 2943 2945 2946 2947 2948 2949 2950 2951 2954 2955 2956 2957 2958 2959 2962 2963 2968 2969 2971 2972 2973 2974 2977 2978 2979 2981 2984 2985 2986 2987 2988 2989 2990 2991 2992 2993 2994 2996 2997 2999 3000 3001 3002 3004 3005 3006 3008 3011 3012 3014 3015 3017 3018 3021 3023 3024 3025 3027 3030 3031 3032 3035 3036 3037 3038 3039 3040 3041 3042 3043 3046 3047 3048 3049 3051 3052 3053 3055 3056 3057 3059 3064 3065 3067 3068 3071 3072 3074 3075 3076 3077 3079 3080 3081 3082 3085 3086 3087 3088 3091 3092 3093 3094 3095 3096 3097 3098 3099 3100 3102 3103 3104 3105 3106 3107 3108 3109 3110 3112 3113 3114 3116 3117 3120 3121 3124 3126 3129 3130 3131 3132 3133 3134 3135 3136 3137 3138 3139 3141 3142 3143 3144 3145 3147 3148 3149 3150 3151 3152 3153 3156 3157 3158 3160 3163 3164 3165 3166 3167 3170 3171 3172 3175 3176 3177 3179 3181 3182 3184 3187 3189 3191 3192 3193 3194 3196 3198 3200 3201 3202 3203 3204
3708 : 3172
3709 : 2196 2845 3041
3710 : 598 3008
3711 : 1445 2898 2931 3111 3183
3712 : 2567
3716 : 1290 2312 2324
3717 : 3091
3719 : 2665
3721 : 1155
3722 : 1159 2317
3723 : 2303
3724 : 2141
3725 : 2815
3726 : 417
3729 : 3120
3730 : 144 222 284 335 558 677 731 1160 1162 1170 1180 1235 1248 1259 1260 1273 1292 1323 1327 1347 1350 1352 1364 1379 1440 1470 1485 1528 1564 1602 1625 1677 1681 1705 1726 1739 1788 1824 1844 1855 1856 1861 1911 1929 1931 1939 1997 2018 2030 2042 2046 2081 2112 2113 2200 2210 2267 2274 2341 2342 2388 2396 2597 2695 2717 2812 2821 2890 2940 2953 2979 2981 3085 3094 3114 3115 3133 3140 3152 3165 3184
3732 : 483 527 644 759 990 1012 1135 1263 1265 1323 1324 1393 1678 1781 1834 1884 2002 2082 2112 2229 2264 2376 2470 2484 2545 2561 2684 2732 2795 2842 2851 2864 2869 2886 2943 2990 3030 3031 3087 3138 3140 3143 3170 3201
3733 : 1358 1945 1988 2092 2155 2794
3734 : 1098 2915
3735 : 1265 1901 2264 2851 2920 2931
3736 : 1323 2060 2545 2931
3737 : 2950
3738 : 2765 3198
3739 : 2972
3740 : 202 397 850 1195 1213 1281 1309 1359 1651 1705 1856 1937 1974 2065 2421 2479 2492
3741 : 865 2082 2341 2342
3742 : 40 850 2367 2858
3743 : 2046 2451
3744 : 1926 2786
3745 : 1062 1169 1185 1278 1595 2456 3115
3746 : 2851 3008 3033 3152
3747 : 1163
3749 : 1423 1905 2144
3750 : 585 617 679 1098 1143 1393 1416 1470 1485 1530 2081 2196 2568 2851 3068 3077
3751 : 282 319 405 679 755 1015 1146 1216 1396 1602 1608 1782 1890 1956 1997 2354 2645 2784 3193
3752 : 3193
3753 : 93 281 319 730 964 1334 1397 1411 1433 1444 1536 1608 1638 1782 1910 2229 2465 2486 2610 2780 2800 2850 3079 3094
3754 : 2002
3755 : 124 1026 1196 1199 1681 1751 2194 2342 2688 2878 3059
3756 : 2389 2484 2870
3757 : 1543 1766 1782 2015 2059 2488 2568 2799 2922 2993
3758 : 281 2568 2765 2841 2870
3762 : 2494
3764 : 2233
3765 : 731 1295 2308 2786 3120 3147
3766 : 3032
3769 : 2197
3772 : 78 894 942 1013 1045 1112 1386 1387 1390 1398 1423 1441 1497 1524 1534 1609 1620 1742 1824 1856 1956 2051 2052 2081 2082 2093 2184 2188 2197 2198 2268 2283 2308 2343 2344 2420 2525 2561 2629 2705 2721 2739 2749 2843 2887 2998 3010 3059 3066 3091 3112 3132 3172
3773 : 2147
3774 : 1834 2325 2880
3775 : 3049 3077
3776 : 2303
3777 : 96 243 254 414 796 860 1098 1214 1349 1397 1435 1605 1748 1764 1845 1876 1900 1951 2065 2141 2154 2198 2233 2372 2485 2494 2538 2620 2772 2810 2812 2852 2887 2919 2985 3091 3166
3779 : 1462 1473 1554 2567
3783 : 1645 1805 2033 2297 2481 2828
3784 : 2229
3785 : 2140 2606
3786 : 3135
3787 : 730 1879 2498 2596 2734 2955
3788 : 1879
3789 : 3112
3790 : 2383
3792 : 1911 2376 2402 2826 2828 3026
3793 : 825 1741
3794 : 78 1469 1505 1671 1748 2112 2163 2218 2372 2479 2765 2772 2870 2888 2893 2898 2932 2950 2979
3805 : 3182
3812 : 367 1306 1549 1552 1635 1691 1735 1745 1786 1826 1878 2137 2603 2740 2816 2902 2911 2922 2923 3112 3172
3814 : 1632 2541 2802 2865 2866 3182
3816 : 2002
3820 : 1354 2263 2354 2631 2998 3041 3053 3113
3821 : 974 1002 1114 1551 1726 1728 2051 2130 2631 2734 2887 2990 3041 3053
3822 : 2020 2113 2252 2493 3005 3039 3041
3823 : 536 849 1235 1400 1470 1485 1636 1676 1916 1939 2020 2114 2130 2210 2261 2482 2567 2670 2894 2970 2993 3012 3132 3173
3836 : 95 96 153 205 281 284 298 319 492 527 531 585 615 619 671 695 696 698 724 728 796 824 850 854 860 861 940 942 963 964 972 1002 1003 1012 1035 1046 1047 1049 1062 1084 1097 1113 1134 1135 1143 1147 1154 1155 1159 1162 1169 1170 1173 1186 1188 1195 1196 1205 1223 1235 1238 1248 1255 1260 1261 1271 1278 1282 1315 1324 1327 1347 1349 1350 1359 1366 1385 1392 1398 1411 1413 1415 1424 1425 1430 1431 1433 1438 1443 1455 1458 1459 1470 1485 1497 1506 1507 1515 1517 1526 1527 1550 1568 1588 1595 1602 1603 1608 1621 1641 1651 1652 1674 1677 1681 1684 1685 1686 1691 1692 1693 1695 1699 1700 1723 1725 1727 1728 1740 1754 1766 1768 1769 1771 1786 1787 1807 1811 1827 1829 1834 1844 1855 1862 1868 1878 1888 1890 1891 1906 1925 1929 1930 1936 1945 1948 1951 1956 1957 1962 1976 1978 1988 1989 1999 2002 2017 2019 2020 2033 2046 2047 2054 2061 2064 2065 2070 2086 2092 2112 2113 2114 2125 2127 2141 2142 2147 2148 2150 2152 2153 2160 2163 2164 2167 2175 2188 2189 2194 2197 2198 2202 2203 2204 2209 2210 2216 2217 2219 2228 2231 2233 2245 2250 2263 2273 2274 2275 2276 2286 2289 2294 2297 2300 2305 2306 2311 2324 2339 2342 2343 2344 2355 2356 2373 2376 2382 2388 2390 2396 2399 2401 2410 2421 2437 2453 2469 2471 2477 2484 2496 2518 2523 2526 2527 2528 2529 2535 2541 2542 2545 2549 2556 2558 2559 2561 2567 2571 2574 2581 2582 2583 2584 2593 2620 2621 2623 2652 2666 2668 2674 2682 2683 2684 2692 2697 2699 2701 2711 2733 2738 2741 2746 2752 2753 2780 2786 2795 2798 2801 2805 2819 2829 2832 2833 2834 2847 2855 2856 2858 2859 2864 2865 2866 2868 2870 2876 2878 2883 2886 2893 2901 2903 2905 2911 2914 2918 2920 2923 2925 2931 2940 2943 2954 2956 2957 2966 2969 2978 2980 2981 2985 3002 3012 3013 3015 3018 3023 3024 3025 3026 3027 3028 3031 3034 3036 3045 3047 3052 3053 3054 3059 3065 3066 3067 3074 3075 3077 3087 3091 3093 3095 3098 3100 3103 3106 3110 3112 3114 3120 3135 3137 3142 3144 3146 3149 3150 3157 3164 3177 3179 3182 3204
3839 : 1145
3844 : 2106
3846 : 598 630 950 1010 1047 1171 1179 1426 1491 1591 1680 1693 1938 1974 2035 2144 2194 2198 2251 2277 3076 3185
3847 : 2272 2787
3849 : 185 320 1135 1236 1306 1315 1464 1516 1527 2002 2113 2421 2527 2951 3049
3850 : 39 95 497 533 536 615 848 1003 1029 1030 1032 1111 1154 1169 1182 1216 1235 1252 1255 1272 1278 1325 1351 1359 1403 1408 1431 1433 1441 1460 1470 1484 1514 1525 1527 1536 1568 1620 1645 1741 1774 1806 1859 1869 1875 1878 1888 1911 1924 1930 1936 2032 2051 2078 2096 2145 2184 2208 2216 2219 2232 2251 2261 2275 2307 2314 2366 2375 2398 2399 2470 2480 2498 2544 2559 2593 2595 2609 2610 2622 2652 2667 2696 2701 2711 2720 2802 2816 2829 2858 2889 2904 2905 2916 2919 2922 2940 2993 3015 3027 3040 3047 3052 3057 3067 3079 3084 3136 3157 3177
3851 : 1029 1260 1323 1402 1403 1408 1469 1476 1754 2060 2113 2181 2321 2438 2718 3049 3077 3143
3852 : 1788
3853 : 1496
3854 : 92 95 96 205 284 396 678 693 731 759 796 848 855 962 964 1009 1029 1030 1114 1134 1143 1346 1359 1403 1417 1438 1467 1552 1591 1608 1672 1691 1750 1784 1836 1930 1931 1962 1977 2002 2003 2036 2060 2160 2164 2169 2184 2188 2192 2198 2210 2217 2322 2323 2340 2372 2378 2470 2541 2558 2609 2667 2806 2836 2905 2967 2986 3086 3101 3124 3153 3157 3199 3200 3203
3855 : 3183
3856 : 973 1309 1487 1504 1552 1595 1653 1806 1847 2080 2148 2189 2203 2402 2751 3073 3138
3857 : 2674
3858 : 3090
3859 : 1765 2893
3860 : 3021 3182
3862 : 1705
3863 : 224 1196 1270
3864 : 2753
3865 : 497 1170 1341 1347 1398 1488 1516 1553 1605 1609 1625 1792 1827 2198 2203 2272 2499 2522 2556 2645 2705 2708 2709 2726 2739 2750 2767 2813 2835 2897 2961 3001 3053 3111 3165
3866 : 2726
3867 : 2409
3869 : 585 671 695 724 1066 1099 1341 1366 1394 1397 1467 1487 1535 1713 1827 1861 1862 1978 2096 2166 2198 2308 2316 2319 2479 2522 2742 2888 2890 2915 2920 3100 3150
3872 : 1495 1847
3873 : 1099 1259 1514 2155 2210 2499
3874 : 1327 2017 2061 2916 2969
3876 : 1115 1173 1750 2317 2560
3884 : 2096 2215 2471 2483 2920 2979 3050
3885 : 2368 2471
3886 : 1591
3887 : 1951 2366 2569 2847 3046 3098
3893 : 2319
3894 : 1552 1826 1853 1869 1878 1972 2137 2262 2723 2832 2838 2896 3039 3112
3896 : 1112 2581
3901 : 248
3906 : 1088
3910 : 3012
3911 : 1811 2962
3912 : 2310
3914 : 2594
3915 : 1526
3919 : 1003 1592 3091
3923 : 2031
3926 : 1034
3934 : 58 106 205 278 321 397 441 462 464 531 655 796 828 856 865 891 941 942 1003 1030 1051 1062 1071 1087 1108 1147 1153 1154 1155 1164 1186 1196 1230 1236 1258 1314 1326 1341 1347 1392 1400 1408 1415 1433 1474 1507 1518 1523 1528 1530 1541 1543 1544 1572 1623 1646 1649 1651 1685 1693 1710 1713 1720 1726 1742 1748 1750 1751 1767 1774 1824 1827 1829 1844 1856 1879 1885 1927 1936 1937 1945 1976 1978 2016 2030 2032 2046 2083 2094 2110 2128 2151 2165 2166 2181 2188 2217 2219 2227 2252 2254 2287 2302 2314 2323 2341 2372 2373 2398 2400 2453 2484 2499 2500 2501 2518 2535 2545 2567 2627 2634 2644 2651 2652 2668 2670 2674 2682 2687 2698 2701 2705 2707 2714 2721 2722 2767 2772 2780 2802 2807 2810 2811 2868 2886 2912 2918 2919 2923 2925 2929 2936 2949 2953 2985 2986 2999 3002 3022 3068 3081 3096 3103 3110 3113 3125 3136 3138 3139 3148 3163 3193
3935 : 278 1877 2003 2060 2127 2152 2217
3936 : 39 332 335 1455 1491 1567 1724 1744 1750 1997 2130 2410 2435 2455 2545 2546 2712 2744 2809 2837 2845
3937 : 1997 2697 3099
3938 : 1170 1856 2217 2286 2568 2627 2630
3939 : 865 1071 1359 1423 1460 1467 1554 1563 1586 1665 1925 1959 1975 2114 2198 2314 2554 2632 2686 2777 2787 3006 3067
3940 : 2396
3941 : 2561
3942 : 96 440 531 595 981 1143 1162 1224 1470 1474 1524 1717 1727 1788 1884 1951 2217 2249 2339 2734 2810 2902 3077
3943 : 123 637 717 1047 1083 1279 1334 1388 1551 1554 1594 1665 2036 2061 2152 2253 2323 2383 2547 2569 2718 2834 3114 3179
3944 : 123 251 298 637 1047 1171 1334 1350 1411 1425 1468 1487 1517 1527 1594 1619 1665 1741 1867 1874 1962 2004 2015 2062 2141 2160 2177 2189 2494 2580 2751 2913 2924 3080 3114
3945 : 678 1114 1160 1307 1350 1368 1388 1594 1957 3015 3129 3200
3946 : 533 1009 1073 1114 1153 1166 1183 1433 1444 1476 1622 1637 1685 1741 1768 1959 2015 2061 2216 2249 2261 2273 2274 2413 2421 2569 2592 2686 2795 2847 2884 3046 3087 3098 3107
3947 : 598 1234 1358 1365 1413 1429 1487 1665 1741 1845 1930 1939 2020 2083 2189 2229 2230 2274 2486 2592 2624 2764 2812 2834 2856 2871 2924 3036
3948 : 2311
3949 : 3025
3950 : 1468 1911 2922
3951 : 1293 1420 1564 1631 1691 1874 1930 1933 1939 1957 2686 2687 2795 2940
3952 : 95 1122 1416 1420 1674 1691 1930 2674 2687 2940
3953 : 2651
3954 : 63
3955 : 2051
3957 : 3080
3959 : 3165
3961 : 242 1148 2230 2547 2828 2873 3135
3962 : 1925 2019 2232 2514
3963 : 824 1834 2873
3967 : 848
3972 : 1014 1389 1518 1644 1735 2203 2876
3973 : 1464
3974 : 1014 1292 1470
3993 : 497 630 848 1010 1015 1098 1148 1197 1213 1474 1505 1540 1634 1686 1961 1974 2000 2094 2188 2231 2571 2730 2753 2805 2833 2905 2931 2990 3024 3077 3118 3131 3182 3191
3994 : 48 69 94 278 320 495 497 595 619 677 695 717 726 731 759 796 799 854 865 949 951 1015 1029 1048 1051 1072 1110 1111 1116 1155 1159 1172 1180 1185 1199 1259 1265 1278 1306 1326 1327 1331 1332 1350 1351 1353 1358 1363 1386 1395 1399 1408 1425 1433 1441 1443 1444 1473 1486 1495 1501 1528 1540 1542 1550 1567 1592 1595 1601 1608 1609 1614 1641 1645 1646 1665 1683 1707 1708 1711 1713 1723 1724 1739 1740 1744 1752 1768 1770 1771 1784 1806 1810 1825 1827 1829 1834 1836 1853 1855 1861 1874 1875 1876 1877 1885 1890 1902 1906 1911 1912 1933 1934 1935 1956 1960 1961 1976 1988 2002 2003 2004 2015 2020 2033 2035 2062 2065 2076 2081 2094 2112 2113 2144 2160 2175 2176 2178 2195 2216 2227 2245 2248 2264 2286 2297 2300 2302 2307 2309 2312 2321 2338 2342 2409 2447 2451 2452 2456 2484 2513 2514 2515 2524 2544 2560 2605 2609 2622 2623 2625 2632 2650 2667 2668 2679 2684 2686 2688 2696 2700 2701 2712 2722 2723 2737 2738 2766 2769 2771 2795 2799 2800 2802 2806 2808 2809 2822 2828 2829 2835 2836 2837 2840 2864 2865 2876 2877 2883 2886 2905 2914 2922 2946 2968 2990 2999 3001 3005 3027 3031 3033 3036 3041 3046 3055 3056 3057 3072 3077 3079 3082 3092 3094 3098 3102 3110 3114 3124 3125 3134 3139 3149 3152 3157 3164 3167 3170
3996 : 252 536 1003 1049 1290 1323 1349 1423 1608 1741 1905 2031 2181 2198 2208 2400 2537 2597 2670 2695 3024 3043 3081 3163 3184
3997 : 605 1265 1445 2054 2060 2931 2959 2986 2993 3153
3998 : 780
4001 : 2494
4003 : 1409
4009 : 1886 1947 2137 2187 2195 2470 2701 2716 2851 2877 2920 2923 2944
4010 : 2220 2252 2598
4012 : 690
4016 : 321 1188 2319 2931
4017 : 616 1167 1665 2217 2253 2356 2664 2718 3204
4018 : 1653 1703 2138 2147 2247 2298 2380 2480 2785
4019 : 1272 1290
4022 : 2053
4032 : 462 655 724 1002 1196 1543 1626 1727 1905 1926 1945 2314 2341 2368 2455 2708 2787 2811 2859 2868 2897 3033 3045 3091 3176 3180 3196
4035 : 1932
4043 : 1497
4047 : 1390
4048 : 1410 1476 2470
4049 : 670 1719 1862 2893 3160 3181
4050 : 1769 2893 3011
4051 : 1170
4052 : 2998
4057 : 1592 2633
4058 : 1270
4061 : 2803
4062 : 1902
4063 : 1412
4064 : 2959
4065 : 1678 1945 2345 2480 2823 2852 2962
4071 : 949 1012 1265 1350 1399 1468 1527 1569 1683 1768 1787 1825 1836 1855 1885 1939 1989 2015 2061 2177 2274 2546 2702 2703 2739 2886 3094
4072 : 1265 1527 1683 1768 1911 1939 1989 2015 2030 2127 2179 2301 2340 2698 2702 2703 2733 2886 2921
4073 : 1415 1527 1671 2546 2795 3149
4075 : 2233
4076 : 2163
4077 : 2822 2962
4078 : 1877
4081 : 1432 1847 1961 2015 2052 2059 2125 2177 2178 2189 2289 2368 2484 2490 2619 2695 2701 2877 2883 2920 2980 3018 3124 3139 3156 3164
4082 : 1324 1603 1767 1829 1978 2003 2078 2105 2313 2343 2494 2604
4083 : 824 1206 1309 1467 1589 1697 1829 1925 1929 1977 2105 2211 2232 2341 2828 2924 3049 3125
4084 : 1697 1892 1956 2924 2988
4085 : 1829 2188 2402 2421 2674 2687 2820 2924 3049
4086 : 1504 1916 1937 2059 2155 2178 2447 2619 2701 2877 2923 3008 3139
4089 : 3160
4090 : 2424
4092 : 3071
4094 : 1929 2142 3013 3057
4096 : 3015
4098 : 111 435 728 1143 1441 1628 1856 2106 2317 2319 2940 3015
4099 : 40 243 252 441 1035 1164 1352 1393 1462 1572 1649 1653 1769 1975 2195 2200 2263 2569 2598 2631 2734 2807 3096 3182
4100 : 1162 1393 1788 2031 2306 3059 3072
4101 : 1028 1030 1206 1257 1467 1516 1636 1651 1722 1978 2092 2317 2700 2828 2998
4118 : 867 2492 2696
4131 : 1695
4132 : 205 1925 3079
4133 : 1215 1308 1476 1605 1609 1891 1907 1948 2298 2421 2437 2572 2739 2881 3134
4134 : 1398 1609 2944
4135 : 2140 2798
4136 : 440 2494
4137 : 144 891 1948 2421 2623 2652 2911 2961 3090 3160
4139 : 1433 2515 2734
4140 : 322 2262 2980 3049 3077 3148 3150
4141 : 1066 1847 2313 2388 2874
4142 : 103 1928 2289 2537 2712 2828 3042 3064
4143 : 1387 1589 2046 2262 2483 2721 2977 2985 3117
4148 : 1936 2594 2870 2981 3104
4149 : 1621 2368
4150 : 2220
4151 : 2525
4152 : 3043 3073
4155 : 1636
4156 : 1253 1989 2127 2217 2581
4157 : 2097 2187 2379 2398 3033
4158 : 822 1771 1827 2017 2203 2968
4159 : 1194 1237 1572
4160 : 1726 3133
4164 : 1891
4179 : 254 531 585 1099 1170 1415 1595 1605 1615 1764 1908 2036 2233 2317 2541 2709 2734 2902 2937 2963 3204
4187 : 724 1179 1235 1369 1593 1700 1709 1764 1929 1998 2018 2050 2109 2147 2801 2839 2899 3083 3177
4205 : 95 320 1216 1429 1453 2019 2537 3080 3136
4206 : 1349
4207 : 321 495 675 726 1003 1014 1084 1172 1432 1462 1502 1519 1632 1767 1846 1877 2054 2169 2252 2378 2692 2722 2921 3080
4208 : 441 893 1166 1234 1307 1693 1700 1846 2002 2080 2449 2555 2786 3033
4209 : 1432 1957 2378 2764 2877
4210 : 435 1148 1173 1210 1234 1238 1264 1290 1552 1646 1651 1786 1928 2035 2128 2198 2253 2273 2547 2623 2704 2947 2996 2999 3045 3049 3064 3087 3199
4217 : 2312 2424
4219 : 3082
4220 : 2316
4221 : 1641
4222 : 724
4225 : 321 1589 1862 2536
4228 : 2931
4229 : 322 397 585 595 698 963 1159 1165 1199 1258 1408 1409 1518 1526 1548 1572 1603 1679 1748 1750 1752 1754 1774 1829 1956 2016 2138 2147 2151 2175 2188 2277 2342 2358 2377 2380 2401 2421 2424 2433 2516 2580 2625 2738 2801 2869 2928 2967 3025 3026 3056 3131 3136 3158
4230 : 2020
4231 : 533 2610
4232 : 2383
4242 : 48 116 241 242 243 252 284 300 321 322 409 441 464 495 536 558 585 605 619 637 670 693 696 719 724 728 755 796 861 867 893 942 962 964 971 1003 1012 1045 1066 1072 1083 1088 1099 1112 1116 1135 1143 1144 1145 1155 1160 1161 1163 1166 1171 1179 1181 1195 1197 1214 1215 1216 1234 1252 1254 1257 1260 1265 1288 1307 1309 1324 1334 1345 1347 1350 1362 1365 1383 1387 1394 1408 1409 1423 1425 1427 1439 1441 1445 1456 1458 1464 1468 1476 1486 1488 1496 1497 1501 1505 1524 1525 1529 1530 1542 1543 1552 1572 1589 1619 1622 1633 1641 1647 1649 1652 1665 1677 1681 1691 1700 1710 1717 1723 1741 1767 1788 1805 1807 1824 1825 1827 1844 1847 1852 1854 1856 1858 1860 1879 1885 1890 1891 1900 1905 1906 1907 1932 1951 1962 1976 1977 2002 2018 2020 2034 2047 2064 2083 2091 2096 2109 2110 2111 2127 2128 2137 2141 2148 2153 2154 2155 2162 2163 2169 2170 2174 2179 2181 2196 2197 2211 2217 2219 2220 2230 2233 2248 2252 2277 2283 2285 2302 2305 2307 2341 2354 2355 2358 2370 2380 2396 2400 2402 2420 2421 2433 2438 2450 2471 2483 2497 2501 2514 2522 2523 2526 2541 2547 2567 2580 2596 2604 2609 2620 2623 2648 2670 2674 2684 2686 2700 2701 2707 2709 2715 2717 2730 2745 2746 2753 2771 2777 2779 2785 2786 2787 2802 2811 2846 2849 2852 2864 2865 2873 2874 2880 2882 2897 2916 2921 2924 2931 2939 2947 2961 2963 2971 2979 2993 3002 3009 3011 3015 3018 3021 3026 3033 3034 3036 3037 3057 3069 3071 3092 3096 3103 3107 3115 3117 3120 3125 3127 3131 3146 3163 3175 3176 3181 3188 3189 3200 3201 3203
4243 : 2402
4245 : 1786 1973 2018 2033 2107 2109 2139 2251 2543 2625 2770 3083 3112
4246 : 2359
4247 : 2032 2107 2208 2359 2559 2688 2905 3176
4253 : 1223
4257 : 69 78 92 103 242 281 321 417 440 464 531 558 616 637 675 677 695 724 761 848 851 891 942 944 950 1046 1047 1051 1062 1067 1098 1099 1108 1134 1143 1155 1194 1197 1265 1279 1307 1327 1334 1345 1381 1385 1408 1409 1412 1415 1434 1441 1454 1457 1459 1465 1475 1476 1482 1483 1507 1525 1531 1554 1588 1602 1609 1613 1620 1625 1626 1630 1641 1650 1665 1686 1698 1706 1727 1742 1748 1749 1754 1768 1771 1784 1786 1788 1807 1811 1834 1856 1869 1874 1875 1877 1884 1886 1900 1905 1907 1908 1925 1929 1931 1936 1938 1945 1948 1972 1978 2034 2047 2050 2096 2106 2127 2135 2144 2145 2147 2150 2154 2166 2168 2179 2193 2194 2196 2208 2216 2219 2233 2247 2273 2285 2288 2304 2306 2313 2317 2319 2341 2342 2344 2354 2368 2383 2388 2420 2424 2435 2437 2453 2480 2486 2497 2500 2522 2526 2527 2555 2561 2582 2592 2606 2622 2624 2666 2667 2674 2687 2692 2699 2715 2720 2728 2734 2739 2742 2770 2787 2804 2806 2808 2820 2821 2843 2846 2851 2852 2856 2860 2884 2888 2894 2897 2898 2899 2906 2912 2913 2921 2924 2931 2936 2937 2949 2963 2966 2979 2980 2990 3000 3001 3010 3011 3024 3028 3034 3039 3044 3055 3065 3076 3077 3081 3097 3103 3117 3132 3136 3147 3156 3160 3163 3179 3180 3183 3188 3197 3198
4259 : 71 106 860 1158 1248 1259 1323 1420 1550 1551 1610 1641 1642 1691 1876 2002 2046 2555 2592 2697 2730 2765 2836 2891 2989 3142
4264 : 1387
4266 : 595 1010 1226 1307 1454 1699 1725 1747 1844 2219 2479 2514 2622 2777 2959 3021 3120
4267 : 1108 1740 2359 2375 2597 2892 2925
4268 : 2857
4269 : 1614
4270 : 1945
4271 : 276
4272 : 1741
4273 : 2914
4274 : 440 531 1315
4276 : 3112
4280 : 973 974 1958 2483 2986
4281 : 1003 1048 1692
4282 : 2709
4283 : 1676 1854 2892
4284 : 1272 2304 2648 2849 3072
4288 : 3042 3096
4289 : 1750
4294 : 146 236 1008 2035 2181 3021 3076 3160
4295 : 1443
4301 : 116 1486 1856 2036 2233 2626 2698 2730 2810 2820 2943 3076
4302 : 2730 2923 3030 3103
4303 : 2145 2188
4304 : 675
4307 : 1388 1647 1886 2109 2627 3081
4316 : 92 462 536 655 891 895 1003 1135 1162 1172 1280 1306 1417 1476 1497 1613 1691 1805 1825 1932 1988 2176 2178 2188 2204 2305 2380 2421 2679 2718 2766 2808 2847 2876 2878 2919 3009 3018 3064 3068 3074 3120
4317 : 321 1476 2137
4318 : 2692
4328 : 2969
4329 : 1013 1768 1886 2145 2195 2196 2217 2389 2413 2453 2683 2688 2753 2883 2979 3018 3033 3036 3139
4330 : 2297 3033
4331 : 1098 2860 2885
4333 : 2525 2744
4334 : 2283
4339 : 1915 2369 2751 2827
4340 : 1915
4341 : 1632 1749 2113 2482 2494 2516 2541 2626 2629 2740 2765 3030
4342 : 1471 2738 3077
4343 : 2526
4344 : 1247 1552 1828 2080 2571 2832 2864 2867 2892 2957 2987
4346 : 48 111 281 367 724 755 1032 1113 1145 1179 1235 1472 1544 1552 1613 1676 1693 1769 1860 1923 1962 2003 2081 2091 2198 2246 2320 2354 2355 2493 2527 2542 2593 2688 2699 2705 2708 2716 2717 2749 2787 2819 2826 2887 2898 2985 3041 3077 3080 3092 3150 3171
4347 : 731 974 1188 1497 1542 1726 1765 1788 1861 1908 2002 2064 2147 2197 2316 2720 2776 2893 2897 3035 3077 3150
4348 : 2096 3199
4349 : 2020 2704
4350 : 3183
4351 : 1288 2091
4352 : 92 670 850 950 1028 1163 1167 1223 1454 1541 1571 1705 1738 1844 2138 2160 2454 2486 2567 2581 2632 2717 2820 2891 3005 3041 3048 3066 3111 3127
4356 : 2233
4358 : 1226 1307 1384 1699 1764 2002 2480 2820 2876 3081
4359 : 497 1391 2622
4360 : 2402
4364 : 1973
4368 : 728 962 1226 1257 1348 1454 1486 1517 1591 1602 1699 1710 1713 1725 1747 1770 1788 1960 2002 2097 2155 2201 2219 2302 2434 2480 2572 2785 2787 2820 2898 2959 3021 3028 3050 3057 3071 3158
4369 : 319 595 691 2305 2808 2866
4370 : 2304
4371 : 116 1032 1194 1845 2004 2233 2313 2316 2324 2705 2707 2709 2866 3121 3174
4372 : 2947
4375 : 1354
4379 : 2233
4380 : 2715 2750
4386 : 1051 1052 1886 2438 2627 2846 2855
4388 : 2245 2499 2922 3000
4389 : 3084
4396 : 1686
4397 : 1686 2526
4398 : 1686
4401 : 2918
4403 : 1144 1517
4404 : 1274 2712 3124
4410 : 1658 2450
4411 : 616 1155 2367
4416 : 1548 1741 1906 2231
4417 : 1906
4425 : 675
4427 : 2138 2178 2198 2593 3144
4428 : 3032
4431 : 441 825 2786
4432 : 1550 2742
4437 : 111 319 321 497 595 675 867 940 1032 1051 1323 1346 1352 1382 1462 1486 1489 1536 1637 1643 1769 1783 1787 1861 1873 1931 1934 1958 2046 2081 2139 2148 2151 2208 2229 2232 2286 2309 2327 2342 2354 2358 2369 2380 2390 2396 2398 2400 2406 2420 2439 2470 2480 2536 2537 2579 2704 2707 2712 2733 2815 2883 2886 2903 2931 2939 2959 2970 2979 2986 3014 3031 3033 3052 3054 3060 3082 3102 3105 3140 3144 3162 3177
4450 : 2019 2997 3151
4451 : 2997
4452 : 92 462 1143 1155 1383 1394 1415 1486 1543 1553 1726 1769 1829 1962 1978 2145 2196 2308 2383 2483 2622 2726 2925 2951 2979 3015 3185 3203
4453 : 2310
4455 : 1272 1553 2979
4458 : 531 619 1236 1397 2634 3003
4459 : 3024
4463 : 2233
4472 : 2882 3070
4475 : 2631
4476 : 1410 2734
4478 : 1554
4479 : 1554
4480 : 3132
4481 : 3132
4482 : 2064
4485 : 1230
4486 : 1792
4487 : 1182 2485 2734 2985 3182
4488 : 2734 2911 3091
4489 : 1517 1698 1854 2051 2371 3050 3070
4490 : 1727 2219 2406 2916 3057
4502 : 3190
4503 : 848 1188 1210 1415 1685 1700 2082 2184 2620 2716 3138
4504 : 1048 1609 1626 2451 2692 2987
4505 : 3088
4506 : 1456
4507 : 78 146 435 616 962 1381 1392 1677 1748 1960 2065 2162 2184 2197 2327 2453 2709 2753 2922 2931 3027 3138 3143
4508 : 123 278 615 1003 1605 2289 2377 2687 2692 2940 3033 3072 3088
4509 : 2438
4510 : 48 397 492 531 605 893 1032 1331 1487 1703 2050 2626
4511 : 1112
4512 : 367 440 1135 1235 1390 1470 1485 1665 1721 1827 1878 2033 2198 2765 2776 2802 2887 2888 2897 2999 3154
4513 : 1706 2684 2860
4514 : 794 1234 1314 2082
4515 : 397 670 1072 1517 2033 2184 2625 2741 2754 2893 3165
4516 : 48 440 1072 1135 1143 1696 2893 3202
4518 : 2499 2970
4519 : 20 95 185 278 865 894 940 949 1099 1109 1112 1155 1184 1188 1197 1366 1379 1381 1413 1450 1454 1488 1608 1634 1650 1684 1721 1747 1825 1844 1847 1861 1908 1915 1931 1932 1936 2036 2139 2175 2177 2185 2194 2195 2196 2247 2308 2327 2340 2424 2456 2497 2500 2543 2622 2702 2726 2838 2840 2857 2881 2883 2898 2901 2912 2926 2931 2989 2996 3002 3018 3052 3057 3076 3084 3086 3152 3154 3185
4522 : 1413
4523 : 1014
4528 : 3097
4533 : 1428 2807
4536 : 1108 2705
4537 : 2004
4538 : 104 111 1051 1134 1236 1381 1393 1470 1485 1543 1787 1901 2094 2166 2254 2313 2494 2668 2890 2912 3047 3054 3088 3121
4539 : 694 794 1109 1327 1404 1434 1495 1649 1703 1719 1738 1868 1959 1989 2152 2204 2210 2299 2340 2356 2865 2925 3073 3082 3087 3124 3137 3138 3143 3165
4540 : 2033 2051 2060 2451 2547 2967 2970 3090 3094
4541 : 2082 2721 3071
4542 : 1681 2891
4543 : 2738
4544 : 20 1673 2020 2042 2232 2592 2923
4545 : 1144 1327 1686 1741 1891 2125 2211 2283 2370 2421 2826 3015 3047
4548 : 1067 1686 1891 1929 2751 2829 3047
4549 : 3138
4550 : 2308
4552 : 2771
4553 : 2889
4554 : 2455
4555 : 1216 3072
4556 : 731 1636
4557 : 2656
4558 : 724 1033 1099 1170 1225 1350 1415 1464 2289 2767 2828 3024 3031 3182
4559 : 1680 2273 2497
4562 : 670 2197 2302 2319 2367 2709 2882 2890 2893 3028 3090 3117 3119 3183
4563 : 3011 3090 3179 3183
4564 : 1769
4566 : 1180 1323 1470 2470
4567 : 1180
4569 : 78
4571 : 441 1403 1771 1853 1936 1997 2209 2433 2438 2815 2939 3023 3054 3080
4572 : 435 679 822 892 1009 1033 1088 1164 1213 1252 1359 1366 1392 1395 1507 1515 1534 1570 1610 1646 1649 1671 1682 1710 1739 1744 1748 1774 1809 1827 1852 1905 1946 1960 1973 1978 1989 2016 2017 2034 2036 2053 2113 2151 2155 2162 2164 2169 2178 2186 2193 2209 2247 2264 2277 2299 2345 2355 2358 2368 2372 2375 2380 2398 2399 2401 2407 2438 2522 2527 2536 2542 2543 2546 2580 2592 2597 2606 2629 2631 2739 2765 2786 2817 2820 2849 2851 2867 2884 2913 2940 2946 2950 2957 2968 3011 3031 3035 3036 3048 3054 3087 3103 3117 3120 3128 3138 3147 3164
4573 : 1483 1679 1905 2289 2522 2674 3025 3103 3112 3131 3171
4574 : 851 1160 1234 1257 1488 1530 1536 1542 1572 1625 1641 1647 1671 1706 1726 1768 1827 1852 1853 1854 1860 1869 1871 1885 1978 2002 2004 2017 2034 2064 2083 2113 2128 2169 2178 2179 2193 2211 2217 2219 2246 2247 2254 2289 2299 2341 2378 2380 2439 2451 2500 2561 2567 2604 2624 2674 2715 2880 2916 2922 2946 2947 2949 2950 2971 3004 3005 3032 3034 3069 3071 3076 3127 3180
4575 : 1366
4576 : 615 1002 1351 1386 1549 1569 1785 1788 1871 2054 2139 2377 2545 2716 2950 2955 3158
4578 : 2628
4579 : 1717
4580 : 1460
4581 : 670 1366 1591 1605 1680 2262 2272 2310 2433 2456 2526 2840 2864 2871 2907 2911 2941 3000 3006 3012
4582 : 1470 1869 2047 2534 2856 2923 3076
4583 : 1359 1470 1527 1693
4584 : 1711 2726
4585 : 1462 1892 1997 2424 2688 2800 2858 2887
4586 : 990 1747
4587 : 1383 1427 1553 1684 1738 1771 1889 1945 2053 2302 2479 2656 2709 2721 2811 2876 3015 3065 3076
4588 : 40 106 462 585 670 694 1012 1099 1223 1252 1314 1324 1380 1403 1423 1456 1469 1587 1605 1665 1684 1698 1722 1735 1769 1770 1792 1810 1811 1834 1835 1885 1930 1948 1962 2096 2108 2142 2145 2187 2196 2197 2288 2310 2314 2317 2355 2359 2377 2380 2479 2484 2541 2695 2798 2802 2886 2893 2940 2945 2957 2985 3008 3012 3015 3021 3023 3053 3087 3092 3139 3164 3165
4589 : 2064 2876
4590 : 321 1877 2130 2535 2561 2901
4591 : 2274
4592 : 1260
4593 : 1014 1615
4595 : 248
4596 : 2317
4597 : 670 1722 1811 2632
4598 : 2424
4599 : 1433
4600 : 1354 1429 1680 1722 1782 1806 1947 2097 2186 2217 2314 2674 2688 2742 2746 2835 2897 3072
4601 : 728 1212 1308 1646 1657 1722 1738 1928 1958 2033 2229 2365 2657 2681 2695 2703 2779 2944 2991 3047 3053 3055 3134 3154 3167 3175
4602 : 637 1122 1272 1525 1625 1675 1722 2093 2096 2146 2147 2176 2289 2535 2556 2582 2701 2750 2846 2863 2887 3035 3059 3072 3141 3163
4603 : 585 679 1421 1426 1713 1742 1936 2217 2344 2535 2598 2810 2828 2883 2966 3011 3035 3054
4604 : 2726 2832 2837 2936 3053
4605 : 435 1134 1173 1235 1415 2181 2247 2308 2571 3154 3181
4607 : 6 12 38 41 46 48 59 68 69 70 71 72 78 82 83 84 85 86 90 92 103 104 106 108 116 124 135 144 146 148 149 156 157 166 171 173 174 184 192 202 206 216 222 224 236 241 243 248 251 252 254 265 272 273 274 276 277 278 282 284 291 298 300 303 319 320 321 322 323 329 331 332 334 335 343 367 380 383 396 397 399 400 401 406 409 411 415 417 433 434 440 441 462 463 464 474 491 492 497 526 527 529 531 533 536 537 558 571 578 585 595 596 597 605 606 615 616 617 618 619 626 630 634 636 637 644 652 653 661 670 671 672 675 677 679 681 682 689 690 691 693 694 696 697 698 699 718 720 724 727 728 730 731 747 755 759 761 770 771 791 794 796 820 822 824 828 848 850 851 854 857 861 865 867 868 891 893 894 906 907 912 925 928 940 941 942 943 949 950 954 961 962 963 964 971 975 980 981 982 990 1002 1003 1007 1008 1009 1010 1012 1013 1014 1017 1025 1026 1029 1032 1033 1034 1035 1043 1044 1045 1046 1048 1051 1052 1062 1065 1066 1071 1072 1073 1083 1084 1086 1087 1098 1099 1100 1104 1108 1109 1111 1112 1115 1116 1121 1122 1131 1134 1135 1138 1140 1143 1144 1145 1146 1148 1153 1154 1155 1159 1160 1161 1164 1165 1166 1168 1170 1171 1172 1179 1180 1181 1182 1184 1185 1188 1192 1194 1195 1196 1197 1198 1199 1201 1204 1205 1206 1209 1214 1215 1216 1223 1224 1225 1232 1233 1234 1235 1236 1237 1238 1243 1244 1247 1248 1251 1252 1253 1255 1257 1259 1262 1264 1265 1267 1270 1272 1277 1278 1280 1281 1282 1288 1290 1292 1294 1295 1305 1306 1307 1308 1309 1314 1315 1323 1325 1326 1327 1329 1331 1333 1334 1338 1341 1345 1346 1347 1348 1349 1350 1353 1354 1359 1361 1362 1364 1365 1366 1367 1369 1379 1380 1381 1382 1383 1384 1385 1386 1387 1388 1389 1390 1391 1392 1393 1394 1397 1398 1399 1402 1404 1408 1409 1410 1411 1412 1413 1415 1417 1420 1421 1423 1425 1427 1428 1429 1430 1433 1440 1441 1443 1444 1445 1453 1454 1455 1456 1457 1458 1459 1463 1464 1467 1468 1469 1470 1471 1473 1474 1476 1483 1484 1486 1487 1488 1489 1491 1495 1496 1497 1498 1502 1503 1504 1505 1507 1510 1515 1516 1518 1523 1524 1525 1527 1528 1529 1530 1531 1533 1534 1535 1536 1540 1542 1543 1544 1545 1548 1549 1550 1551 1552 1553 1554 1558 1559 1563 1564 1567 1569 1570 1571 1572 1587 1588 1589 1590 1591 1594 1595 1601 1602 1604 1605 1609 1610 1611 1612 1614 1616 1619 1620 1621 1622 1623 1625 1626 1630 1631 1632 1635 1636 1637 1638 1641 1643 1645 1647 1649 1650 1651 1652 1653 1654 1659 1664 1665 1666 1671 1672 1674 1676 1677 1678 1679 1680 1681 1682 1684 1685 1686 1693 1694 1696 1698 1699 1700 1705 1706 1708 1709 1710 1711 1713 1717 1718 1719 1721 1722 1723 1725 1726 1727 1728 1735 1738 1739 1741 1742 1744 1745 1746 1747 1748 1749 1750 1751 1752 1753 1754 1764 1765 1768 1769 1770 1771 1774 1777 1781 1782 1783 1784 1787 1788 1792 1797 1805 1806 1807 1808 1809 1810 1811 1813 1824 1825 1827 1828 1829 1833 1834 1835 1836 1843 1844 1845 1846 1847 1850 1852 1853 1854 1856 1861 1862 1867 1868 1869 1870 1874 1875 1877 1878 1879 1884 1885 1886 1887 1888 1890 1892 1900 1901 1902 1904 1907 1908 1909 1911 1912 1915 1916 1924 1925 1926 1927 1928 1929 1930 1931 1933 1934 1935 1936 1937 1938 1939 1942 1945 1946 1947 1948 1951 1956 1957 1958 1959 1960 1961 1962 1974 1975 1976 1977 1978 1988 1989 1997 2000 2002 2003 2004 2005 2015 2016 2017 2018 2019 2020 2022 2030 2031 2032 2033 2035 2036 2046 2048 2050 2051 2052 2053 2054 2057 2060 2061 2064 2073 2078 2080 2081 2082 2083 2092 2094 2095 2096 2097 2106 2110 2111 2113 2121 2125 2127 2129 2130 2134 2137 2138 2140 2141 2142 2144 2145 2146 2147 2148 2151 2152 2153 2154 2155 2158 2160 2162 2163 2164 2165 2166 2167 2168 2169 2170 2175 2176 2177 2178 2179 2180 2181 2184 2187 2188 2189 2192 2194 2195 2196 2197 2198 2200 2201 2202 2203 2207 2208 2209 2210 2211 2215 2216 2217 2218 2219 2220 2226 2227 2230 2231 2232 2233 2245 2246 2247 2248 2251 2252 2253 2254 2261 2263 2264 2265 2266 2267 2268 2271 2274 2276 2283 2287 2288 2289 2290 2295 2297 2298 2299 2300 2301 2302 2304 2305 2307 2308 2309 2310 2312 2313 2314 2315 2316 2317 2318 2319 2320 2321 2322 2323 2324 2326 2327 2328 2339 2341 2342 2343 2344 2345 2353 2354 2355 2356 2358 2359 2365 2366 2368 2369 2370 2371 2372 2373 2374 2376 2377 2378 2387 2388 2389 2390 2395 2398 2400 2401 2402 2406 2407 2408 2413 2416 2420 2421 2423 2424 2433 2434 2437 2438 2439 2443 2449 2450 2451 2453 2454 2455 2456 2457 2469 2470 2471 2475 2479 2480 2481 2483 2484 2485 2486 2488 2492 2494 2496 2497 2498 2500 2501 2504 2513 2514 2515 2516 2517 2519 2522 2523 2524 2525 2526 2527 2530 2534 2535 2537 2538 2541 2543 2544 2545 2546 2551 2554 2555 2556 2558 2559 2560 2561 2567 2568 2570 2571 2572 2575 2576 2577 2578 2581 2582 2584 2594 2595 2597 2598 2603 2604 2605 2606 2610 2616 2617 2619 2620 2621 2622 2623 2625 2626 2627 2629 2630 2631 2632 2634 2642 2643 2644 2645 2648 2649 2650 2651 2652 2656 2657 2658 2663 2664 2665 2667 2668 2669 2670 2674 2679 2680 2681 2682 2684 2687 2688 2692 2695 2696 2697 2698 2699 2701 2702 2703 2704 2705 2707 2710 2711 2712 2714 2715 2716 2718 2719 2721 2722 2726 2728 2730 2732 2733 2734 2735 2737 2738 2739 2741 2742 2744 2745 2746 2749 2750 2751 2753 2754 2759 2765 2766 2767 2768 2769 2771 2776 2780 2785 2786 2787 2794 2795 2798 2801 2802 2805 2807 2808 2809 2810 2811 2812 2815 2817 2818 2819 2821 2823 2826 2828 2829 2832 2833 2834 2835 2838 2840 2841 2843 2846 2848 2850 2851 2852 2855 2856 2858 2859 2861 2862 2864 2865 2867 2868 2869 2870 2871 2873 2874 2876 2877 2878 2881 2882 2883 2885 2886 2887 2888 2889 2890 2891 2892 2893 2894 2895 2896 2897 2898 2899 2900 2901 2902 2903 2904 2905 2906 2907 2911 2912 2913 2916 2918 2919 2920 2921 2922 2923 2924 2925 2926 2928 2929 2930 2931 2932 2934 2935 2936 2937 2938 2939 2940 2941 2943 2945 2946 2947 2950 2951 2953 2954 2955 2956 2957 2958 2959 2961 2962 2963 2964 2965 2966 2967 2968 2969 2970 2971 2972 2973 2975 2976 2977 2978 2979 2980 2981 2982 2984 2985 2986 2987 2988 2989 2990 2991 2993 2995 2996 2997 2998 2999 3000 3001 3002 3003 3004 3005 3006 3008 3009 3010 3011 3012 3013 3014 3015 3016 3017 3018 3019 3020 3021 3022 3025 3026 3028 3030 3032 3033 3034 3035 3036 3037 3038 3039 3040 3041 3042 3045 3048 3052 3054 3056 3057 3059 3060 3064 3065 3066 3068 3069 3070 3071 3072 3074 3075 3076 3077 3078 3080 3081 3082 3083 3084 3085 3087 3088 3090 3091 3092 3093 3094 3095 3096 3099 3101 3102 3103 3104 3105 3106 3107 3108 3110 3111 3112 3114 3115 3116 3117 3118 3120 3121 3122 3124 3125 3127 3128 3129 3130 3131 3132 3135 3137 3138 3139 3140 3141 3144 3145 3146 3147 3148 3149 3150 3151 3152 3153 3154 3156 3157 3158 3160 3161 3162 3163 3164 3165 3166 3167 3168 3169 3171 3172 3173 3175 3176 3177 3179 3180 3181 3182 3183 3184 3189 3190 3192 3193 3194 3195 3197 3199 3200 3201 3202 3203 3204
4608 : 1010 1084 1588 1651 1879 3077
4609 : 2556
4611 : 1641
4612 : 1032 1484 2046 2625
4614 : 1456 1613 1769 2053 2919
4615 : 1366
4618 : 1769
4619 : 3076
4620 : 1034
4622 : 2322
4623 : 2705
4624 : 893 942 1033 1048 1181 1247 1381 1403 1440 1453 1528 1591 1626 1654 1699 1885 1889 1960 2016 2110 2111 2179 2268 2314 2317 2356 2380 2479 2519 2535 2544 2568 2597 2626 2644 2674 2687 2695 2709 2843 2893 2912 2915 2950 2962 2978 3025 3032 3043 3064 3119 3143
4625 : 202 1062 1238 1264 1393 1411 1464 1609 1652 1693 1710 1754 1764 1808 1869 1887 2245 2268 2343 2470 2849 2851 2900 2945 3087 3167 3199
4626 : 397 696 1002 1033 1115 1164 1180 1267 1388 1412 1453 1469 1519 1651 1854 1855 1858 1860 1911 2135 2200 2233 2366 2370 2389 2396 2435 2515 2645 2651 2699 2850 2851 2921 2970 2984 3027 3124
4627 : 857 990 1098 1099 1135 1170 1393 1421 1423 1453 1457 1711 1722 1805 1902 1926 1929 2019 2030 2152 2165 2263 2300 2314 2326 2344 2357 2375 2383 2455 2457 2622 2629 2632 2703 2710 2721 2744 2859 2882 2904 2971 2988 3054 3089 3112 3130 3142 3196
4628 : 1326 1348 2093 2342 2699 2915 2987 3006 3067
4629 : 1700
4630 : 696 1272 2711
4631 : 322
4632 : 1161 1166
4633 : 726 1958 2471 2561 2627 2871
4635 : 2402
4637 : 2561 2815
4638 : 1408 2215
4639 : 796 867 1591 1611 1649 1680 2047 2162 2215 2500 2957 2979
4640 : 1517 1845 3134
4641 : 435 1135 1148 1421 1530 1674 2047 2111 2345 2407 2556 2629 2754 3145
4642 : 1166 1738 2541
4643 : 1592 2871 2912
4644 : 2265 2342
4645 : 40 796 1117 1155 1165 1265 1497 1516 1641 1811 2004 2187 2207 2297 2302 2421 2493 2798 2816 2820 2826 2929 2937 3006 3045 3090 3091
4646 : 46 243 1030 1427 1465 1643 1769 1845 1879 1933 2140 2317 2455 2751 2828 2839 2856 3091
4647 : 1408 1454 1884 1915 2177 2374 2652 2669 2985 3030 3033 3111
4648 : 678 1154 1214 1325 1403 1408 1427 1433 1719 1740 1886 2033 2246 2516 2913 2938 3017
4649 : 1948 2319 2358 2406 2906 3030 3179
4650 : 1169 1856 2248 2251
4651 : 1682 2252 2541 2939 2994
4653 : 1169 2695
4654 : 2923
4655 : 3052
4656 : 2808 2897
4657 : 1211 2993
4658 : 1455 2866
4659 : 1974
4660 : 1788 2198
4661 : 46 1198 1426 1469 1568 1637 1665 1694 1725 1748 1749 1750 1811 1951 2002 2093 2150 2153 2358 2372 2378 2398 2424 2469 2559 2627 2646 2746 2748 2881 2885 2889 2931 2936 2968 3033 3056 3148
4662 : 585 1010 1393 1811 2002 2052 2802 3066 3114
4663 : 615 1194 1223 1535 1594 1700 1807 1926 1976 2253 2359 2631 2765 2978
4664 : 1194 1255 2767 2904
4665 : 1412 1535 2978
4666 : 329 661 849 1194 1564 1807 1976 2140 2711 2990 3133
4668 : 894 1051 1087 1182 1236 1262 1609 1631 1641 1725 1768 1769 1887 1908 2000 2211 2215 2233 2249 2300 2323 2596 2720 2898 2899 2900 2929 2984 2985 3035 3092
4669 : 224 727 1028 1331 1792 1855 2823 3022
4670 : 796 1713 1852 1974 2216 2316 2522 2786 2847 3052 3096
4671 : 730 1148 1315 1947 2471 2972
4672 : 671 1215 2218 2340 2833 2859 2993 3027
4673 : 1908
4675 : 615 2140 2310 2372
4676 : 1610
4677 : 71 281 1869 2060 2396
4679 : 1470
4681 : 531 961 1052 1236 1333 1412 1491 1695 1725 1792 1825 2016 2113 2142 2252 2302 2342 2375 2482 2485 2618 2643 3059 3183
4682 : 1347
4684 : 440 1309
4685 : 531 3142
4686 : 2700 3081
4688 : 1595 1924 2210 2811
4689 : 20 3100 3157
4690 : 2887 3100
4691 : 2210 2457 2851 2981
4692 : 2192 2457 2683 2871 2979 2981
4693 : 1435 1591 3047 3116 3146 3160
4694 : 417 670 1066 1719 1745 3146 3180
4696 : 2493
4697 : 2107
4698 : 106 144 405 2680 3103
4700 : 2524 3015 3034
4701 : 1634
4702 : 2572 3140
4703 : 1135 1161 1923 2322
4705 : 2993
4706 : 1170 2561
4707 : 1834 2127 2420 2546 2644 2794 2795 2943 3133
4708 : 2561 2979
4710 : 3112
4711 : 1784 2030 2344 2851 2931 3064 3157
4712 : 2609 2703
4713 : 2786
4714 : 1382 1388 2433 2705
4715 : 1066 1550 2035 2095
4716 : 1747 3091
4717 : 1470 1485 3012
4718 : 1770
4719 : 644 1496 1884 2227 2264 2342 3143
4720 : 483 982 2264 2436 2470 2698 2920
4721 : 272 396 397 409 440 655 670 675 696 891 944 972 1032 1034 1108 1135 1155 1194 1199 1206 1210 1226 1233 1267 1295 1308 1331 1332 1350 1359 1362 1382 1385 1398 1402 1409 1412 1416 1432 1435 1439 1456 1457 1489 1514 1516 1544 1627 1649 1652 1680 1699 1700 1705 1710 1711 1745 1746 1769 1808 1824 1827 1836 1846 1856 1868 1886 1916 1927 1929 1935 1959 1960 1989 2033 2036 2046 2053 2064 2092 2096 2106 2113 2152 2163 2181 2232 2274 2288 2307 2319 2345 2356 2358 2372 2377 2396 2402 2407 2424 2436 2451 2453 2480 2484 2486 2516 2519 2542 2543 2547 2572 2598 2623 2626 2631 2645 2650 2669 2708 2722 2795 2811 2812 2846 2852 2865 2870 2876 2883 2888 2907 2916 2920 2923 2924 2931 2944 2945 2946 2949 2951 2959 2980 2985 2990 2998 3002 3011 3015 3060 3069 3089 3090 3093 3096 3105 3120 3125 3128 3134 3137 3177 3180 3197
4722 : 222
4723 : 2500
4724 : 2832
4725 : 2884
4726 : 1001
4727 : 1514 1644
4729 : 637 1327 1651 2201 2248 2519 2828 2913 3016
4730 : 40 1844 2289 3065
4731 : 3077
4732 : 78 531 585 851 865 894 1031 1147 1169 1309 1324 1347 1363 1385 1387 1411 1594 1741 1900 1916 1932 1999 2154 2163 2207 2248 2357 2438 2567 2606 2732 2980 3027 3115 3200
4733 : 1236 3052
4734 : 2367 2629
4735 : 1900 2154 2198
4736 : 1824
4737 : 2929
4738 : 758 1873 1998 2187 2525
4739 : 3024
4740 : 2893 3199
4741 : 1885 3028
4742 : 40 123 380 396 435 464 585 696 796 825 850 851 860 865 1012 1053 1062 1083 1112 1160 1195 1247 1264 1281 1308 1327 1359 1410 1482 1487 1503 1534 1587 1589 1603 1613 1629 1649 1651 1665 1695 1697 1705 1724 1739 1741 1747 1768 1825 1856 1939 1976 2051 2054 2113 2176 2195 2201 2314 2357 2358 2370 2375 2396 2423 2439 2486 2542 2546 2581 2622 2646 2650 2683 2698 2786 2794 2850 2945 2993 3049 3073 3094 3192 3200
4743 : 252 533 972 1410 1470 1488 1962 2152 2850
4744 : 1456 1697
4745 : 1412
4746 : 696
4747 : 1699
4749 : 2936
4751 : 1257 1974 3188
4752 : 1166 1331
4753 : 2839 3163
4754 : 1885 1939 2968 3042 3065 3096 3108 3163
4755 : 3009
4756 : 1630
4757 : 1554 1567 1978 2016 2017 2626
4758 : 2233 2305
4759 : 2252
4760 : 1847 2916
4761 : 2916
4762 : 462 3047
4763 : 2846
4764 : 962
4766 : 891
4767 : 2095
4768 : 1745 2387 2592 2634 3050
4769 : 696 2169
4770 : 1726 2514 3110
4771 : 409 1386 2993
4772 : 1550
4773 : 1003 2496
4774 : 2273
4775 : 617 1728
4776 : 241 824 1135 1475 1845 1997 2137 2497 2890 2894 3120
4778 : 671 1349
4779 : 3035 3183
4780 : 1349 1765 1889 2181 2197 2810 3035 3076
4781 : 940
4782 : 40 272 1166 1417 1470 1653 1674 1680 1727 1765 1788 1811 2097 2153 2194 2204 2497 2730 2798 2851 2858 3005 3027 3048 3110 3190
4783 : 1680 2153 2309
4784 : 202 678 1160 1166 1200 1231 1308 1728 1742 1854 1871 1916 2194 2201 2202 2439 2644 2916 3005 3110 3156
4785 : 2153 2843
4786 : 1646
4787 : 1010
4789 : 116
4790 : 2709
4791 : 2020
4792 : 1003
4793 : 585 2060 2366
4794 : 1601
4795 : 1549
4797 : 1088 1097 1169 1279 1386 1705 1718 2169 2324 2606 2702 2927 3002 3099 3131 3176
4798 : 298 1391 1393 1455 1870 2031 3037
4799 : 2002
4800 : 1030 1226 1393 1608 1614 1679 1721 1722 1909 1975 2164 2216 2248 2275 2338 2481
4801 : 96 951 964 1721 1722 1784 2048 3015
4802 : 2354 2355
4803 : 1352 1722
4804 : 1608 2001
4805 : 68 202 1066 1464 2230 2401 2812 2888 2904 3101
4806 : 1534 2542
4807 : 1672 2164 2186 2268
4808 : 96 679 755 941 950 1052 1146 1147 1270 1352 1363 1387 1396 1402 1441 1534 1608 1722 1782 1909 2164 2166 2207 2268 2541 2606 3020 3101
4809 : 1274
4811 : 2622 3038
4812 : 3198
4813 : 276 2096 2471 2536 2556
4814 : 1099 1486 2188
4815 : 1498 2167
4816 : 71 730 731 893 1121 1233 1469 1530 1534 1616 1854 2003 2033 2065 2128 2524 2543 2633 2650 2710 2715 2876 3021 3166
4817 : 1099 1381 2402
4818 : 2829 3047
4819 : 1381 2233
4820 : 1463 1901
4821 : 2081
4822 : 2876
4823 : 1046 3182
4824 : 1425
4825 : 1010 1033 1571 1829 1962 2002 2356 2876
4826 : 104 2112
4827 : 1033 1409 1467 1632 1650 1741 1962 2003 2196 2390 2398 2749 2765 2826 2876 2940
4828 : 1014 1650 1988 2319 2439 2471 2841
4829 : 1467 1502 1526 1541 1671 1699 1703 1726 1844 1891 1951 1977 1978 2003 2036 2105 2152 2219 2307 2314 2370 2398 2402 2519 2541 2546 2582 2604 2629 2645 2667 2674 2710 2715 2820 3012 3025 3049 3137
4830 : 2514
4831 : 1589 1695 2820
4832 : 1410
4835 : 1349
4836 : 414 1844
4839 : 409
4840 : 1906
4841 : 1476 1590 1846
4842 : 1695
4843 : 1906 2289
4844 : 1906
4845 : 2321
4846 : 254 322 462 616 724 944 964 1026 1099 1345 1381 1397 1440 1472 1601 1616 1623 1637 1664 1768 1951 2016 2254 2306 2317 2737
4847 : 492 531 616 1014 1397 1623 1867
4848 : 971 1046 1145 1364 1383 1595 1604 1743 2106 2145 2400 2483 2684 2804 2808 2850 3080
4849 : 972 1409 1412 1571 1603 1810 1978 2003 2716 3127
4850 : 2370
4851 : 1829 1923 2786
4852 : 1827 2342 2681 2859 2887 3039 3100 3116
4853 : 3116
4855 : 1146
4856 : 1680
4857 : 1591 2700 2798
4858 : 2497
4860 : 1748
4863 : 252 1029 1062 1134 1223 1350 1387 1392 1402 1658 1783 2053 2871 3115 3130
4864 : 2620 3014 3089
4865 : 1805
4866 : 222 850 856 865 963 1012 1062 1253 1305 1359 1552 1570 1652 1724 1843 1879 2046 2060 2252 2498 2501 2740 2876 3054 3059 3090 3118
4867 : 1676
4868 : 1362 1476 3184
4869 : 2373
4871 : 2696
4872 : 1402 1859 2354 2609 2610 2696
4873 : 2000
4875 : 417
4876 : 825 1272 1415 1491 1652 2105 2396
4877 : 321 1900 2154 2232 2396 2400 2683
4878 : 1601 1604 1626 2064 2622 2666 2794 3144
4879 : 1542 1651 2715 3081
4880 : 2192 3144
4881 : 1307 2273
4882 : 278 1033 1234 1359 1542 1682 1728 2113 2491 2748
4883 : 2850
4884 : 2396
4885 : 3069
4886 : 3127
4887 : 2723
4888 : 2434 2595
4890 : 758 2318
4892 : 892 2198
4893 : 71 1033 1748 1854 1959 2106
4894 : 2497 3052 3113
4895 : 1043
4896 : 695
4899 : 1721 1976 2396 2547 2722 2827 2987
4900 : 2160 2827 3116
4901 : 106
4902 : 1425
4903 : 298 497 533 867 1015 1274 1351 1440 1603 1867 1997 2135 2214 2286 2297 2431 2544 2595 2605 2862 3086
4904 : 1052 1645 1782 2667 3086 3143
4906 : 2848
4907 : 2035
4908 : 1033 2380
4909 : 1307
4910 : 48 68 93 222 224 243 278 320 397 435 440 527 585 595 598 717 719 753 849 850 856 867 972 1001 1015 1029 1066 1099 1108 1135 1146 1160 1161 1162 1166 1172 1185 1188 1216 1217 1255 1305 1308 1323 1324 1341 1354 1381 1388 1390 1398 1415 1425 1426 1432 1438 1464 1469 1470 1505 1506 1534 1535 1552 1554 1564 1588 1591 1595 1613 1621 1632 1637 1641 1642 1650 1665 1680 1681 1706 1726 1727 1728 1733 1753 1783 1784 1810 1825 1856 1861 1868 1876 1879 1890 1918 1928 1929 1951 1960 1974 2002 2016 2019 2036 2047 2059 2065 2092 2125 2130 2144 2153 2167 2175 2204 2208 2210 2215 2220 2233 2246 2247 2252 2254 2263 2264 2265 2276 2301 2306 2317 2341 2367 2369 2376 2378 2410 2470 2490 2497 2513 2523 2554 2568 2598 2604 2626 2645 2657 2667 2670 2695 2730 2741 2766 2786 2787 2801 2823 2857 2868 2880 2881 2892 2897 2903 2904 2905 2938 2957 2961 2969 2993 3002 3003 3009 3012 3015 3057 3074 3077 3101 3102 3106 3112 3113 3114 3115 3145 3152 3157 3163 3177 3182 3184 3188 3193 3202
4912 : 1206 2750
4913 : 1602 3150
4914 : 1738
4915 : 2402 3185
4917 : 1216 1503 1877 2228 2681
4918 : 644 691 1381 1408 1425 1588 1627 1959 2061 2081 2137 2140 2264 2277 2375 2434 2470 2603 2627 2656 2692 2732 2737 2777 2842 3014 3026 3033
4919 : 243 251 1491 1505 2534 2579 2597 2620 2842 3104
4920 : 243 1288 1325 1386 1404 1412 1889 2060 2561
4921 : 492 670 758 1029 1247 1380 1381 1421 1806 2148 2198 2568 2632 2777 2842 3102 3181
4922 : 1550 2820 3145
4924 : 2622
4925 : 2227
4926 : 1572
4927 : 3114 3157
4928 : 1453 2451
4931 : 2977
4932 : 2083
4933 : 1506
4934 : 1135 1636 1807 2288 3125
4935 : 2871 3071 3125
4936 : 2657
4937 : 2127
4939 : 2308
4940 : 2301
4941 : 972
4943 : 619 2062
4945 : 95 973 1423 1741 1905 1910 1911 2261 2571 2780 2990
4946 : 2711 2911
4947 : 1047
4948 : 111 495 558 1924 1998 2275 2688
4949 : 2622
4950 : 1194 1976 2114 2688 2765 2882 3134
4951 : 495 1423
4952 : 670
4953 : 1346 2798 2889 2951 2985 3153
4954 : 1696 2469 2571 2897 2951 3010
4955 : 2081 2359 2628 2870 2902 3057
4956 : 1879 2318
4957 : 1155 1224 1507 1572 1901 2218 2232 2268 2305 2469 2721 2993 3198
4958 : 2798 2979
4959 : 2051
4960 : 1741 3024
4961 : 2369
4962 : 2181
4963 : 2314 2929 3101
4964 : 2036 2947 3081
4965 : 670 1394 2499 2572 2623 2733 2753 2949
4966 : 417 1014 1366 1394 1623 1699 1709 1753 2033 2113 2202 2287 2387 2480 2488 2519 2621 2750 2923 2958 3008 3183 3194
4967 : 2097 2985
4968 : 619 755 1144 1271 1347 1416 1543 1792 1825 1834 1868 1956 2019 2178 2264 2556 2876 2925 2931 2953 3001 3014 3097 3173
4969 : 71 441 497 693 942 944 964 1116 1143 1147 1184 1267 1416 1552 1635 1726 1727 1874 1957 2078 2160 2185 2420 2500 2514 2555 2561 2605 2721 2723 2753 2802 2836 2927 2966 3011 3027 3147 3200 3203
4984 : 1691 2877
4985 : 2692
4986 : 2283
4987 : 2898 2943
4989 : 20 39 40 46 48 68 69 71 78 82 92 93 94 95 103 104 106 116 124 144 185 195 222 224 241 243 248 254 272 276 278 282 300 303 319 320 321 322 329 332 350 367 380 397 405 409 435 440 441 462 464 479 483 492 495 497 527 531 533 536 537 545 585 595 598 605 615 616 630 637 644 655 670 671 675 677 678 679 691 693 694 696 698 699 718 721 724 727 728 730 731 755 758 759 761 794 796 799 824 825 828 847 849 850 851 854 855 856 858 860 861 865 867 890 891 892 893 894 895 940 941 942 944 949 950 951 963 971 972 973 974 980 981 982 990 1001 1002 1003 1006 1007 1008 1009 1010 1012 1013 1014 1015 1025 1026 1028 1029 1030 1031 1032 1033 1034 1043 1044 1046 1047 1049 1050 1052 1053 1062 1066 1067 1071 1072 1073 1083 1084 1087 1088 1097 1098 1099 1108 1109 1110 1111 1112 1113 1115 1116 1117 1121 1134 1135 1144 1145 1146 1147 1152 1153 1154 1155 1159 1160 1161 1162 1163 1164 1165 1166 1167 1168 1169 1170 1171 1173 1179 1180 1182 1183 1184 1185 1186 1188 1194 1195 1196 1198 1199 1200 1206 1211 1212 1216 1223 1224 1225 1226 1230 1231 1233 1234 1235 1236 1237 1247 1248 1252 1253 1255 1258 1259 1260 1261 1264 1265 1267 1270 1271 1272 1273 1274 1279 1280 1281 1282 1290 1292 1293 1294 1295 1305 1306 1307 1308 1309 1314 1315 1323 1324 1325 1326 1327 1331 1332 1333 1334 1340 1341 1344 1345 1346 1348 1349 1350 1351 1352 1354 1358 1359 1362 1363 1365 1366 1368 1369 1379 1380 1381 1383 1384 1385 1386 1387 1388 1389 1390 1391 1392 1393 1394 1395 1396 1398 1399 1400 1402 1403 1404 1408 1410 1412 1413 1415 1416 1420 1421 1423 1424 1425 1426 1427 1428 1429 1430 1431 1432 1433 1434 1435 1438 1439 1440 1441 1443 1444 1453 1454 1455 1456 1458 1460 1462 1463 1464 1467 1468 1469 1470 1471 1472 1473 1474 1476 1482 1483 1484 1486 1487 1488 1489 1491 1495 1496 1497 1498 1501 1502 1503 1504 1505 1506 1507 1515 1516 1517 1518 1519 1523 1524 1525 1526 1527 1528 1530 1533 1534 1535 1536 1540 1541 1542 1543 1544 1549 1550 1552 1553 1563 1564 1565 1566 1567 1568 1569 1570 1571 1572 1586 1587 1588 1589 1590 1591 1592 1593 1594 1595 1601 1602 1603 1608 1609 1610 1611 1612 1613 1614 1615 1616 1620 1621 1622 1623 1625 1626 1627 1628 1629 1630 1631 1632 1633 1635 1636 1637 1638 1641 1642 1643 1644 1645 1646 1647 1649 1650 1651 1652 1653 1654 1657 1658 1659 1664 1665 1671 1673 1674 1675 1676 1677 1678 1679 1680 1681 1682 1683 1684 1685 1686 1691 1692 1693 1694 1695 1696 1697 1698 1699 1700 1703 1705 1706 1707 1708 1709 1710 1711 1712 1713 1719 1721 1722 1723 1724 1725 1726 1727 1735 1738 1739 1740 1741 1742 1743 1744 1745 1746 1748 1749 1750 1751 1752 1753 1754 1764 1765 1766 1767 1768 1769 1770 1771 1774 1781 1782 1783 1784 1786 1787 1788 1805 1806 1807 1808 1809 1810 1811 1824 1825 1826 1827 1828 1829 1834 1835 1836 1843 1844 1845 1846 1847 1852 1853 1854 1855 1856 1858 1859 1861 1862 1867 1868 1869 1870 1871 1873 1874 1875 1876 1877 1878 1879 1884 1886 1887 1888 1889 1890 1891 1892 1901 1902 1905 1906 1907 1908 1909 1910 1911 1912 1915 1916 1923 1924 1925 1926 1927 1928 1929 1930 1931 1932 1933 1934 1935 1936 1937 1938 1939 1945 1946 1948 1951 1956 1957 1958 1959 1960 1961 1962 1972 1973 1974 1975 1976 1977 1978 1988 1989 1997 1998 1999 2000 2002 2003 2004 2015 2016 2017 2018 2019 2020 2030 2031 2032 2033 2034 2035 2036 2042 2046 2049 2050 2051 2053 2054 2059 2060 2061 2062 2064 2065 2076 2077 2081 2082 2083 2091 2092 2093 2094 2095 2096 2097 2105 2106 2107 2109 2110 2111 2112 2113 2114 2125 2126 2127 2128 2129 2130 2134 2135 2137 2138 2139 2141 2142 2144 2145 2146 2147 2148 2150 2151 2152 2153 2155 2160 2162 2163 2165 2166 2167 2168 2169 2170 2174 2175 2176 2177 2178 2179 2180 2181 2184 2185 2186 2187 2188 2189 2192 2194 2195 2196 2197 2198 2200 2201 2202 2203 2204 2207 2208 2209 2210 2211 2214 2215 2216 2217 2218 2219 2226 2227 2228 2229 2230 2231 2232 2233 2245 2246 2247 2248 2249 2251 2252 2253 2254 2261 2262 2263 2264 2265 2266 2267 2268 2272 2274 2275 2277 2283 2285 2286 2287 2288 2289 2297 2298 2299 2300 2301 2302 2305 2307 2308 2309 2310 2311 2312 2313 2314 2316 2317 2318 2319 2321 2322 2323 2324 2325 2327 2333 2337 2338 2339 2340 2341 2342 2343 2344 2345 2353 2354 2355 2356 2357 2358 2359 2366 2367 2368 2369 2371 2372 2373 2374 2375 2376 2377 2378 2379 2380 2383 2387 2388 2389 2390 2395 2396 2398 2399 2401 2402 2406 2407 2408 2409 2410 2413 2421 2423 2424 2433 2434 2435 2437 2438 2447 2449 2450 2451 2452 2453 2455 2456 2469 2470 2471 2479 2480 2481 2483 2484 2485 2487 2490 2491 2492 2494 2496 2497 2498 2499 2500 2501 2513 2515 2516 2517 2518 2519 2522 2523 2524 2525 2526 2527 2534 2535 2536 2537 2538 2542 2543 2544 2545 2546 2547 2554 2556 2557 2558 2559 2560 2561 2567 2568 2569 2570 2571 2572 2579 2580 2581 2582 2584 2592 2593 2594 2595 2596 2598 2603 2604 2605 2606 2609 2610 2618 2619 2620 2621 2622 2623 2624 2625 2626 2627 2628 2629 2631 2632 2643 2644 2645 2646 2648 2649 2650 2651 2656 2657 2664 2665 2666 2668 2669 2670 2674 2680 2681 2682 2683 2684 2685 2686 2687 2688 2692 2695 2696 2697 2698 2699 2700 2701 2702 2703 2705 2707 2709 2710 2711 2712 2715 2716 2717 2718 2719 2720 2722 2723 2726 2727 2730 2732 2733 2734 2737 2739 2740 2741 2742 2744 2745 2746 2747 2748 2749 2750 2753 2754 2764 2765 2766 2767 2768 2769 2770 2771 2772 2779 2780 2784 2785 2786 2787 2794 2795 2798 2799 2800 2801 2802 2803 2805 2806 2807 2808 2809 2810 2811 2813 2815 2816 2817 2819 2820 2821 2822 2826 2827 2828 2829 2832 2833 2834 2835 2836 2837 2838 2839 2840 2841 2842 2845 2846 2847 2848 2849 2850 2851 2852 2855 2856 2857 2858 2859 2860 2862 2863 2864 2865 2867 2868 2869 2870 2871 2873 2874 2876 2877 2878 2880 2881 2882 2885 2886 2887 2888 2889 2891 2892 2893 2894 2895 2896 2897 2898 2901 2903 2904 2905 2906 2907 2911 2912 2913 2916 2918 2919 2921 2922 2923 2924 2925 2926 2927 2928 2929 2930 2931 2932 2936 2938 2939 2940 2941 2943 2944 2945 2946 2947 2948 2949 2950 2951 2954 2956 2957 2958 2959 2961 2963 2966 2968 2969 2970 2971 2972 2978 2979 2980 2981 2984 2985 2986 2987 2988 2989 2990 2991 2993 2996 2997 2998 2999 3001 3002 3003 3004 3005 3008 3009 3010 3011 3013 3014 3015 3016 3017 3018 3020 3021 3022 3024 3026 3027 3028 3030 3031 3032 3033 3034 3036 3037 3038 3039 3040 3041 3042 3043 3045 3046 3047 3048 3049 3050 3052 3054 3055 3056 3057 3058 3059 3060 3064 3065 3066 3067 3068 3069 3070 3071 3072 3073 3074 3075 3077 3078 3079 3080 3081 3082 3083 3084 3085 3086 3087 3089 3090 3091 3093 3094 3095 3096 3097 3098 3099 3100 3101 3102 3103 3104 3105 3106 3107 3108 3109 3110 3111 3112 3113 3114 3115 3116 3118 3120 3121 3124 3125 3127 3128 3129 3130 3131 3132 3133 3134 3135 3136 3137 3138 3139 3140 3141 3142 3143 3144 3146 3147 3148 3149 3150 3151 3152 3153 3154 3156 3157 3158 3160 3162 3163 3164 3165 3166 3167 3170 3171 3172 3173 3174 3175 3176 3177 3179 3181 3182 3183 3184 3189 3191 3192 3193 3195 3196 3198 3199 3200 3202 3203 3204
4990 : 3127
4997 : 2265
4998 : 619 2401 3114
4999 : 1676 3114
5000 : 3114
5002 : 1145
5005 : 2841
5010 : 1366 2651 2709
5011 : 2680
5012 : 1487 1628 2077 2106 2181 2622 2684 2704 2850 2956 3087 3102 3103 3182 3183
5014 : 48 71 106 185 241 321 397 417 441 492 497 558 637 655 693 724 755 824 848 849 855 891 894 949 973 1002 1003 1008 1014 1025 1026 1032 1035 1046 1071 1072 1155 1159 1167 1169 1170 1197 1223 1248 1260 1270 1282 1290 1294 1307 1327 1348 1350 1352 1354 1362 1365 1381 1387 1390 1395 1400 1408 1411 1423 1432 1434 1439 1453 1454 1456 1458 1465 1470 1474 1475 1484 1489 1506 1516 1524 1525 1534 1540 1543 1549 1564 1572 1588 1602 1610 1623 1630 1633 1638 1647 1650 1654 1664 1684 1697 1705 1709 1722 1727 1738 1742 1748 1765 1767 1788 1805 1806 1810 1811 1827 1834 1846 1847 1853 1854 1855 1856 1867 1879 1890 1911 1929 1936 1939 1956 1972 1974 1976 1999 2002 2003 2033 2034 2049 2054 2059 2060 2061 2091 2096 2097 2110 2113 2139 2142 2146 2147 2151 2152 2167 2178 2184 2185 2196 2200 2215 2219 2229 2230 2232 2233 2261 2267 2268 2275 2283 2287 2289 2305 2314 2319 2323 2327 2343 2345 2355 2358 2367 2371 2376 2378 2388 2390 2402 2407 2409 2436 2451 2453 2456 2483 2484 2491 2496 2497 2499 2513 2517 2522 2526 2527 2536 2542 2547 2559 2571 2581 2619 2622 2624 2625 2627 2680 2695 2700 2702 2703 2705 2707 2710 2711 2730 2734 2750 2753 2767 2769 2786 2787 2810 2817 2820 2840 2845 2846 2851 2855 2865 2873 2876 2888 2890 2896 2903 2905 2911 2912 2918 2919 2922 2928 2936 2939 2941 2945 2949 2951 2970 2981 2990 3001 3002 3008 3013 3014 3015 3020 3021 3023 3031 3032 3033 3048 3054 3057 3060 3065 3067 3069 3090 3094 3111 3112 3116 3125 3127 3132 3152 3163 3166 3203 3204
5016 : 719 1206 1331 1665 1700 2388 2470 2889 2905 3109
5017 : 104 440 719 849 1051 1088 1331 1385 1483 1486 1550 1587 1638 1665 1710 1827 1959 2113 2307 2372 2388 2727 2833 2888 2915 3083 3095 3187
5018 : 1169
5019 : 2544
5020 : 1675 2956
5021 : 20 319 335 536 990 1111 1116 1254 1425 1524 1601 1722 1807 2047 2229 2490 2940
5022 : 1171 1614 2031 2685 2940
5023 : 20 94 111 319 380 894 1369 1587 1593 1601 1622 1692 1805 1999 2105 2194 2210 2454 2470 2490 2943
5024 : 2555 2783 2784
5025 : 1507
5026 : 124 185 205 278 284 298 300 329 396 527 585 615 617 655 691 695 796 858 981 1026 1029 1032 1034 1043 1159 1165 1170 1194 1198 1235 1253 1295 1331 1337 1341 1350 1354 1359 1365 1385 1393 1395 1408 1453 1458 1460 1476 1477 1491 1496 1502 1514 1515 1518 1527 1533 1552 1595 1626 1627 1628 1629 1630 1657 1677 1689 1698 1703 1748 1749 1751 1766 1781 1805 1810 1811 1825 1827 1835 1856 1869 1875 1885 1887 1890 1909 1911 1938 1940 1957 1961 1974 1975 1976 1977 2002 2003 2020 2051 2060 2061 2082 2092 2106 2107 2126 2134 2148 2175 2178 2181 2186 2187 2188 2202 2217 2219 2247 2265 2266 2287 2289 2299 2358 2380 2383 2396 2400 2401 2423 2436 2470 2471 2499 2500 2501 2522 2534 2537 2542 2547 2568 2572 2582 2610 2620 2625 2645 2679 2682 2684 2692 2707 2719 2722 2739 2754 2767 2779 2802 2811 2820 2822 2840 2842 2846 2849 2851 2857 2858 2864 2868 2873 2874 2876 2878 2882 2886 2890 2913 2918 2919 2920 2925 2928 2936 2941 2947 2948 2958 2979 2981 3002 3011 3015 3017 3024 3027 3028 3032 3033 3041 3045 3054 3060 3067 3069 3077 3081 3083 3096 3106 3121 3125 3128 3133 3154 3162 3170 3182 3185 3188
5027 : 123 243 1052 1280 1323 1333 1458 1517 1527 1586 1605 1680 1805 1868 2004 2035 2178 2233 2751 2765 2868 3003 3114
5037 : 1638
5046 : 2913
5060 : 619
5062 : 724 1179 1359 1408 1472 1534 1548 1827 1892 2245 2501 2970 2988 3050 3119 3153
5063 : 724 1264 1518 1519 1604 1827 1844 2180 2219 2344 2682 3050 3129 3153
5069 : 2878
5070 : 1764
5071 : 2878
5072 : 2682 2809 3090 3175
5073 : 303
5082 : 1726
5085 : 1769 2197
5086 : 2077
5087 : 3087
5089 : 1308
5093 : 796 2923 3058
5094 : 1727 2916
5097 : 92
5098 : 106 1188 1524 1527 2286 2314 2483 2828
5099 : 1502 1563 2326 2341 2592
5100 : 2263 2584 2598 2870 3180
5101 : 2479
5102 : 1410 2572 3140
5103 : 2374
5104 : 203 2189 2630 2697 2702 2714 2722 2800 2834 2845 2889 2921 2934 3075 3177
5132 : 2065
5145 : 1972 2571 2742 2928 3056
5147 : 1711 1855 2194 2622 3102
5148 : 2219 2500 2922 3067
5159 : 728 1398 1516 2358 2680 2828 3039
5161 : 2447 2632 2869 3068
5162 : 1417
5169 : 146 332 854 1029 1115 1271 1487 1724 1742 1868 1892 1946 1976 2197 2246 2251 2316 2406 2437 2524 2620 2626 2631 2651 2688 2710 2826 2829 2846 2893 2957 2978 2991 3021 3041 3084 3111 3115 3140 3147 3177
5170 : 1544 1589 2399 3192 3196
5171 : 964
5173 : 1603 2486
5176 : 1868
5177 : 1550
5178 : 332 1976 2359 2437 2524 2631 2722 2846 2888 2978 2991 3041 3084
5179 : 2111 3018
5180 : 2746
5184 : 2849
5188 : 1155 1608 1747 2275 2338 2383 2699 2905 3111
5189 : 693 1412 1487 1912 2187 2342 2501 2545 2914 2939 3008
5218 : 595 1524 1664 1747 2046 2368 2390 2622 2786 3173
5219 : 595 950 1248 1280 1602 1625 1751 1856 2390 2787 2841 3100 3145 3154 3177 3181
5220 : 2323
5222 : 116 319 533 617 726 944 1003 1026 1047 1215 1346 1413 1495 1501 1535 1613 1792 1908 2110 2150 2251 2275 2276 2324 2383 2409 2457 2496 2592 2622 2624 2626 2627 2699 2722 2802 2804 2863 2900 2929 2993 3025 3032 3047 3067 3097 3099 3141 3149 3152 3163 3172 3179
5223 : 3021
5266 : 2757
5291 : 1677 2060 2193 3110
5292 : 1677 2177
5293 : 1468 2287 3175
5295 : 2060 2177 2265 3165
5296 : 2302
5298 : 675 1181 2065 2147 3012
5299 : 531 1029
5300 : 2233
5302 : 1034 1472 1769 2016 2359 2625 2887 3077 3112 3181
5303 : 2096 2147
5307 : 1349 1691
5313 : 1280 1349
5319 : 2261 2554 2686
5334 : 82 144 224 254 300 321 464 616 637 644 655 679 691 731 892 949 982 990 1012 1025 1032 1033 1043 1083 1134 1135 1145 1160 1162 1166 1167 1168 1179 1180 1183 1188 1223 1253 1254 1255 1262 1272 1282 1288 1305 1306 1307 1309 1323 1324 1348 1350 1358 1366 1380 1389 1390 1415 1421 1453 1454 1455 1456 1458 1459 1467 1469 1471 1484 1485 1486 1487 1491 1496 1527 1530 1531 1541 1542 1543 1549 1553 1564 1570 1588 1589 1591 1602 1612 1622 1625 1632 1647 1665 1676 1681 1682 1685 1693 1699 1703 1706 1710 1739 1747 1767 1768 1788 1824 1835 1852 1856 1860 1861 1885 1900 1923 1937 1959 1989 2036 2050 2059 2060 2061 2081 2082 2091 2092 2097 2106 2110 2126 2127 2138 2148 2152 2154 2162 2178 2184 2198 2202 2230 2246 2252 2254 2264 2305 2310 2314 2317 2341 2389 2396 2406 2433 2439 2491 2514 2519 2527 2534 2542 2546 2556 2561 2593 2620 2629 2644 2645 2648 2650 2651 2652 2699 2703 2704 2705 2715 2717 2730 2739 2785 2786 2787 2794 2795 2821 2842 2873 2874 2886 2895 2898 2915 2922 2929 2937 2938 2939 2940 2943 2947 2959 2971 3027 3043 3077 3080 3087 3101 3102 3140 3145 3150 3184 3188 3198 3201
5335 : 265 321 464 731 1035 1084 1098 1135 1162 1237 1265 1306 1323 1324 1350 1366 1395 1397 1456 1457 1459 1469 1470 1484 1485 1491 1588 1703 1769 1781 1824 1852 1861 1869 1911 1923 2003 2252 2265 2316 2317 2372 2406 2470 2514 2603 2645 2652 2684 2705 2710 2733 2785 2886 2906 2921 2931 2941 3025 3030 3077 3105 3148 3150
5341 : 40 71 173 185 409 440 492 619 696 755 799 822 849 942 944 962 972 980 1052 1143 1146 1161 1196 1272 1309 1324 1333 1349 1387 1393 1394 1409 1412 1421 1426 1430 1456 1496 1504 1506 1507 1515 1519 1525 1534 1572 1591 1623 1627 1637 1647 1651 1708 1727 1750 1810 1811 1826 1845 1847 1856 1879 1890 1891 1928 1948 1959 2033 2046 2092 2095 2105 2110 2127 2142 2164 2167 2169 2188 2196 2211 2263 2301 2303 2314 2319 2320 2343 2358 2365 2380 2387 2401 2402 2421 2483 2500 2518 2536 2547 2592 2623 2631 2644 2648 2734 2740 2765 2821 2833 2846 2847 2860 2882 2888 2889 2916 2923 2948 2966 2972 2979 2980 2998 3001 3002 3015 3021 3030 3033 3039 3046 3049 3052 3056 3076 3077 3087 3127 3142 3150 3160 3164 3176 3184 3203
5342 : 799 962 1413 1439 1507 2341 2522 2554
5343 : 441 495 1052 1184 1252 1333 1468 1642 1862 2546 2629 2701 2859 2893 2905 3037 3076 3105 3135 3139
5344 : 1008 1420 1933 2354 2568 3141
5355 : 585 981 1223 1426 1550 1722 1915 2252 2398 2810 2916 2922 3076
5356 : 962 1700
5357 : 1409 2496 2646
5358 : 396 670 1043 1506 1834 2303 2823 2868 2888 3021
5359 : 1295 3026
5360 : 1113
5361 : 854 1171 1651 1846 1874 2000 2554 2620 2776 2851
5362 : 2809 2870 2945
5363 : 2931
5368 : 670 1001 1003 2649 3117
5373 : 1003 2751 3077
5376 : 417
5379 : 2035
5380 : 2868
5382 : 1169 2002 2433 2737
5384 : 3150
5388 : 796 1159 1290 1325 1331 1379 1645 1811 1924 2094 2263 2305 2424 2681 2883 2991 3175
5389 : 3012
5390 : 1196 1497 1593 1595 1887 2004 2623 2894 2930 3049 3150
5391 : 849 1462 2263 2469 2741 2870 2913 3125
5393 : 321 1307 2003 2091 2786 2820 2873 2971 3076
5394 : 1647 2197 2786 2971 3142
5395 : 1647
5396 : 1098 1170 1699 2197 2217 2471 2887 2979 3145 3173
5398 : 3196
5399 : 1711
5400 : 94 298 417 495 497 1169 1420 1423 1441 1443 1609 1644 1783 1807 1844 1978 2054 2127 2219 2249 2317 2326 2480 2488 2492 2670 2732 2770 2779 2846 2907 2937 2951 2993 2997 3092 3138 3167
5401 : 3152
5403 : 1272 1641 1650 2922 3081 3124
5404 : 1236 1591
5407 : 671 1161 1347 1412 2020 2106 2164 2939
5409 : 1475
5413 : 1084 1855 2886 2921 2954 3041 3096
5414 : 417 670 1711
5416 : 3182
5417 : 68
5425 : 2808
5428 : 1567
5429 : 677 794 944 1154 1195 1638 1696 1728 1825 1867 1956 2018 2110 2177 2194 2195 2198 2388 2559 2568 2764 2801 2858 2901 2916 2921 2926 2963 2996 3002 3005 3094 3131
5430 : 865 1637 1768 1890 2032 2194 2746 2926 3108 3110
5437 : 40 441 492 724 891 1052 1154 1273 1394 1408 1462 1504 1550 1593 1619 1717 1722 1741 1852 1874 1930 2034 2049 2095 2146 2247 2249 2323 2421 2543 2569 2584 2596 2665 2697 2748 2749 2847 2856 2927 3011 3018 3032 3056 3064 3085 3125
5438 : 2153
5439 : 2197
5440 : 2135 2610
5441 : 1112 3175 3191 3199
5442 : 1259 1468 2233
5443 : 252 479 616 724 731 1188 1425 1462 1542 1552 1553 1590 1625 1627 1641 1642 1676 1788 1860 1861 1908 1923 1936 2003 2034 2081 2091 2137 2198 2219 2245 2246 2316 2320 2398 2483 2527 2542 2593 2699 2716 2717 2765 2787 2826 2867 2892 2893 2897 2898 2922 2923 2928 2968 2972 3040 3057 3058 3077 3080 3119 3124 3130 3148 3150 3171
5444 : 479 1067 1166 1326 1462 1463 1642 1650 1653 1708 2062 2142 2198 2500 2580 2749 2833 2868 2892 2893 2922 2931 2972 2985 3013 3031 3040 3103
5445 : 3115
5457 : 1235 1665 1885 1939 3041
5465 : 670 1354 1711
5466 : 2899
5467 : 1651
5472 : 891 1029 1044 1282 1486 1591 1674 1680 1699 1930 2307 2538 2746 3002 3103
5476 : 1146 1742 1788 1936 2692
5480 : 321 1379 2547 2711 2742
5482 : 2153
5483 : 1465 2989 3092
5484 : 2481 3052
5487 : 321
5489 : 116 1307 1408 1457 1567 1877 2061 2829 3047 3182
5490 : 2829
5491 : 1046
5493 : 1491 1589 1608 1693 1698 2020 2141 2396 2771 2786 2859 2972 3033
5494 : 1365
5495 : 1325 1413 1634 2324 2734 2954 3180
5496 : 2696
5497 : 1226 2534 2568 2605 2692 2878 3135
5498 : 2558
5499 : 242 695 1346 1651 1699 1792 2035 2036 2092 2130 2598 2645 2767 3185
5500 : 92 619 731 854 891 1010 1116 1152 1163 1235 1327 1354 1502 1504 1572 1684 1697 1855 1933 2053 2109 2111 2112 2263 2273 2308 2453 2538 2598 2624 2674 2687 2710 2753 2770 2821 3031 3087
5501 : 1936 2859
5502 : 1206 1855 2492 2697
5507 : 367 497 867 1067 1108 1145 1290 1458 1519 1564 1589 1692 1743 1792 1906 2369 2486 2536 2547 2667 2687 2786 2841 2892 2967 3149 3171 3173 3196 3197
5508 : 284 558 615 893 1032 1066 1147 1171 1180 1195 1274 1353 1385 1433 1453 1457 1473 1482 1586 1651 1673 1692 1709 1744 1766 1786 1807 1836 1905 1910 1977 2018 2031 2052 2109 2110 2113 2129 2135 2217 2226 2251 2285 2340 2395 2471 2488 2559 2567 2592 2604 2610 2665 2670 2695 2697 2745 2754 2766 2767 2794 2800 2804 2806 2807 2890 2903 2904 2916 2954 2986 2993 3008 3015 3034 3074 3086 3099 3106 3114 3120 3125 3138 3162 3199 3200
5510 : 335
5511 : 1626
5512 : 3112
5513 : 2516 2537 2669 2714 2828 3057 3132
5514 : 367 1257 1326 1409 1885 1906 1915 1925 2035 2142 2195 2252 2287 2400 2421 2656 2809 2987 3005 3173 3196
5516 : 1671 2274
5517 : 329 1671 1856 1939 2519 2764 2795 2939
5518 : 1659
5519 : 2051
5521 : 731 972 1295 1535 1962 2059 2815 2857 3083
5522 : 440 531 1463 1470 1536 1548 1674 1677 2202 3020
5523 : 2202
5524 : 531 1194 1362 1389 1570 2059 2359 2421 2438 2500 2516 2594 2648 2927 2936 3106 3142
5526 : 278 1470 1485 1652 2815 3112
5527 : 1295 1464 1907 2423 2949 3144
5539 : 106 367 527 731 944 1035 1051 1162 1247 1255 1264 1389 1393 1424 1456 1457 1470 1485 1549 1588 1590 1614 1671 1847 1853 1878 1890 1935 1957 1972 2051 2137 2162 2168 2177 2262 2323 2359 2421 2513 2538 2594 2648 2665 2723 2766 2767 2772 2838 2855 2857 2882 2885 2936 2954 2998 3008 3030 3032 3095 3106 3112 3164
5541 : 724 1046 1678 2316
5542 : 675 1043 1160 1927 2051 2310 2877
5543 : 728 1264
5544 : 106 1185 1194 1255 1271 1390 1469 1531 1853 1878 1972 2113 2137 2500 2742 2857 2902 2927 2998 3008
5546 : 1365
5547 : 1001
5548 : 116 1385 1435 1549 1806 1930 2053 2310 2450 2570 2598 2705 3003 3033
5550 : 241 891 1097 1099 1179 1215 1423 1454 1658 1808 1869 1973 2229 2317 2341 2355 2406 2535 2674 2734 2857 2929 3011 3039 3048 3092 3176
5553 : 2821 2923
5554 : 462 1397
5560 : 1645
5561 : 585 2203 2297 2720 2951 3067
5562 : 1535 2892
5564 : 1845
5565 : 1044 1464 1604 1752 2375 2860
5566 : 605 2741 2849
5567 : 1135 1169 1652 1703 2137 2187 2470 2487 2581 2696 2849 2851 2893 2904 2947 2948 2980 3011
5568 : 2864
5569 : 2582 2716 2864
5570 : 2922
5571 : 2864
5572 : 1013 1223 2849
5573 : 2233 2359 2746 2753 2900 2991
5574 : 278 696 698 1544 1726 2856 2966 2987
5575 : 2233
5576 : 615 1099 1739 1925 2451
5577 : 396 615 730 1295 2194 2625 2768 2966 2969 2998 3156
5578 : 1679 2031 2113 2728 2998 3074 3106 3112
5580 : 2873
5581 : 2497 2817
5584 : 2571
5585 : 2817
5586 : 1615 3172
5589 : 2924
5590 : 1782 2366 2388 2701 2722 2766 2927 2963 2973 2997 3041 3075 3084 3086 3141 3151
5592 : 848 1109 1956
5593 : 1932 2649 2722 2828
5596 : 46 320 595 847 850 1170 1173 1188 1383 1456 1602 1928 2146 2209 2341 2726 2794 2848 2931 3154
5597 : 679 892 1155 1195 1261 1271 1324 1381 1462 1465 1515 1677 1700 1749 1786 1788 1834 1916 1974 2046 2127 2145 2227 2230 2273 2322 2406 2484 2568 2765 2812 2817 2845 2851 2871 2888 2943 3008 3034 3082 3147
5598 : 971 1155 1255 1908 2035 2054 2060 2726 3111
5599 : 94
5600 : 2483
5606 : 677 851 974 1034 1183 1415 1906 1939 1962 1976 2245 2297 2359 2369 2705 2801 2838 2858 2913 2931 2996 3052 3081 3104 3202
5607 : 106 1066 1354 1383 1415 2272 2388 2496 2833 3085
5608 : 1641 2745 2963 3114
5609 : 1113
5610 : 531
5612 : 1014 2308 2543 2943
5613 : 2543
5614 : 2449 3041
5616 : 1807 1947 2683 3118 3125
5617 : 2744
5618 : 1223 2210 2456 2940 3064 3125
5619 : 2047
5620 : 2097 2849 3077 3148
5625 : 282 1423 1434 1874 1879 3008
5626 : 1003
5627 : 1264
5628 : 321 2020
5636 : 48 1309 1409 1472 1626 1741 1844 2139 2246 2251 2354 2708 2726 2749 2787 2929 3059 3080 3136
5638 : 1528 1906 1908 2483 2568 2595 2697 2784 2878 2891 2897 2927 3086 3118 3132 3153 3196
5639 : 1594 2198 2867
5647 : 3180
5662 : 1108
5666 : 3163
5668 : 298 3015
5674 : 717 1186 1403 1423 1725 2177 2231 2466 2554 2714 2846 2921
5677 : 46 78 96 123 224 241 272 284 320 380 397 441 462 585 678 719 731 796 892 971 1012 1135 1148 1154 1162 1166 1167 1223 1255 1264 1278 1308 1324 1385 1389 1425 1453 1486 1504 1523 1542 1549 1553 1587 1603 1619 1641 1658 1665 1676 1681 1682 1747 1752 1753 1774 1788 1852 1854 1868 1884 1962 1999 2017 2034 2046 2054 2106 2111 2138 2169 2177 2202 2233 2253 2264 2267 2342 2379 2387 2491 2527 2541 2557 2624 2683 2697 2726 2746 2748 2765 2916 2919 2931 2979 3005 3117 3196 3201
5678 : 1911 3077
5679 : 71 329 637 719 799 1099 1154 1161 1308 1385 1425 1463 1553 1844 2034 2298 2527 2921 2979 3023
5690 : 1160 1166 1530 1565 1646 1681 1710 1788 1824 1852 2246 2648 3137
5691 : 380
5693 : 2402
5694 : 1007 1358 1853 2707
5695 : 1518
5698 : 68 92 144 205 236 242 605 695 719 893 990 1001 1087 1112 1134 1143 1147 1159 1171 1183 1198 1206 1216 1252 1254 1258 1265 1331 1368 1385 1387 1392 1397 1417 1421 1427 1433 1441 1457 1458 1459 1460 1483 1486 1497 1503 1505 1523 1534 1587 1592 1621 1623 1671 1686 1695 1698 1700 1705 1745 1750 1788 1792 1807 1829 1834 1902 1907 1908 2020 2034 2092 2107 2129 2130 2135 2147 2148 2166 2232 2249 2314 2315 2322 2323 2324 2344 2353 2420 2424 2483 2535 2538 2558 2631 2634 2680 2710 2721 2746 2808 2822 2827 2852 2864 2915 2919 2931 2937 3050 3052 3116 3201
5705 : 58 272 282 694 696 796 1035 1416 1433 1443 1475 1827
5706 : 2395
5707 : 1197 1497 2232 2567 3146
5711 : 1272
5712 : 243 251 595 618 796 942 1029 1194 1282 1457 1464 1482 1542 1616 1632 1642 1650 1728 1769 1774 1855 1879 1924 1928 1960 1997 2003 2148 2175 2198 2297 2356 2358 2367 2457 2536 2625 2681 2722 2868 2902 2919 2922 2957 2978 2985 2996 3002 3026 3042 3052 3088 3147 3153
5713 : 1035 1198 1323 2094 2289 2341 2556 2616 2770 3106
5714 : 1332 1676 1808 1930 2254 2421 2821 3052
5715 : 1179 2252 2390 2890 3042
5716 : 1315 1426 2716 2868 2885 2888 2889 3064 3103 3150
5717 : 2839 3164
5718 : 531 855 1900 2154 2160 2541 2631 2772 3087 3092
5720 : 397 678 758 854 972 1014 1030 1032 1046 1087 1117 1253 1385 1412 1435 1439 1470 1485 1525 1629 1885 1912 1974 2138 2188 2197 2198 2210 2289 2310 2316 2317 2368 2380 2501 2542 2776 2812 2893 2938 2949 2967 2980 2981 3008 3020 3031 3035 3048 3049 3064 3077 3078 3090 3091 3092 3137 3199
5721 : 1197 1295 1523 1846 2077
5722 : 3010
5723 : 205 462 605 655 1032 1099 1167 1260 1265 1324 1456 1458 1469 1489 1527 1565 1642 1706 1738 1808 1853 1879 1886 2002 2020 2097 2137 2167 2264 2272 2323 2367 2388 2402 2424 2538 2547 2561 2730 2786 2810 2832 2911 2938 2971 2979 3140 3204
5724 : 3180
5725 : 202 824 891 1035 1113 1147 1165 1173 1184 1307 1309 1487 1489 1516 1527 1644 1647 1676 1890 1925 1938 1962 2093 2113 2176 2216 2376 2648 2717 2750 2845 2896 2954 3015 3075 3152
5726 : 417 440 990 1155 1188 1252 1411 1503 1601 1680 1742 1764 1854 1870 2096 2625 2941 2970 2979 3112 3137
5729 : 695
5730 : 2558
5731 : 2868
5735 : 40 1487 1681 2572 3024 3142
5736 : 2850
5737 : 3201
5738 : 2582 2669 2922
5739 : 630 1309 1412 1505 1627 1751 1959 2106 2198 2313 2359 2406 2481 2500 2593 2669 2740 2812 2864 2985 3011 3028 3038 3050 3092 3142 3177
5740 : 2479
5741 : 1829
5742 : 3050
5743 : 2378
5744 : 2485
5748 : 3170
5749 : 92
5750 : 1751
5752 : 1391 2003 2065 2314 2389 2903 3124 3150 3199 3203
5753 : 1134 1710 1828
5754 : 2959
5755 : 284 961 1134 1392 1886 2178 2501 2606 2753 2937 3049 3202
5756 : 265 644 655 719 731 794 892 1121 1144 1309 1331 1334 1359 1392 1393 1394 1396 1397 1400 1457 1543 1649 1706 1924 1948 2081 2166 2167 2253 2323 2399 2645 2925 2959 3078 3203
5757 : 1214 1457 3039 3128
5760 : 3199
5764 : 479 893 1002 1062 1083 1154 1234 1362 1394 1408 1443 1572 2020 2130 2326 2344 2449 2651 2829 2838
5770 : 619 964 1315 1810 1829 1928 2050 2453 2906 2972 3182
5771 : 322 2871 2959
5774 : 2317
5775 : 251 696 3116
5777 : 40 68 71 92 95 300 321 335 405 441 531 630 637 670 675 759 824 854 891 940 942 972 1010 1013 1030 1144 1169 1181 1184 1194 1196 1206 1226 1252 1258 1278 1327 1349 1354 1365 1381 1389 1392 1413 1421 1423 1435 1445 1453 1467 1482 1592 1642 1650 1665 1691 1698 1699 1754 1767 1783 1805 1808 1844 1846 1856 1951 1976 2064 2083 2096 2168 2185 2194 2196 2197 2261 2263 2286 2289 2306 2323 2343 2365 2376 2383 2439 2527 2542 2584 2609 2622 2679 2702 2703 2707 2722 2750 2753 2771 2807 2828 2850 2851 2856 2886 2919 2923 2925 2931 2947 2987 2989 2996 3024 3048 3056 3060 3068 3078 3105 3112 3116 3131 3140 3142 3147 3166 3188
5778 : 1162 1568 1741 2002 2141 2246 2287 2523
5779 : 2265 2289 3115
5780 : 278 1045 1162 1424 1431 1871 2829 3115
5781 : 1425 2699 2801
5782 : 1391 1891 2287 2483 2523 2631 3157 3165
5787 : 1385 2454
5789 : 1331 1878 2855 3106
5790 : 2344 2692 2985 3074
5791 : 3014
5792 : 1590
5793 : 1161 3076 3136
5794 : 1517
5795 : 618
5796 : 2273 2665 2723
5799 : 2486
5802 : 2174
5812 : 1354 1700 2273
5813 : 2646
5815 : 2646
5816 : 2113 2273
5818 : 1161 1543 1956 3074
5819 : 2500
5820 : 409 1307 1475 1844
5822 : 1390 2233 2622 2722 2916 2963
5823 : 462 1325 1514 1542 2916
5824 : 619 1390 1739 2113 2233 3087
5825 : 440 1180 1706 2113 2556 2682 2711 2746 2903 3047 3057 3100 3162
5827 : 1700
5828 : 276 397 464 585 1046 1253 1290 1315 1362 1591 1680 1711 1726 2181 2297 2486 2808 2822 3130
5829 : 1354
5830 : 1195 1415 3003
5832 : 78 95 284 329 616 695 727 730 973 1003 1066 1083 1199 1206 1308 1365 1381 1383 1384 1392 1528 1533 1543 1638 1664 1680 1686 1697 1809 1935 1978 2065 2081 2188 2196 2210 2315 2324 2327 2387 2390 2486 2519 2537 2688 2710 2721 2749 2786 2841 2842 2860 2870 2880 2931 3077 3089 3124 3202 3204
5833 : 2931
5834 : 1381 1382
5835 : 116 1381 1383 1387 2306 2323 2325 2705 2786
5842 : 70 1047 1116 1347 1501 1696 1709 1916 2081 2340 2488 2554 2695 2697 2769 2787 2803 3085 3115 3152
5843 : 397 435 495 558 699 893 1066 1200 1368 1394 1423 1429 1444 1501 1504 1610 1649 1683 1696 1707 1709 1836 1876 1905 1910 1924 1931 1998 2047 2081 2186 2249 2253 2289 2335 2340 2365 2372 2494 2554 2557 2646 2695 2697 2780 2799 2994 3036 3085 3115 3138 3164
5845 : 1462 1945 2165 2233 2815 3140
5846 : 1382 1726
5850 : 2490
5853 : 677 1630 2499 2907 3139
5854 : 3041
5855 : 1517 1652 1713 1828 1906 1974
5856 : 2481
5857 : 1514 2993
5858 : 396 440 1015 1365 1502 1525 1647 1698 2337 2375 2401 2534 2681 2722 2901 2991 3088 3097
5860 : 40 106 116 224 282 319 322 409 440 462 497 536 598 699 719 726 755 796 849 861 867 944 972 1013 1014 1052 1099 1162 1179 1186 1197 1212 1216 1226 1231 1257 1262 1264 1282 1290 1306 1333 1346 1348 1368 1379 1382 1385 1386 1390 1412 1415 1432 1433 1435 1454 1459 1464 1470 1475 1528 1535 1552 1609 1613 1614 1620 1623 1625 1643 1647 1650 1651 1652 1653 1665 1674 1677 1691 1692 1695 1706 1710 1711 1745 1753 1754 1768 1787 1788 1805 1806 1834 1844 1845 1854 1862 1869 1870 1874 1878 1902 1908 1916 1928 1957 1962 1976 2002 2018 2033 2047 2060 2064 2105 2112 2142 2150 2151 2177 2178 2208 2228 2232 2252 2254 2276 2277 2305 2308 2317 2341 2343 2371 2372 2373 2378 2401 2409 2452 2484 2493 2498 2499 2515 2526 2535 2622 2625 2646 2666 2681 2692 2711 2712 2723 2742 2744 2771 2786 2817 2827 2836 2845 2850 2858 2878 2898 2901 2911 2919 2920 2938 2939 2949 3002 3006 3016 3044 3047 3053 3069 3074 3099 3112 3120 3121 3142 3144 3189 3202
5861 : 2786
5903 : 2196
5906 : 298 527 1206 1411 1637 1638 1642 1650 1727 1783 1935 2344 2455 2547 2627 2669 2712 2799 2891 3006 3013 3167
5907 : 1043 1491 1811 1856 2127 2178 2320 2517 2795 2931 3154
5908 : 1700 2060 2375 2828 2845 3181
5909 : 3087
5910 : 1989
5911 : 1496 2274
5912 : 320 615 727 982 1031 1066 1198 1261 1265 1288 1290 1306 1307 1362 1364 1408 1433 1465 1468 1470 1473 1485 1506 1524 1541 1543 1605 1627 1628 1649 1650 1674 1677 1695 1705 1710 1726 1753 1811 1862 1871 1889 1937 1977 2020 2036 2047 2059 2112 2113 2128 2137 2138 2188 2194 2197 2208 2318 2321 2356 2369 2374 2389 2390 2433 2451 2486 2620 2625 2719 2740 2810 2924 2939 2940 3016 3021 3043 3049 3138 3150 3154 3165
5913 : 950 1390 1433
5914 : 3091
5915 : 1792 1932 2208 2344 2375 2620 2811 2951 2984 3086
5916 : 1206 2095 2402 2798 2846 2893 2902 2998 3052 3072 3145
5917 : 824 982 1108 1267 1443 1653 1728 1827 2016 2017 2151 2317 2754 2894 3052
5918 : 1108 1443 1601 2016 2095 2669 2859 2891 2892 2998 3020 3052
5919 : 495 825 1518 1604 1653 2153 2375 2968 2988 3136
5920 : 329 1482 1637 2016 2151 2838 2990
5921 : 1108 1135 1272 1486 1683 1699 2342 2683 2905 3198
5922 : 964 2015 2683
5923 : 758 1359 2166
5924 : 1108 1657 1748 1753 1810 2020 2138 2247 2341 2376 2470 2626 2657 2703 2849 2864 2869 2912 2921 2945 3027 3101 3128
5925 : 483 1463 1470 1485 1665 2377 2541 2558 2626 2632 2721 2840 2870 2939 3128
5926 : 670 1439 2307 2719
5927 : 1439
5928 : 1518 1699
5929 : 1194 2719
5930 : 1432
5931 : 1997 3013 3041
5932 : 1099
5933 : 1427 2811 2924
5934 : 2142 3015
5935 : 2580
5936 : 322 854 1432 1629 1752 1829 2849 2948 3046 3116 3198
5938 : 103 728 1362 2356 2499 3049 3050
5939 : 248 1008
5940 : 1397 2181 2619
5941 : 1135 1930 2106
5948 : 2383
5949 : 1622 2702
5950 : 116 527 616 724 1395 1876 2033 2272 2568 2631 2813 2867 2914 3022
5951 : 2699
5952 : 1826 2646 2918 3118
5953 : 1433
5954 : 241 396 495 619 865 940 944 1035 1154 1179 1295 1327 1409 1433 1456 1471 1523 1525 1626 1638 1641 1642 1657 1677 1708 1717 1725 1738 1750 1752 1753 1805 1810 1843 1845 1856 1867 1886 1891 1892 1924 1946 2017 2030 2081 2162 2175 2194 2208 2211 2249 2262 2272 2276 2277 2287 2289 2297 2343 2358 2377 2380 2396 2421 2423 2435 2481 2497 2498 2499 2516 2526 2571 2582 2596 2625 2626 2668 2669 2681 2687 2688 2734 2795 2798 2839 2859 2863 2864 2868 2902 2911 2914 2918 2928 2967 2978 2988 2998 3000 3006 3048 3067 3072 3075 3080 3097 3128 3153
5960 : 1084 1290 1468 1619 1930 2435 2656
5961 : 1088
5962 : 1088
5966 : 1272
5967 : 1066 2233 2842
5968 : 479 677 851 854 858 861 1117 1956 2176 2997
5969 : 2341
5970 : 3114
5971 : 858 861 1956 2015 2108 2401 2523 2714
5972 : 96 670 2195 2726 2883
5973 : 1697 2053 2246 2299 2628 2806
5982 : 1859 1888
5984 : 243 1179 1415 1719 2033 2376 2537 2801 2890 3021 3141
5985 : 1646 1844 2033 2233 2376 2912 3111
5988 : 46 1469 1646 2380
5990 : 1032 1348
5991 : 1263
5992 : 691
5993 : 1263
5994 : 1988
5996 : 1726
5997 : 39 82 94 106 202 241 242 252 332 335 405 435 441 492 495 497 533 615 677 726 727 794 828 867 891 894 895 940 949 950 1002 1003 1006 1013 1015 1025 1026 1029 1044 1047 1049 1067 1072 1073 1109 1110 1111 1112 1115 1116 1117 1147 1155 1171 1181 1184 1197 1206 1211 1230 1231 1234 1257 1271 1272 1274 1278 1280 1292 1307 1326 1344 1351 1352 1353 1354 1363 1369 1386 1387 1402 1403 1408 1416 1423 1425 1429 1432 1438 1440 1441 1443 1473 1488 1491 1525 1543 1549 1563 1568 1569 1586 1587 1593 1602 1608 1610 1612 1620 1621 1632 1633 1635 1644 1650 1664 1673 1712 1719 1721 1725 1735 1739 1754 1785 1786 1805 1806 1807 1811 1825 1846 1847 1868 1871 1873 1879 1888 1901 1905 1910 1931 1932 1933 1935 1958 1973 1975 1976 1997 2000 2018 2032 2047 2049 2083 2105 2107 2109 2113 2125 2128 2145 2174 2176 2177 2178 2186 2192 2195 2203 2210 2227 2228 2233 2245 2248 2249 2251 2252 2261 2266 2273 2300 2338 2340 2353 2359 2369 2395 2400 2401 2408 2433 2434 2453 2469 2484 2497 2501 2523 2537 2543 2556 2559 2567 2569 2580 2582 2592 2596 2597 2606 2610 2631 2650 2656 2682 2688 2692 2696 2726 2727 2737 2738 2742 2749 2751 2766 2787 2794 2799 2819 2835 2836 2837 2847 2865 2880 2883 2896 2903 2905 2913 2923 2924 2931 2953 2966 2970 2972 2984 3001 3005 3014 3015 3018 3021 3030 3032 3033 3037 3045 3046 3054 3066 3068 3082 3083 3084 3089 3096 3098 3100 3102 3104 3107 3108 3111 3115 3134 3138 3139 3147 3152 3158 3167 3171 3175 3176
5998 : 2888
5999 : 440
6000 : 1664 1719 1856 1889 2227 2542 2716 2802 2842 2882 2894 2939 2957 2988 2994 3035 3148
6001 : 95 96 144 380 435 661 799 857 1030 1048 1098 1134 1143 1148 1159 1196 1206 1234 1236 1292 1324 1331 1352 1408 1425 1441 1456 1504 1517 1525 1592 1601 1602 1619 1620 1623 1625 1635 1645 1653 1674 1692 1700 1703 1713 1719 1722 1748 1808 1809 1871 1886 1923 1929 2019 2033 2047 2053 2062 2065 2091 2107 2109 2127 2137 2141 2145 2196 2203 2229 2233 2245 2248 2249 2251 2262 2267 2268 2273 2274 2276 2314 2318 2408 2437 2457 2494 2517 2522 2524 2543 2582 2606 2623 2633 2646 2664 2683 2699 2733 2749 2751 2753 2770 2772 2808 2809 2846 2847 2851 2877 2883 2905 2923 2927 2931 2953 2985 2987 2989 2996 3001 3015 3016 3046 3066 3098 3101 3107 3132 3139
6003 : 2524 2753
6004 : 2524 3032
6011 : 2202
6012 : 2880
6013 : 3043 3131
6014 : 2322
6016 : 1113 1929
6017 : 2142
6019 : 1590
6020 : 1542 2379
6021 : 1542 2202 2947
6022 : 1542 2298 2317
6023 : 1542 2379
6025 : 2142
6027 : 1415
6028 : 2202
6031 : 1471
6033 : 595 670 1112 1145 1162 1278 1678 1988 2327 2450 2499 2581 2893 2912 3102
6037 : 1673
6038 : 2233
6039 : 2893
6040 : 252 276 1454
6044 : 298 1750 3024
6049 : 2906
6051 : 3185
6054 : 2536 3025
6055 : 3127
6058 : 2515
6059 : 1013 1264 1403 1487 1609 1693 1723 1886 2031 2076 2125 2140 2288 2483 2499 2515 2568 2874 2887 2905 3041 3095 3097
6060 : 2127
6061 : 1645 2094
6062 : 497 536 1196 1717 2218 2883
6063 : 185 322 730 858 1392 1886 1977 2035 2128 2220 2496 2498 2537 2570 2598 2627 2688 2715 2716 2878 2929
6064 : 1956 2162 2175 2720 2816
6065 : 536 1172 1234 1551 1643 1676 2137 2176 2263 3067
6066 : 417 536 854 1282 1924 2146 2194 2287 2321 2627 2643 2726 2858 2883 2993 3018 3036 3110 3152
6067 : 241 695 1002 1088 1169 1315 1403 1589 1609 1635 1694 1768 1845 1926 1936 2002 2015 2148 2150 2169 2337 2390 2453 2496 2547 2557 2687 2728 2737 2801 2837 2925 3015 3097 3113 3118
6073 : 2216 2776 2928 3118
6074 : 2823
6075 : 2823 3022
6078 : 1115 1292 1426
6079 : 1113
6080 : 1113 1394 1472 2181
6082 : 2829
6084 : 2020
6085 : 3177
6086 : 3181
6088 : 2881 2928 3052
6089 : 3052
6091 : 1112 2595
6093 : 619
6094 : 1592
6095 : 619 1592 2887
6097 : 585
6099 : 2020
6104 : 1674 1752 1844 2398 2569 3050 3190
6105 : 615 1525 1691 1902 2053 2273 2744 3002 3099 3113
6107 : 1674
6108 : 1682 1928 2649 3131
6109 : 2482 2786
6114 : 1166
6115 : 724
6119 : 893 1519 1591 1649 1726 1805 2193 2398 2525 2794
6120 : 78 605 616 867 973 1032 1199 1261 1308 1323 1344 1486 1503 1518 1526 1533 1572 1591 1686 1698 1740 1751 1767 1827 1885 1892 1916 1928 1935 1939 1951 1989 2046 2096 2188 2218 2245 2277 2297 2314 2318 2319 2344 2372 2374 2387 2396 2402 2434 2450 2451 2452 2522 2535 2560 2561 2571 2624 2627 2668 2669 2680 2681 2710 2715 2720 2721 2741 2749 2795 2798 2840 2842 2849 2851 2859 2860 2862 2870 2876 2881 2882 2891 2950 2977 2988 3000 3002 3008 3025 3047 3048 3067 3068 3070 3072 3075 3081 3086 3088 3089 3137 3144 3147
6121 : 1261 2374 2470 2811 2829 3078
6122 : 1261 1541 1695 2469 2751 2802 2864
6123 : 1408
6124 : 867 1066 1344 1417 1433 1468 1474 1695 1698 1916 1929 2046 2318 2319 2526 2720 2742 2851 2862 2890 2892 2977 2979 2988 3016 3026 3059 3070 3119 3136
6125 : 1349 1930 2196
6126 : 799 942
6127 : 248
6128 : 63 1391 1518 1751 1854 2305 3110
6129 : 1035 1413 2153 2254 2470 2525
6130 : 2196 2365 3185
6132 : 1409
6133 : 677 796 1135 1294 1354 1695 1709 2186 2220 2307 2354 2355 2625 2835 2890 2924 3096 3134
6134 : 585 1028 1135 1526 1721 1806 1869 2105 2220 2365 3024
6135 : 585 893 1083 1273 1323 1381 1432 1633 1806 1875 1961 2015 2030 2125 2252 2340 2366 2420 2434 2525 2571 2657 2924 2927 2929 3132 3138 3154 3193
6136 : 796
6137 : 1180 2598
6138 : 2082 2083 2357 2912 3049 3121 3162
6139 : 1408 1455 1713 1740 2604
6142 : 1308 1564 1933
6143 : 2247
6144 : 2319
6145 : 1290
6146 : 1359 2247 2582 2867 2941
6147 : 2002 2289 2469 2798 2812 2867 2898
6148 : 1933
6149 : 242 1420 1930 2621
6150 : 2020 2810
6151 : 2938
6152 : 964 2402
6153 : 3135
6155 : 1198 1433 2216 2233
6156 : 241 1433 2216
6159 : 202 1179 1340 1506 1603 1642 1741 1829 2003 2499 2571 2597 2946 2951 3012
6160 : 1363 1428 1827 2314 2667 3056 3183
6161 : 1415 1462 2866
6163 : 3057
6164 : 1403
6165 : 1977
6173 : 1224
6174 : 1735
6175 : 254 1394 1534 2380 3024
6185 : 40 103 106 116 222 241 278 321 329 332 464 479 492 497 531 719 861 892 950 971 1049 1051 1071 1084 1115 1117 1134 1143 1145 1147 1154 1155 1171 1179 1197 1265 1333 1346 1352 1366 1381 1389 1390 1408 1410 1412 1426 1433 1453 1454 1462 1469 1488 1497 1503 1527 1540 1615 1623 1650 1651 1684 1691 1700 1709 1735 1741 1744 1749 1769 1785 1805 1826 1828 1836 1844 1845 1854 1874 1879 1885 1886 1908 1936 1948 1974 2002 2020 2030 2046 2064 2093 2094 2128 2145 2146 2167 2176 2186 2194 2198 2202 2216 2220 2247 2254 2301 2302 2319 2324 2356 2400 2420 2421 2453 2470 2482 2500 2526 2537 2538 2570 2581 2609 2622 2631 2670 2679 2684 2688 2709 2723 2730 2733 2734 2741 2742 2748 2749 2787 2810 2827 2833 2859 2864 2865 2884 2885 2893 2894 2901 2913 2918 2921 2931 2946 2947 2953 2956 2966 2993 3001 3002 3005 3010 3014 3017 3020 3037 3059 3060 3065 3071 3075 3076 3077 3092 3095 3096 3100 3101 3110 3112 3121 3125 3134 3142 3145 3152 3153 3154 3158 3163 3166
6195 : 3016
6201 : 241 616 619 679 724 861 972 1014 1025 1030 1046 1112 1163 1188 1197 1199 1223 1235 1255 1258 1282 1292 1324 1348 1359 1380 1385 1411 1412 1420 1463 1470 1485 1552 1571 1572 1641 1665 1738 1751 1769 1785 1792 1805 1810 1854 1879 1924 1929 1948 1961 1975 2002 2046 2064 2095 2108 2110 2137 2142 2144 2146 2170 2178 2185 2247 2276 2283 2302 2317 2341 2343 2359 2373 2482 2534 2543 2592 2606 2623 2627 2628 2634 2645 2674 2688 2705 2714 2767 2769 2816 2820 2827 2833 2835 2838 2865 2897 2907 2916 2921 2931 2940 2945 2950 2963 2970 3001 3005 3011 3045 3054 3055 3066 3077 3085 3092 3114 3142 3188 3201
6202 : 724
6203 : 1381 1603 3011
6204 : 605 695 1234 1543 1664 2826 2828
6205 : 1113 1554
6206 : 1158 2254 2842
6207 : 982
6208 : 724
6209 : 1770 1861
6210 : 1435
6211 : 1421
6212 : 116
6215 : 2680
6218 : 2680
6220 : 2176 2375
6221 : 1019 2483 2541 2620 3125
6222 : 2359
6223 : 3125
6224 : 104 1890
6225 : 605 2841
6226 : 1113 2201
6227 : 1113 1554
6228 : 1443 2368 2513 2855 3116 3125 3172
6236 : 222 950 1002 1003 1025 1052 1083 1333 1346 1381 1389 1410 1417 1433 1468 1615 1645 1722 1861 1908 1915 1929 1974 2018 2020 2033 2197 2286 2301 2372 2420 2452 2453 2496 2620 2631 2697 2717 2807 2808 2837 2838 2859 2867 2900 2931 2943 2947 3065 3077 3078 3092 3098 3163 3185
6237 : 796
6246 : 1519 1745 1938 1951 1960 2868 2988
6247 : 3056
6248 : 1665
6250 : 1750
6251 : 1741
6253 : 3032
6254 : 2339
6255 : 243 849 1622 2064 2722 2999
6256 : 1045 1404
6257 : 2901
6259 : 1462 1627 2669 2750
6260 : 2820
6261 : 2114
6262 : 2387
6263 : 1677
6264 : 2712
6268 : 106 243 462 1026 1152 1404 1517 1609 1700 1709 1824 1976 2002 2217 2421 2424 2483 2605 2688 2805 2821 2833 2966 3081 3091 3119 3145 3157 3162
6269 : 1340
6270 : 2357
6271 : 2535 2948
6273 : 242 759 1002 1294 1620 1718 1786 2557 3037 3134 3152 3189
6274 : 1620 2185
6275 : 1420 1691 1874 2997
6276 : 1613 2266
6277 : 1420
6278 : 2031
6279 : 1679 3152
6281 : 973
6282 : 2648
6283 : 2878
6284 : 2380
6286 : 1158 1748 2723
6287 : 1811 2175 2438 2497 2685 2918 3026 3072 3144
6289 : 435 2526
6290 : 1471 1747 1774 2297 2499 2560 3026 3059 3088
6291 : 585 1526 1682 1713 1728 1749 1750 1892 2016 2080 2245 2317 2320 2374 2379 2499 2500 2560 2681 2740 2741 2928 3052 3153
6293 : 2834 3157
6294 : 3157
6295 : 2195 3027
6296 : 1517
6297 : 2268
6300 : 1844 2390
6301 : 1010 3017
6302 : 1398 2249
6303 : 1051
6311 : 2383 2580
6312 : 2480 2580
6313 : 2580
6315 : 78 103 185 272 440 495 497 531 595 615 617 849 974 1066 1088 1143 1160 1226 1258 1278 1341 1366 1379 1412 1433 1458 1459 1465 1470 1489 1535 1572 1613 1622 1676 1700 1727 1741 1742 1784 1806 1845 1889 1930 1975 2020 2046 2051 2052 2150 2175 2210 2245 2314 2319 2321 2369 2421 2479 2480 2559 2680 2703 2704 2726 2737 2739 2750 2766 2845 2855 2871 2888 2925 2949 2951 2957 3014 3017 3050 3058 3064 3076 3129 3203 3204
6318 : 2150 2194 2342 2618 2851 2865 3039 3128
6319 : 1025 1362 1488 1694 3002
6321 : 3188
6324 : 2483
6325 : 300
6326 : 48 203 241 615 717 861 1186 1423 1501 1525 1551 1595 1638 1694 1709 1847 1930 2018 2028 2031 2110 2135 2144 2177 2189 2231 2251 2289 2388 2466 2520 2554 2695 2702 2714 2722 2766 2783 2784 2801 2834 2846 2884 2936 2956 2963 2973 2986 2997 3037 3041 3056 3075 3086 3096 3118 3151 3156 3163 3176 3177
6329 : 2233
6333 : 440 531 619 1290 2313 3077 3083
6334 : 2140 2155
6336 : 1879 2967 3120
6337 : 144 440 619 1471 2184
6338 : 1210 1455 1869
6341 : 1145 1946 2956
6342 : 1497
6345 : 3160
6346 : 1476 2147
6348 : 2776
6349 : 3194
6350 : 281 727 982 1012 1014 1307 1415 1487 1527 1553 1681 1911 1989 2046 2050 2127 2142 2210 2300 2323 2341 2396 2484 2519 2651 2664 2705 2730 2733 2739 2753 2764 2795 2873 2881 2911 2998 3087 3115
6351 : 796 1462 2931 3031
6352 : 724 941 1025 1237 1344 1459 1541 1665 1748 1900 1935 2138 2154 2215 2302 2401 2470 2519 2535 2567 2629 2646 3011 3150
6356 : 3047
6363 : 894 950 1349 1467 1608 1635 1645 1709 2093 2319 2453 2606
6364 : 1568 2998
6365 : 2722
6366 : 440 1197 1346 1665 2000 2147 2254 2543 2741 2838 2859 2936 2946 3016 3039 3125
6367 : 2002
6371 : 248 536 1886 1947 2228 2263 2438 2496 2598 2732 2809 3132
6372 : 585 1003 1071 1072 1307 1348 1353 1458 1489 1572 1623 1630 1684 1725 1877 1936 1989 2036 2083 2163 2201 2209 2299 2310 2319 2345 2356 2357 2401 2407 2526 2538 2580 2619 2656 2665 2723 2765 2772 2786 2800 2812 2876 2890 2931 2944 2985 3068 3091 3111 3116 3188 3203
6373 : 2253
6374 : 241 1165
6375 : 71 1098 1727 1889 2592 3048
6376 : 103 106 320 533 675 699 728 796 1099 1234 1347 1387 1392 1411 1454 1462 1536 1543 1602 1608 1624 1634 1646 1664 1769 1809 1855 1886 1889 1900 1945 1972 2003 2137 2154 2163 2273 2314 2315 2345 2358 2368 2406 2407 2420 2534 2623 2644 2688 2692 2753 2765 2777 2833 2893 2901 2923 2943 2956 3014 3080 3150 3158 3165
6377 : 40 441 1353 1429 1525 1593 1637 1698 1740 1742 1771 1783 1930 1934 1997 2003 2046 2064 2263 2580 2598 2625 2643 2652 2820 2823 2914 2949 2991 3021 3036 3039 3048 3105 3179 3181
6379 : 1973 2491
6380 : 441 671 1236 1465 1469 1593 2167 2817 2838 2920 3049 3106
6382 : 3001
6383 : 1169 1333 1645 1874 2229 3163
6384 : 435
6386 : 2712 3045 3054
6388 : 2722
6389 : 1721 3013
6390 : 1630
6391 : 2547
6392 : 2289
6395 : 2047 2310 2376 2480 2522 2628 2747 2786 3071
6402 : 1181
6405 : 205 679 1044 1306 1620 2252 2365 2438 2456 2802 2898 3124 3144 3202 3203
6406 : 3124
6409 : 1295 2469
6411 : 2274 2469
6413 : 367 441 1034 1261 1611 1685 1695 1811 1844 1846 1889 1890 1928 1989 2046 2059 2197 2198 2274 2371 2396 2401 2515 2712 2776 2890 2892 2900 2949 2951 2969 2988 3032 3040 3059 3070 3133 3158 3172
6414 : 1611 2951
6415 : 441 828 1261 1354 1685 1695 1723 1928 2454 2515 2712 2776 2849 3032 3038 3040 3043 3127 3133
6419 : 1695 2401
6423 : 1695
6424 : 1181
6425 : 1587 1826 2228 2306 2368 2376 2496 2625 2838 2882
6426 : 1623 3195
6427 : 46 173 202 243 298 319 329 380 417 435 479 492 558 670 679 724 824 851 1001 1007 1029 1045 1066 1099 1135 1161 1164 1167 1170 1200 1213 1225 1323 1347 1358 1380 1389 1393 1398 1404 1420 1421 1425 1467 1475 1476 1530 1542 1549 1572 1588 1594 1601 1602 1608 1609 1614 1641 1665 1673 1676 1679 1686 1693 1703 1706 1721 1742 1751 1767 1786 1788 1836 1852 1856 1861 1862 1871 1916 1935 1959 1973 1978 2003 2031 2033 2034 2047 2065 2093 2095 2106 2107 2127 2137 2146 2154 2160 2186 2193 2196 2233 2251 2254 2262 2263 2273 2276 2287 2307 2313 2337 2341 2380 2388 2396 2420 2434 2437 2470 2490 2492 2513 2541 2542 2543 2546 2559 2582 2606 2609 2627 2632 2644 2665 2692 2701 2704 2707 2728 2749 2750 2784 2817 2819 2829 2833 2837 2839 2846 2856 2868 2870 2884 2897 2903 2907 2911 2923 2925 2932 2936 2939 2954 2957 2971 3000 3036 3037 3041 3042 3053 3060 3069 3074 3077 3083 3092 3098 3099 3107 3108 3111 3124 3128 3132 3139 3164 3165 3166 3192
6433 : 1441 1462
6436 : 414 1062 1959 2878
6438 : 1385
6442 : 479 675 724 1170 1382 1413 1497 1593 1908 1933 1939 2198 2317 2322 2324 2327 2342 2421 2582 2834 2884
6444 : 2184
6452 : 558 1769 3106
6453 : 2665
6455 : 106 116 441 483 497 637 848 1049 1066 1098 1135 1143 1145 1181 1280 1383 1423 1441 1505 1554 1589 1609 1626 1628 1647 1651 1693 1725 1771 1862 1902 1915 1929 1999 2030 2194 2261 2266 2288 2343 2356 2513 2535 2568 2569 2594 2666 2695 2744 2799 2815 2827 2833 2841 2849 2855 2899 2901 2903 2921 2954 2970 3004 3036 3075 3106 3112 3140 3141 3152 3157 3171 3177 3195
6457 : 1936 2059 2096 2456 2513 2839 2877 2922 2949 3041 3042 3095 3096
6458 : 367 1504 1723 1878 1936 2177 2274 2289 2513 2515 2568 2836 2846 2849 2889 2922 2949 3032 3042 3074 3095 3096 3163 3164
6459 : 533 1590 2883
6460 : 2220 2598
6461 : 2883
6465 : 1200 3182
6467 : 1774
6468 : 670
6469 : 2289
6470 : 3132
6471 : 1394
6472 : 2322
6473 : 2945
6474 : 2344
6475 : 2665
6476 : 1048
6478 : 1012 1265 2449 2470 2702 2732 2921 2922
6480 : 1368 1916 2568
6481 : 2666
6482 : 1001
6483 : 1145 1366 1788 1846 1862 1877
6484 : 2167
6485 : 2961
6486 : 1641
6487 : 2918 2997
6489 : 2093
6490 : 3046 3098
6492 : 2036 2674
6493 : 1147
6494 : 335 536 973 1013 1049 1365 1623 1673 1722 1888 2000 2094 2125 2324 2395 2670 2903 3002
6495 : 3004
6496 : 2033
6497 : 1609
6499 : 2805
6500 : 2341 2561
6501 : 2189
6502 : 2604
6503 : 2988
6504 : 2300
6506 : 2668
6507 : 2344
6508 : 1540
6510 : 1135 2717 2898 2972
6515 : 1805
6516 : 1293
6517 : 1691
6518 : 2286
6519 : 1453 1972 2513 2857
6521 : 1032
6522 : 3077
6523 : 2680
6525 : 2368
6526 : 1430
6527 : 3115
6528 : 1416 1432 1697 3024
6529 : 2567
6530 : 2481
6531 : 1247 2947
6532 : 3010
6533 : 1768 2922
6534 : 1926
6535 : 2204 2537
6536 : 1888 2216
6537 : 2991
6538 : 2905
6541 : 2310 2376 2574 2747 2786 3071 3180
6544 : 2805 3015
6545 : 78 495 730 1033 1258 1290 1350 1527 1534 1590 1810 1824 1827 2046 2081 2249 2265 2276 2287 2307 2357 2667 2734 2829 2850 2957 3134
6546 : 2970
6547 : 1425 1497 2019 2712
6548 : 462 1292 1956
6549 : 397 1153 1543 1544 1565 1718 1824 1962 1989 2050 2276 2344 2373 2810 2838 3194
6551 : 2979
6554 : 2337 2809
6558 : 40 95 104 106 185 224 242 243 248 281 321 414 435 441 492 495 531 585 616 630 670 675 693 695 699 724 755 761 849 851 894 944 949 990 1013 1014 1032 1046 1145 1152 1171 1197 1199 1223 1233 1236 1253 1272 1278 1290 1295 1307 1332 1346 1348 1362 1379 1381 1402 1408 1410 1415 1420 1423 1425 1453 1458 1459 1473 1497 1517 1519 1566 1572 1590 1592 1602 1614 1620 1628 1651 1691 1693 1694 1700 1711 1726 1727 1728 1750 1784 1826 1846 1847 1853 1856 1877 1878 1886 1889 1906 1928 1930 1932 1988 2003 2033 2046 2050 2060 2095 2106 2130 2137 2147 2168 2176 2179 2195 2196 2197 2215 2216 2217 2220 2228 2247 2252 2263 2273 2289 2305 2307 2314 2317 2320 2326 2340 2342 2344 2359 2383 2424 2438 2453 2456 2486 2491 2496 2497 2499 2500 2515 2526 2534 2541 2542 2572 2580 2582 2598 2620 2622 2627 2646 2652 2657 2687 2688 2695 2712 2717 2721 2726 2732 2734 2766 2799 2805 2810 2820 2821 2822 2828 2833 2848 2851 2865 2867 2871 2878 2887 2890 2898 2905 2912 2916 2943 2949 2969 2977 2978 2989 2993 3002 3013 3014 3017 3018 3021 3024 3032 3034 3037 3058 3067 3069 3076 3077 3080 3081 3094 3097 3104 3112 3116 3121 3125 3132 3135 3138 3140 3141 3142 3150 3156 3158 3175 3188 3202 3203
6559 : 1623
6560 : 1489 2684
6561 : 205 319 679 691 1026 1252 1453 1569 1676 1788 2155 2184 2320 2396 2651 2684 2842 2956 3202
6562 : 759 2305 2519
6563 : 1121 1856 3143
6564 : 78 242 248 281 533 940 942 1121 1210 1294 1612 1635 1929 1958 2226 2436 2706 2832 3013 3141
6565 : 615 695 1333 1411 1516 2184 2343 2962
6566 : 281 319
6567 : 2822
6568 : 2535
6569 : 1531
6571 : 982 1747 2061 2265 2545 2579 2632 2748 2950 2956 3105 3114
6572 : 1323 1748 2265 2470 2709 2886 2957 3148
6575 : 202 1835 1873 2451 2547 2631 2939 2979 3021
6577 : 69 464 730 1195 1225 1366 1412 1413 1468 1476 1602 1684 1856 1889 2163 2188 2233 2450 2634 3150 3163 3203
6584 : 380 2884
6586 : 1144
6587 : 2080
6588 : 1399
6589 : 40 46 78 202 241 282 298 319 322 405 479 492 531 615 619 796 849 851 860 861 867 942 981 1013 1014 1035 1046 1052 1097 1099 1117 1152 1154 1171 1196 1197 1198 1200 1206 1226 1257 1258 1259 1265 1293 1323 1326 1331 1333 1362 1364 1386 1393 1394 1420 1421 1425 1433 1445 1454 1458 1471 1475 1497 1504 1519 1524 1549 1550 1572 1593 1595 1609 1626 1631 1638 1641 1652 1665 1674 1676 1678 1679 1691 1709 1710 1713 1719 1723 1724 1725 1727 1728 1742 1749 1766 1767 1768 1783 1785 1787 1810 1811 1825 1855 1856 1862 1867 1869 1871 1879 1886 1892 1915 1924 1930 1933 1934 1935 1936 1961 1974 1976 1997 2020 2031 2033 2095 2111 2137 2142 2145 2146 2152 2162 2175 2176 2189 2195 2196 2203 2204 2208 2217 2219 2249 2261 2267 2275 2276 2283 2289 2297 2299 2306 2314 2317 2319 2323 2325 2344 2353 2388 2401 2402 2437 2490 2498 2513 2515 2524 2525 2537 2543 2568 2584 2605 2624 2629 2644 2648 2650 2651 2664 2667 2669 2680 2682 2687 2695 2697 2701 2712 2720 2726 2738 2739 2740 2746 2750 2776 2784 2798 2823 2837 2858 2860 2862 2865 2878 2889 2916 2924 2925 2936 2937 2948 2956 2963 2980 2989 2990 2991 2996 3001 3014 3015 3018 3021 3027 3030 3033 3036 3042 3047 3052 3055 3056 3058 3064 3084 3085 3087 3095 3096 3106 3115 3118 3121 3131 3134 3135 3141 3142 3152 3160 3163 3164 3171 3183 3199
6590 : 367 2233 3097 3141
6592 : 1592
6593 : 40 298 619 961 981 1153 1255 1631 1634 1725 1843 1976 2109 2144 2188 2200 2233 2267 2276 2500 2525 2527 2605 2744 2770 2784 2878 3021 3075 3086 3115 3124 3131 3153
6594 : 2019
6595 : 144 367 1084 1162 1544 1589 1652 1706
6596 : 78 95 691 727 755 893 942 950 1028 1029 1048 1049 1052 1143 1147 1196 1206 1212 1274 1308 1333 1346 1352 1353 1363 1364 1381 1404 1423 1441 1516 1543 1601 1602 1636 1692 1722 1766 1782 1806 1887 1890 1909 1946 1948 1958 1978 1997 2000 2153 2186 2188 2229 2325 2338 2339 2353 2544 2560 2567 2592 2605 2646 2695 2779 2800 2978 3016 3094 3166 3184 3200
6597 : 335 727 1280 1388 1608 1892 2001 2186 2297 2354 2799 3138
6598 : 727 1453 1524 2105 2233 2480 2684 2709
6603 : 1428
6613 : 1323
6614 : 71 202 598 1032 1134 1163 1165 1223 1264 1305 1323 1348 1354 1413 1415 1459 1551 1613 1635 1693 1739 1788 1807 1826 1886 1915 1947 2050 2054 2138 2184 2185 2232 2246 2568 2632 2711 2751 2883 2897 3153 3172 3173
6615 : 2355
6616 : 104 1426 1540 1541 2078 2207 2479 2534 2993 3018 3057 3091 3146
6617 : 3091
6618 : 854 1409 1507 1646 1654 1807 1928 2726 3002 3023
6619 : 527 1099 1391 1686 1915 2078 2265 2369 2625 2699 2751 2753 2771 2828 2873 2931 2957 3057 3101 3105 3116 3128 3135 3150
6620 : 670
6622 : 321
6624 : 536
6625 : 1108 1403 1750 2175 2798 2832
6626 : 236 1637 2315
6627 : 605
6628 : 536 1554 2451 2722 2734 2851 2913 2993 2998 3052 3174
6629 : 1161
6630 : 2324 3172
6631 : 1010 1049 1292 1346 1369 1470 1485 1497 1501 1604 1717 1727 1809 2148 2188 2233 2297 2390 2401 2598 2604 2683 2734 2750 2816 2819 2970 3016 3020 3052 3087
6632 : 319 824 2560 3093 3120
6633 : 298 335 527 1015 1182 1184 1216 1236 1294 1364 1410 1411 1425 1501 1507 1552 1594 1601 1605 1625 1632 1638 1664 1726 1827 1915 1925 1928 1932 1936 1945 1948 1958 1978 1989 2017 2019 2081 2125 2134 2203 2229 2245 2321 2344 2355 2447 2481 2523 2542 2560 2582 2595 2606 2609 2657 2674 2682 2697 2700 2712 2728 2829 2912 2940 2970 2989 2996 3013 3016 3041 3046 3047 3078 3115 3204
6634 : 441 1047 1265 1344 1399 1402 1566 1727 1836 1868 1906 1929 1932 2625 3015 3078 3118 3200 3202
6635 : 3026
6636 : 40 1235 1445 1491 2302 2568 2931 3021
6637 : 1564 2233
6638 : 1877
6639 : 1744
6640 : 2742 3195
6641 : 1845
6642 : 2302
6643 : 1099
6645 : 1677
6646 : 1430 2423
6647 : 322
6648 : 822 894 1035 1111 1197 1235 1614 1713 2109 2252 2377 2726 2884 2901 2969 2993 3006 3034 3120
6651 : 1280 1827 2051 2378 2631 2916 2990
6652 : 106 1535 1609 2746 3001 3135 3157 3162
6653 : 1235 1924 2482 2871 3097 3173
6654 : 282 435 1524 1608 1676 1886 1930 3077 3173
6656 : 63
6663 : 2 4 6 7 8 10 11 13 14 16 17 19 20 21 22 37 39 40 42 46 48 51 53 58 59 60 63 68 69 70 71 77 78 80 82 84 86 88 89 92 94 95 96 97 98 102 103 104 106 111 112 113 114 116 117 122 123 124 130 131 133 134 136 137 143 144 146 147 164 165 166 174 175 177 179 180 181 182 185 188 189 194 202 203 205 210 213 215 216 218 220 221 222 224 226 231 236 237 238 239 241 242 243 245 248 250 251 252 253 254 256 266 267 268 272 274 276 277 278 281 282 283 284 285 286 288 291 293 298 300 301 303 304 310 313 314 315 317 319 320 321 322 323 325 327 329 330 332 333 335 336 337 342 345 346 348 349 350 351 353 354 355 360 364 365 366 367 368 380 381 382 388 396 397 400 401 403 405 406 408 409 411 415 417 421 426 435 436 438 439 440 441 444 447 450 451 452 453 455 461 462 464 470 479 480 483 489 491 492 493 494 495 496 497 503 511 517 522 524 525 527 531 532 533 534 535 536 537 538 545 546 548 549 556 557 558 559 567 568 574 575 578 585 586 589 590 591 595 596 598 600 601 603 605 607 615 616 617 619 622 625 626 630 632 633 634 637 638 640 643 644 646 647 651 652 653 655 658 659 661 669 670 671 674 675 676 677 678 679 681 689 691 692 693 694 695 696 697 698 699 704 708 717 718 719 721 722 723 724 726 727 728 729 730 731 735 737 741 742 747 751 753 755 757 758 759 760 761 762 763 764 767 768 769 777 778 788 794 796 799 804 806 807 822 823 824 825 828 833 842 847 848 849 851 852 854 855 856 858 860 861 864 865 867 868 869 870 877 878 881 887 888 890 891 892 893 894 895 896 897 903 905 911 912 915 920 925 930 931 935 936 937 940 941 942 944 948 949 950 951 952 954 955 956 957 958 962 963 964 966 971 972 973 974 975 979 980 981 982 988 989 990 996 997 999 1001 1002 1003 1007 1008 1009 1010 1011 1012 1013 1014 1015 1017 1023 1024 1025 1026 1028 1029 1030 1031 1032 1033 1034 1035 1036 1037 1039 1044 1045 1046 1047 1048 1049 1051 1052 1053 1062 1065 1066 1067 1069 1071 1072 1083 1084 1086 1087 1088 1093 1095 1098 1099 1100 1101 1106 1108 1109 1110 1111 1112 1113 1114 1115 1116 1117 1120 1122 1128 1133 1134 1135 1136 1142 1143 1144 1145 1146 1147 1148 1152 1154 1155 1159 1160 1161 1162 1163 1164 1165 1166 1167 1168 1169 1170 1171 1172 1173 1179 1180 1181 1182 1183 1184 1185 1186 1188 1194 1195 1196 1197 1198 1199 1200 1201 1206 1207 1208 1210 1211 1212 1213 1214 1215 1216 1217 1219 1223 1224 1225 1226 1230 1231 1232 1233 1234 1235 1236 1237 1238 1243 1247 1248 1251 1252 1253 1254 1255 1257 1258 1259 1260 1261 1262 1263 1264 1265 1266 1267 1268 1269 1270 1271 1272 1273 1274 1275 1277 1278 1279 1280 1281 1282 1284 1285 1286 1288 1290 1291 1292 1293 1294 1295 1299 1305 1306 1307 1308 1309 1313 1314 1315 1316 1323 1324 1325 1326 1327 1329 1331 1332 1333 1334 1336 1337 1339 1340 1341 1344 1345 1346 1347 1348 1349 1350 1351 1352 1353 1354 1358 1359 1360 1362 1363 1364 1365 1366 1368 1369 1371 1373 1374 1379 1380 1381 1382 1383 1384 1385 1386 1387 1388 1389 1390 1391 1392 1393 1394 1395 1396 1397 1398 1399 1400 1401 1402 1403 1404 1406 1408 1409 1410 1411 1412 1413 1415 1416 1417 1420 1421 1423 1424 1425 1426 1427 1428 1429 1430 1432 1433 1434 1435 1436 1438 1439 1440 1441 1443 1444 1445 1450 1453 1454 1455 1456 1457 1458 1459 1460 1462 1463 1464 1465 1467 1468 1469 1470 1471 1472 1473 1474 1475 1476 1477 1480 1482 1483 1484 1485 1486 1487 1488 1491 1493 1494 1495 1496 1497 1498 1501 1502 1503 1504 1505 1506 1507 1510 1511 1512 1514 1515 1516 1517 1518 1519 1520 1523 1524 1525 1526 1527 1528 1529 1530 1531 1533 1534 1535 1536 1540 1541 1542 1543 1544 1548 1549 1550 1551 1552 1553 1554 1558 1559 1563 1564 1565 1566 1567 1568 1569 1570 1571 1572 1576 1577 1586 1587 1588 1589 1590 1591 1592 1593 1594 1595 1599 1601 1602 1603 1604 1605 1608 1609 1610 1611 1612 1613 1614 1616 1617 1618 1620 1621 1622 1623 1624 1625 1626 1627 1628 1629 1630 1631 1632 1633 1634 1635 1636 1637 1638 1641 1642 1643 1644 1645 1646 1647 1649 1650 1651 1652 1653 1654 1657 1658 1659 1662 1663 1664 1665 1666 1667 1670 1671 1672 1673 1674 1675 1676 1677 1678 1679 1680 1681 1682 1683 1684 1685 1686 1689 1691 1692 1693 1694 1695 1696 1697 1698 1699 1700 1703 1705 1706 1707 1708 1709 1710 1711 1712 1713 1717 1718 1719 1720 1721 1722 1723 1724 1725 1726 1727 1728 1732 1733 1735 1738 1739 1740 1741 1742 1743 1744 1745 1746 1747 1748 1749 1750 1751 1752 1753 1754 1755 1763 1764 1765 1766 1767 1768 1769 1770 1771 1774 1775 1777 1781 1782 1783 1784 1785 1786 1787 1788 1789 1790 1791 1792 1793 1797 1801 1805 1806 1807 1808 1809 1810 1811 1813 1817 1818 1820 1821 1823 1824 1825 1826 1827 1828 1829 1833 1834 1835 1836 1839 1843 1844 1845 1846 1847 1848 1850 1851 1852 1853 1854 1855 1856 1858 1859 1860 1861 1862 1864 1866 1867 1868 1869 1870 1871 1872 1873 1874 1875 1876 1877 1878 1879 1882 1884 1885 1886 1887 1888 1889 1890 1891 1892 1893 1900 1901 1902 1903 1904 1905 1906 1907 1908 1909 1910 1911 1912 1915 1916 1918 1924 1925 1926 1927 1928 1929 1930 1931 1932 1933 1934 1935 1936 1937 1938 1939 1940 1942 1945 1946 1947 1948 1949 1950 1951 1954 1955 1956 1958 1959 1960 1961 1962 1963 1968 1969 1972 1973 1974 1975 1976 1977 1978 1979 1988 1989 1991 1996 1997 1998 1999 2000 2001 2002 2003 2004 2005 2015 2016 2017 2018 2019 2020 2025 2027 2028 2030 2031 2032 2033 2034 2035 2036 2037 2038 2039 2042 2043 2044 2045 2046 2047 2048 2049 2050 2051 2052 2053 2054 2055 2058 2059 2060 2061 2062 2064 2065 2066 2073 2075 2076 2077 2078 2080 2081 2082 2083 2084 2086 2090 2091 2092 2093 2094 2095 2096 2097 2099 2104 2105 2106 2107 2108 2109 2110 2111 2112 2113 2114 2116 2123 2124 2125 2126 2127 2128 2129 2130 2131 2132 2134 2135 2136 2137 2138 2139 2140 2141 2142 2143 2144 2145 2146 2147 2148 2149 2150 2151 2152 2153 2154 2155 2158 2160 2161 2162 2163 2164 2165 2166 2167 2168 2169 2170 2171 2174 2175 2176 2177 2178 2179 2180 2181 2184 2185 2186 2187 2188 2189 2193 2194 2195 2196 2197 2198 2200 2201 2202 2203 2204 2205 2206 2207 2208 2209 2210 2211 2213 2215 2216 2217 2218 2219 2220 2221 2222 2226 2227 2228 2229 2230 2231 2232 2233 2234 2236 2245 2246 2247 2248 2249 2251 2252 2253 2254 2261 2262 2263 2264 2265 2266 2267 2268 2272 2273 2274 2275 2276 2277 2281 2282 2283 2284 2285 2286 2287 2288 2289 2291 2292 2295 2297 2298 2299 2300 2301 2302 2303 2304 2305 2306 2307 2308 2309 2310 2311 2312 2313 2314 2315 2316 2317 2318 2319 2320 2321 2322 2323 2324 2325 2326 2327 2330 2335 2337 2338 2339 2340 2341 2342 2343 2344 2349 2351 2353 2354 2355 2356 2357 2358 2359 2365 2366 2367 2368 2369 2370 2371 2372 2373 2374 2375 2376 2377 2378 2379 2380 2382 2383 2385 2387 2388 2389 2390 2392 2393 2395 2396 2398 2399 2400 2401 2402 2406 2407 2409 2410 2413 2419 2420 2421 2422 2423 2424 2426 2428 2429 2430 2433 2435 2436 2437 2438 2439 2440 2443 2444 2446 2447 2449 2450 2451 2452 2453 2454 2455 2456 2457 2458 2466 2469 2470 2471 2474 2475 2479 2480 2481 2482 2483 2484 2485 2486 2487 2488 2489 2490 2491 2492 2493 2494 2496 2497 2498 2499 2500 2501 2502 2507 2508 2513 2514 2515 2516 2517 2518 2519 2520 2521 2522 2523 2524 2525 2526 2527 2534 2535 2536 2537 2538 2539 2540 2541 2542 2543 2544 2545 2546 2547 2553 2554 2555 2556 2557 2559 2560 2561 2566 2567 2568 2569 2570 2571 2572 2578 2579 2580 2581 2582 2584 2585 2587 2591 2592 2593 2594 2595 2596 2597 2598 2600 2601 2603 2604 2605 2606 2607 2609 2610 2616 2617 2618 2619 2620 2621 2622 2623 2624 2625 2626 2627 2628 2629 2630 2631 2632 2633 2634 2636 2639 2642 2643 2644 2645 2646 2647 2648 2649 2650 2651 2652 2653 2654 2656 2657 2659 2663 2664 2665 2666 2667 2668 2669 2670 2671 2673 2674 2676 2679 2680 2681 2682 2683 2684 2685 2686 2687 2688 2691 2692 2694 2695 2696 2697 2698 2699 2700 2701 2702 2703 2705 2706 2707 2709 2710 2711 2712 2713 2714 2715 2716 2717 2718 2719 2720 2721 2722 2723 2725 2726 2727 2728 2730 2731 2732 2733 2734 2735 2737 2738 2739 2740 2741 2742 2744 2745 2746 2748 2749 2750 2751 2752 2753 2754 2755 2756 2758 2759 2762 2764 2765 2766 2767 2768 2769 2770 2771 2772 2775 2776 2777 2778 2779 2780 2783 2784 2785 2786 2787 2788 2790 2794 2795 2798 2799 2800 2801 2802 2803 2804 2805 2806 2807 2808 2809 2810 2811 2812 2813 2814 2816 2817 2819 2820 2821 2822 2823 2824 2825 2826 2827 2828 2829 2831 2832 2833 2834 2835 2836 2837 2838 2839 2840 2841 2842 2843 2845 2846 2847 2848 2849 2850 2851 2852 2853 2855 2856 2857 2858 2859 2860 2861 2862 2863 2864 2865 2866 2867 2868 2869 2870 2871 2872 2873 2874 2875 2876 2877 2878 2880 2881 2882 2883 2884 2885 2886 2887 2888 2889 2890 2891 2892 2893 2894 2895 2896 2897 2898 2899 2900 2901 2902 2903 2904 2905 2907 2909 2910 2911 2912 2913 2914 2915 2916 2918 2919 2920 2921 2922 2923 2924 2925 2926 2927 2928 2929 2930 2931 2932 2933 2935 2936 2937 2938 2939 2940 2941 2942 2943 2944 2945 2946 2947 2948 2949 2950 2951 2953 2954 2955 2956 2957 2958 2959 2960 2961 2962 2963 2964 2965 2966 2967 2968 2969 2970 2971 2972 2973 2977 2978 2979 2980 2981 2983 2984 2985 2986 2987 2988 2989 2990 2991 2993 2994 2996 2997 2998 2999 3000 3001 3002 3003 3004 3005 3006 3007 3008 3010 3011 3012 3013 3014 3015 3016 3018 3020 3021 3022 3023 3024 3025 3026 3027 3028 3030 3031 3032 3033 3034 3035 3036 3037 3038 3039 3040 3041 3042 3043 3044 3045 3046 3047 3048 3049 3050 3051 3052 3053 3054 3055 3056 3057 3058 3059 3060 3061 3062 3064 3065 3066 3067 3068 3069 3070 3071 3072 3073 3074 3075 3076 3077 3078 3079 3080 3081 3082 3083 3084 3085 3086 3087 3088 3089 3090 3091 3092 3093 3094 3095 3096 3097 3098 3099 3100 3101 3102 3103 3104 3105 3106 3107 3108 3109 3110 3111 3112 3113 3114 3115 3116 3117 3118 3119 3120 3121 3122 3123 3124 3125 3127 3128 3129 3130 3131 3133 3134 3135 3136 3137 3138 3139 3140 3141 3142 3143 3144 3145 3146 3147 3148 3149 3150 3151 3152 3153 3154 3155 3156 3157 3158 3160 3162 3163 3164 3165 3166 3167 3168 3169 3170 3171 3172 3173 3174 3175 3176 3177 3179 3180 3181 3182 3183 3184 3185 3187 3188 3190 3191 3192 3193 3194 3195 3197 3198 3199 3200 3201 3202 3203 3204
6664 : 670 1290 1410 1458 1519 1589 1721 1792 2623 3077
6665 : 724 1366 1445 2480 2634 2899 2931
6666 : 146 724 1099 1159 1445 1673 1827 1939 2147 2289 2852 2899
6668 : 40 335 1549 1892 1935 2097 2449 2628 2629
6671 : 3060
6674 : 2535
6677 : 533 585 630 1049 1307 1362 1415 1430 1433 1488 1572 1612 1641 1722 1727 1735 1738 1856 2015 2046 2096 2175 2246 2302 2339 2365 2620 2621 2631 2652 2680 2688 2700 2726 2730 2807 2857 2916 2981 3008 3010 3016 3052 3076 3077 3125 3142 3152 3154
6684 : 1476 1852 2306 2307 2657 2744 2749
6686 : 1691
6691 : 3177
6694 : 2434
6695 : 2499
6696 : 1514
6697 : 1650
6698 : 3 23 41 44 46 48 52 64 68 71 78 80 87 88 97 103 105 109 116 118 119 122 123 124 136 138 141 142 146 147 163 170 196 216 236 241 242 243 248 252 254 269 278 281 282 296 297 300 312 319 321 332 361 371 392 400 403 409 417 435 440 441 476 477 492 497 536 558 581 584 585 601 605 615 616 619 635 637 644 677 678 679 690 695 696 721 724 730 731 751 761 762 799 806 818 821 825 826 842 848 851 854 855 861 866 890 893 897 942 946 948 949 954 963 964 972 973 974 982 984 985 986 987 1001 1002 1003 1005 1009 1017 1024 1025 1031 1032 1033 1035 1036 1046 1048 1050 1051 1062 1066 1067 1072 1086 1088 1108 1112 1116 1117 1121 1122 1134 1135 1143 1145 1146 1151 1154 1155 1159 1161 1164 1165 1168 1170 1171 1172 1173 1181 1183 1187 1194 1195 1197 1199 1205 1207 1210 1211 1214 1225 1235 1236 1248 1253 1255 1260 1261 1265 1267 1271 1273 1280 1290 1294 1305 1323 1325 1326 1327 1328 1330 1334 1338 1341 1345 1349 1351 1358 1362 1381 1382 1385 1388 1391 1393 1394 1397 1398 1403 1404 1411 1413 1415 1421 1425 1426 1427 1428 1432 1433 1435 1439 1440 1443 1456 1458 1460 1461 1462 1463 1465 1466 1468 1476 1487 1496 1497 1502 1507 1514 1516 1518 1519 1524 1525 1526 1528 1530 1533 1534 1535 1542 1544 1548 1550 1553 1564 1566 1570 1588 1589 1590 1592 1608 1616 1621 1622 1625 1628 1629 1630 1635 1641 1642 1645 1652 1659 1664 1665 1671 1675 1677 1683 1684 1685 1686 1691 1697 1698 1699 1700 1702 1703 1705 1708 1710 1711 1713 1718 1725 1726 1727 1728 1741 1742 1745 1748 1750 1752 1755 1764 1765 1767 1768 1770 1771 1774 1782 1784 1786 1806 1807 1809 1810 1812 1825 1829 1831 1837 1843 1844 1845 1846 1847 1852 1854 1861 1862 1874 1875 1877 1878 1879 1885 1890 1891 1901 1906 1907 1911 1915 1921 1925 1926 1927 1930 1933 1936 1946 1956 1958 1960 1962 1964 1965 1974 1976 1989 1992 2000 2002 2003 2004 2017 2019 2021 2022 2023 2024 2034 2035 2036 2046 2048 2054 2060 2064 2065 2067 2068 2069 2076 2083 2084 2085 2092 2093 2094 2095 2096 2105 2107 2108 2110 2125 2127 2128 2130 2135 2136 2139 2144 2145 2146 2147 2153 2155 2156 2159 2160 2163 2167 2169 2170 2174 2175 2176 2177 2178 2181 2185 2187 2188 2194 2198 2201 2203 2210 2211 2217 2220 2221 2222 2228 2232 2236 2248 2249 2252 2255 2256 2257 2258 2261 2265 2266 2267 2268 2270 2273 2274 2277 2280 2283 2285 2286 2287 2288 2292 2293 2295 2298 2301 2304 2307 2313 2314 2315 2316 2319 2320 2321 2322 2339 2341 2344 2352 2358 2359 2360 2361 2367 2368 2373 2376 2378 2379 2380 2389 2390 2396 2401 2402 2406 2409 2412 2413 2423 2424 2426 2433 2434 2436 2437 2439 2449 2450 2451 2452 2454 2455 2457 2470 2479 2482 2484 2485 2486 2490 2492 2495 2499 2502 2503 2516 2517 2522 2523 2524 2526 2527 2535 2536 2537 2538 2541 2542 2544 2552 2555 2557 2561 2572 2579 2580 2582 2584 2586 2593 2594 2595 2606 2610 2617 2619 2620 2622 2624 2625 2628 2629 2631 2645 2647 2652 2657 2659 2668 2669 2671 2674 2680 2682 2683 2688 2691 2693 2696 2697 2701 2702 2705 2706 2708 2709 2710 2711 2712 2713 2717 2721 2723 2729 2731 2734 2736 2739 2741 2750 2751 2753 2754 2757 2758 2764 2765 2766 2767 2769 2770 2772 2774 2776 2777 2780 2784 2785 2786 2794 2795 2799 2800 2801 2811 2816 2820 2827 2832 2833 2835 2838 2839 2841 2847 2849 2851 2852 2856 2860 2863 2866 2868 2869 2876 2877 2883 2884 2886 2887 2889 2890 2891 2895 2897 2901 2902 2907 2911 2919 2921 2922 2923 2924 2925 2927 2929 2931 2934 2936 2937 2940 2944 2945 2947 2948 2949 2950 2951 2953 2956 2957 2959 2961 2962 2967 2968 2970 2973 2974 2975 2977 2979 2980 2985 2986 2988 2989 2990 2994 2996 2999 3001 3002 3005 3012 3020 3021 3023 3026 3029 3034 3042 3044 3049 3050 3052 3054 3063 3069 3070 3072 3076 3077 3082 3084 3085 3086 3090 3091 3093 3099 3105 3110 3111 3112 3113 3117 3119 3125 3126 3127 3129 3130 3132 3137 3144 3146 3148 3153 3156 3157 3158 3159 3160 3161 3164 3165 3166 3168 3169 3172 3173 3174 3180 3181 3183 3184 3188 3191 3193 3198
6699 : 2880
6700 : 78 321 1587 1856 2030 2372 2712 3125
6701 : 39 92 106 243 281 300 332 380 441 462 492 536 598 677 719 796 824 848 858 894 940 962 1003 1026 1030 1051 1072 1084 1098 1111 1112 1113 1117 1122 1135 1143 1145 1146 1147 1159 1162 1186 1198 1216 1223 1224 1235 1259 1263 1281 1292 1295 1306 1323 1327 1332 1334 1354 1358 1383 1390 1408 1425 1441 1455 1470 1472 1476 1485 1488 1497 1503 1517 1523 1524 1533 1593 1613 1633 1641 1642 1643 1650 1692 1700 1705 1708 1713 1725 1742 1749 1750 1769 1783 1828 1844 1845 1847 1852 1861 1867 1876 1890 1915 1924 1931 1974 1975 1976 1988 2002 2003 2018 2020 2034 2076 2109 2125 2139 2144 2145 2146 2150 2160 2201 2208 2215 2226 2247 2265 2283 2289 2298 2342 2343 2357 2359 2369 2372 2375 2401 2424 2438 2469 2480 2482 2486 2499 2526 2527 2537 2541 2544 2558 2559 2609 2622 2631 2645 2665 2711 2723 2734 2737 2740 2744 2766 2767 2770 2785 2834 2846 2850 2856 2878 2890 2897 2901 2906 2912 2918 2922 2937 2953 2954 2956 2963 2966 2969 2979 2993 3002 3013 3018 3022 3026 3057 3065 3074 3077 3081 3082 3091 3094 3096 3097 3112 3129 3132 3136 3138 3142 3152 3158 3164 3166 3175 3177
6702 : 48 1155 1184 2263 2276 2307 2470 2868 3026 3077 3203
6703 : 1751 2181 3181
6704 : 1257 1386 1428 1458 1519 1589 1652 1738 1792
6705 : 144 414 495 670 677 731 761 799 849 949 961 1046 1135 1143 1145 1146 1155 1171 1182 1198 1223 1235 1236 1307 1323 1332 1348 1351 1425 1439 1475 1497 1523 1534 1564 1572 1593 1602 1612 1613 1642 1644 1651 1654 1664 1679 1709 1725 1727 1741 1743 1806 1824 1855 1879 1890 1915 1924 2018 2030 2050 2076 2097 2160 2168 2175 2177 2179 2196 2202 2203 2216 2232 2266 2299 2308 2314 2320 2326 2340 2372 2421 2424 2438 2456 2492 2499 2525 2537 2596 2622 2627 2631 2687 2692 2695 2697 2727 2747 2766 2777 2801 2826 2833 2835 2846 2856 2887 2889 2897 2899 2901 2912 2919 2931 2938 2939 2954 2968 2972 2993 2994 3002 3005 3008 3021 3024 3077 3081 3085 3094 3096 3103 3120 3154 3156 3165 3196 3201
6708 : 677 1012 2289 2829 2919
6709 : 1769
6710 : 3005
6713 : 949 1379 1415 2656 2665 2707 2991 3009 3053 3083 3111 3153
6714 : 1099
6715 : 1379
6716 : 1542
6717 : 3026 3110
6718 : 1033 1497 1718 1975 2265 2986 3026 3110
6719 : 1010 1044 1071 1117 1168 1391 1415 1462 1588 1826 1845 2376 2479 2482 2526 2580 2618 2645 2940 3081 3089 3196
6720 : 619 1695 3202
6721 : 1235 1787 1962 1974 2092 2399 2501 2582 2766 2795 3074 3106 3163 3165
6722 : 322 696 698 825 856 1033 1050 1226 1236 1247 1264 1315 1324 1408 1462 1472 1487 1517 1534 1591 1647 1680 1698 1728 1753 1810 1827 1854 1877 1902 2003 2080 2095 2111 2138 2184 2210 2219 2283 2297 2317 2319 2320 2357 2358 2365 2372 2374 2378 2379 2424 2482 2500 2536 2541 2556 2582 2597 2622 2629 2632 2668 2681 2723 2740 2776 2849 2867 2868 2902 2920 2950 2972 3002 3006 3014 3025 3039 3050 3065 3067 3068 3105 3127 3137
6723 : 252 531 558 585 695 825 893 1026 1087 1108 1199 1262 1471 1476 1517 1534 1543 1589 1591 1665 1697 1745 1805 1810 1975 2059 2060 2092 2139 2189 2197 2202 2277 2370 2424 2451 2555 2712 2719 2798 2819 2889 3052 3070 3080 3087 3165 3173
6724 : 1034 1166 1170 1195 1225 1700 1951 2105 2113 2126 2153 2218 2380 2527 2709 2718 2720 2919
6725 : 40 68 202 276 596 719 982 1184 1236 1255 1271 1292 1324 1393 1394 1588 1590 1593 1602 1630 1652 1680 1683 1693 1748 1924 1958 2031 2046 2059 2176 2178 2194 2195 2200 2229 2265 2273 2289 2320 2341 2470 2527 2555 2605 2632 2651 2697 2701 2715 2723 2727 2741 2771 2777 2838 2893 2898 2903 2925 2946 2954 2956 2957 2968 3024 3077 3090 3094 3106 3109 3112 3163 3199 3201 3202
6726 : 103 1045 1216 1404 1683 1766 2546 2809 2904 2986
6727 : 103 972 1033 1334 1614 1853 1861 1902 2065 2081 2716 2777 2794 2986 3013 3124
6730 : 1628
6734 : 417 1099 1272
6735 : 71 1272 2772 2931 3086 3146
6736 : 1135 1550 2359 3041
6737 : 1146
6739 : 1108 2370 2526
6740 : 2751
6741 : 693 867 1535 1566 1636 1886 1892 1932 1999 2000 2015 2175 2195 2217 2220 2263 2337 2451 2453 2481 2483 2598 2750 2753 2819 2836 2856 2878 2881 2885 2887 2890 2900 2907 2925 2973 2997 3008 3032 3033 3036 3053 3057 3067 3069 3072 3085 3096 3097 3099 3113 3153
6742 : 2413 2858 2890 3099
6743 : 2648 2801
6744 : 104 693 1195 1410 1564 1676 1719 1974 2195 2253 2321 2344 2433 2451 2537 2616 2680 2715 2722 2858 2904 2929 2969 3002 3018 3054 3080
6745 : 1947 2491 2897 2944
6746 : 678 2716 2979 3087
6747 : 440 2819 3106
6748 : 2699 3125
6750 : 224 849 1231 1719 1807 2726 2897 2990 3024
6751 : 282 796 854 1013 1161 1691 1956 2146 2176 2188 2263 2344 2493 2669 2711 2737 2765 2816 2863 3041 3058 3118 3200
6752 : 2207
6753 : 1264 1464 3081
6754 : 2534
6755 : 1033 1358 1465 1974 2096
6756 : 28 40 78 92 95 96 144 202 242 248 282 344 354 396 417 510 531 544 585 615 617 619 626 644 670 675 695 698 717 719 759 778 944 1001 1010 1013 1035 1046 1051 1083 1084 1087 1112 1117 1145 1152 1154 1155 1162 1166 1169 1172 1184 1197 1200 1216 1235 1237 1255 1257 1259 1261 1264 1272 1287 1290 1292 1307 1309 1326 1346 1354 1359 1362 1366 1379 1391 1402 1408 1410 1413 1426 1432 1433 1434 1438 1454 1455 1456 1457 1462 1464 1470 1483 1486 1488 1489 1504 1516 1517 1519 1523 1527 1553 1554 1572 1589 1590 1592 1593 1594 1602 1629 1630 1641 1650 1651 1652 1665 1674 1677 1691 1697 1699 1700 1705 1711 1725 1728 1741 1747 1749 1764 1783 1786 1805 1810 1818 1844 1846 1853 1856 1868 1869 1875 1877 1886 1888 1892 1916 1924 1929 1930 1948 1957 1962 1972 1975 1977 1988 1999 2002 2046 2047 2059 2060 2076 2078 2082 2112 2127 2147 2153 2175 2176 2177 2179 2188 2194 2196 2210 2215 2217 2229 2233 2246 2247 2265 2267 2273 2310 2342 2354 2368 2379 2398 2402 2421 2423 2424 2439 2451 2453 2484 2486 2492 2494 2500 2514 2523 2525 2526 2534 2535 2537 2547 2559 2570 2572 2646 2665 2680 2684 2688 2692 2695 2711 2717 2723 2734 2753 2766 2771 2786 2787 2794 2815 2819 2820 2822 2828 2833 2835 2836 2838 2846 2849 2852 2856 2858 2860 2866 2871 2899 2900 2902 2906 2913 2918 2919 2924 2925 2939 2951 2953 2969 2971 2977 2978 2980 2981 2986 2989 2994 2998 3002 3008 3014 3021 3024 3026 3030 3034 3040 3046 3047 3056 3057 3069 3072 3081 3085 3087 3096 3100 3101 3103 3110 3113 3114 3116 3117 3125 3129 3131 3132 3135 3138 3142 3144 3153 3158 3171 3196 3198
6764 : 185 495 531 533 670 796 854 950 971 1145 1160 1223 1270 1363 1389 1392 1501 1529 1591 1608 1623 1643 1647 1650 1679 1725 1726 1767 1827 1844 1859 1886 1934 2003 2017 2020 2127 2130 2155 2175 2176 2184 2207 2210 2248 2264 2343 2353 2365 2454 2487 2554 2567 2571 2606 2634 2668 2681 2697 2714 2721 2734 2739 2741 2800 2809 2812 2846 2860 2885 2889 2895 2898 2901 2911 2943 2949 3008 3040 3074 3082 3085 3087 3096 3114 3115 3141 3147 3150 3152 3197
6765 : 441 1169 1403 1665 1725 2125 2177 2570 2692 2699 2714 2877 2902 2963 3041 3057 3084 3157
6766 : 1594 2175 2274 2420 2901 3041 3082 3128 3157 3199
6767 : 2420
6768 : 972 1267 2704
6769 : 796 854 1608 1723 1886 1956 2567 2716
6770 : 2451
6771 : 78 95 698 893 950 1110 1147 1170 1181 1196 1274 1280 1385 1388 1401 1423 1441 1615 1766 1978 2054 2207 2268 2323 2554 2557 2567 2606 2727 2800 2905
6775 : 322 695 849 855 1032 1226 1314 1349 1385 1503 1570 1676 1697 1844 1854 1889 1927 1959 1976 2095 2111 2160 2180 2218 2298 2345 2407 2452 2480 2484 2493 2631 2674 2687 2688 2728 2765 2816 2868 2881 2918 3118 3134 3165
6776 : 730 1215 1703 1889 2985 3090 3197
6777 : 849 1226 2163 2345 2407 2516 2728 2882 2918 3142
6778 : 2196 3076
6779 : 849 1066 1652 1728 1764 1936 2046 2378 2390 2882
6780 : 972 1066 1158 1226 1470 1485 1627 3003
6782 : 3092
6783 : 3010
6784 : 1507 1519 2003 2091 2324 2375 2398 2644 2699 2764 2765 2873 2944 3025
6785 : 2047 3025
6786 : 284 619 637 728 730 1046 1350 1388 1498 1681 1742 1783 1806 1825 1975 2018 2105 2174 2231 2253 2254 2313 2479 2513 2596 2681 2855 2901 3023 3106 3114 3160
6787 : 824 1051 1346 1350 1409 1468 2650
6788 : 1181
6789 : 2306
6793 : 1345 1543 1616 1632 1664 1876 2148 2779 3138
6794 : 1423
6809 : 40 68 71 78 95 103 104 106 116 202 243 248 321 322 329 396 414 440 531 724 728 796 855 861 950 1001 1003 1135 1155 1160 1161 1163 1169 1184 1194 1198 1248 1263 1270 1272 1288 1334 1350 1362 1384 1387 1395 1412 1413 1435 1443 1445 1456 1459 1469 1470 1471 1503 1525 1530 1591 1592 1604 1608 1623 1647 1649 1653 1680 1693 1703 1711 1717 1725 1770 1771 1774 1787 1805 1811 1834 1844 1856 1860 1871 1886 1888 1902 1928 1929 1938 1947 2002 2003 2019 2060 2082 2093 2096 2130 2145 2146 2150 2151 2187 2197 2208 2217 2230 2248 2249 2254 2263 2265 2283 2316 2318 2344 2354 2356 2370 2408 2421 2436 2451 2499 2500 2513 2543 2571 2579 2582 2606 2623 2667 2674 2699 2702 2709 2711 2717 2718 2723 2734 2768 2806 2808 2811 2828 2842 2855 2873 2884 2890 2893 2900 2901 2902 2912 2919 2922 2931 2940 2943 2957 2963 2981 2993 2996 3002 3003 3004 3013 3014 3015 3021 3024 3028 3041 3046 3052 3066 3086 3098 3101 3114 3130 3131 3133 3134 3136 3144 3148 3158 3160 3164 3166 3172 3180 3182 3187 3199
6810 : 322 616 1398 1441 1693 2053 2298 2523 2570 2711 2777
6811 : 1001 1278 1432 1652 3157
6816 : 950
6818 : 531 1341 1381 1504 1745 1770 1847 1930 2233 2515 3015 3020 3037 3112 3114 3150 3176
6819 : 124 222 417 596 637 731 949 1108 1148 1159 1216 1258 1260 1364 1404 1424 1453 1455 1458 1609 1610 1719 1868 1932 1989 1997 2053 2061 2082 2147 2163 2230 2233 2245 2297 2317 2319 2400 2433 2436 2470 2519 2571 2804 2869 2922 3013 3065 3077 3082 3116 3125 3129 3130 3142 3150 3157
6820 : 1705
6821 : 2931
6822 : 2249
6823 : 3125
6824 : 696
6825 : 1233 1305 1855 1945 2210 2288 2367 3027 3165
6826 : 103 675 941 1290 1398 1457 1488 1609 1710 1827 2002 2307 2479 2546 2938 3190
6827 : 2097 2198 2378 3049
6828 : 1885
6829 : 1912
6830 : 2734
6831 : 2734
6832 : 40 464 585 728 796 850 1062 1113 1135 1160 1195 1247 1264 1272 1308 1340 1359 1415 1427 1432 1534 1544 1587 1629 1649 1651 1665 1695 1697 1705 1855 1891 1929 1974 2036 2051 2054 2176 2211 2314 2341 2358 2370 2383 2421 2439 2535 2645 2646 2692 3049 3073
6833 : 1468 1625 1705 3013
6834 : 1564 1697
6836 : 3120
6837 : 1608 1630 1665 1698 2692 2966 3097
6838 : 2106
6839 : 1705
6840 : 3125
6841 : 2308
6842 : 40 92 464 531 533 696 719 867 972 1072 1110 1112 1146 1274 1307 1308 1334 1351 1382 1397 1441 1463 1525 1550 1604 1658 1691 1700 1743 1748 1749 1769 1829 1875 1879 1907 1974 2004 2034 2127 2176 2197 2203 2233 2248 2254 2265 2297 2313 2327 2374 2375 2402 2421 2485 2536 2559 2582 2620 2621 2628 2629 2633 2651 2674 2702 2786 2801 2836 2843 2850 2863 2876 2886 2892 2893 2899 2925 2929 2940 2956 3011 3015 3025 3028 3072 3077 3081 3096 3107 3111 3115 3127 3131 3136 3157 3163 3196 3199
6844 : 40 144 796 963 1308 1465 1698 1827 1856 2003 2033 2283 2319 2437 2517 2646 2860 2948 2968 3027 3087 3137
6846 : 2499
6847 : 1135 2036 2201 2355 2434 2500 2625 2631 3024
6848 : 2542 2987
6849 : 1636
6850 : 1744
6851 : 1587 2200 2203 2359 2376 2860 3083 3201
6852 : 1653 1827 2202 2499 2500 2892 2944 2968 2989
6854 : 1845
6855 : 106 1117 2019 2537 3059 3088
6857 : 106 1117 1185
6858 : 1774 1845 2218 2343
6859 : 2130
6860 : 1589
6861 : 2343
6862 : 3057
6865 : 2726
6868 : 2866
6870 : 2890
6871 : 2314 2319
6874 : 3083
6876 : 185 396 1348 1530 1552 1657 1710 1811 1824 1960 2002 2201 2266 2358 2396 2480 2851 3158
6878 : 1012 2109 2555 2714 3021
6879 : 585 3076
6884 : 1258 1455 1552 1629 2514 2648 2904 3199
6885 : 1366 2145 2634 3142 3150
6887 : 1062 1693 2177 2727 3057
6888 : 2849 3032
6889 : 2849
6890 : 2737 3053
6892 : 414 2680
6896 : 1526 1641 1726 1728 1892 1916 1924 2297 2373 2434 2498 2595 2668 2688 2716 2862 2863 2914 2928 2978 2996 3152 3190
6897 : 1728 1751 1924 2498 2688 3006 3153
6899 : 1641 1751 1924 2137 2373 2498 2667 2862 2881 2978 3052 3152
6900 : 2926
6901 : 1752 1753 1810 1879 1884 2016 2017 2095 2106 2277 2358 2373 2380 2450 2522 2667 2668 2669 2741 2769 2881 3006 3097 3153
6903 : 1366 1808 2166
6906 : 2751
6908 : 630 1145 1836 2051 2189 2369 2630 2857 2925 2998
6909 : 224 982 1072 1182 1390 1403 2051 2160 2963 2996 3066
6911 : 248 1397 1764 2813
6912 : 248 1764
6915 : 58 63 70 71 78 104 106 202 243 251 252 265 276 282 303 321 397 417 441 464 479 492 531 558 596 619 630 675 679 695 721 726 851 867 944 950 963 971 972 980 1001 1032 1046 1049 1051 1066 1099 1121 1134 1226 1233 1247 1248 1253 1265 1267 1272 1288 1290 1292 1306 1307 1323 1325 1346 1354 1362 1366 1368 1380 1381 1394 1408 1410 1413 1430 1433 1435 1453 1454 1458 1463 1468 1474 1476 1485 1486 1497 1504 1505 1515 1517 1518 1524 1527 1528 1531 1548 1551 1616 1619 1623 1626 1658 1664 1675 1684 1713 1725 1751 1754 1805 1826 1834 1868 1879 1885 1905 1911 1930 1931 1936 1937 1945 1976 1978 1997 2020 2030 2033 2047 2049 2061 2080 2081 2094 2140 2152 2155 2163 2165 2166 2168 2169 2170 2175 2186 2194 2196 2197 2198 2202 2209 2215 2226 2230 2231 2246 2247 2253 2254 2262 2265 2289 2297 2301 2310 2314 2316 2318 2320 2327 2342 2354 2355 2356 2367 2368 2369 2377 2378 2379 2390 2400 2406 2420 2423 2433 2437 2438 2439 2451 2453 2480 2482 2493 2501 2517 2525 2541 2542 2555 2557 2568 2569 2571 2579 2581 2592 2594 2595 2597 2598 2603 2620 2622 2623 2626 2627 2629 2632 2643 2644 2646 2652 2670 2683 2684 2699 2701 2704 2707 2708 2709 2710 2714 2717 2719 2721 2722 2728 2737 2738 2739 2740 2742 2744 2746 2749 2750 2753 2764 2777 2785 2786 2787 2794 2800 2803 2804 2812 2816 2817 2829 2833 2842 2843 2846 2847 2848 2850 2852 2856 2859 2860 2864 2865 2867 2869 2870 2871 2876 2878 2882 2883 2885 2886 2887 2889 2893 2897 2898 2899 2900 2902 2911 2913 2915 2919 2921 2923 2925 2936 2937 2939 2940 2944 2945 2946 2948 2950 2958 2961 2966 2970 2973 2977 2988 2989 2994 3001 3002 3012 3014 3016 3020 3023 3024 3028 3030 3031 3033 3034 3043 3049 3050 3054 3057 3058 3060 3066 3070 3073 3076 3078 3080 3083 3085 3093 3094 3095 3101 3103 3104 3105 3110 3111 3116 3117 3129 3132 3134 3139 3147 3148 3150 3160 3163 3172 3173 3174 3175 3177 3188 3192 3194
6916 : 78 848 1008 1051 1397 1476 1764 1885 2096 2390 2715 3179
6917 : 335 1110 2248
6918 : 2033 2127
6920 : 2470
6921 : 2764
6922 : 320 950 1008 1158 1200 1262 1325 1341 1409 1468 1471 1554 1569 1601 1603 1747 1828 1846 1854 1960 2175 2195 2266 2289 2342 2401 2433 2515 2557 2685 2692 2700 2714 2727 2740 2785 2838 2851 2865 2895 2896 3059 3073 3075 3156 3175
6924 : 46 1613 2664 2785
6925 : 2289
6927 : 2311
6928 : 1713
6929 : 1428
6930 : 849 1347 1705 1721 1870 1901 2470 2686 2702 2827 2846 2847 2862 3046 3098 3107
6931 : 2827 2829
6932 : 1956 2702 3153
6933 : 104 536 973 1143 1171 1206 1224 1234 1267 1388 1514 1533 1571 1635 1892 2188 2344 2400 2656 2682 2697 2721 2750 2754 2819 2835 2860 2862 2873 2928 2956 3015 3023 3137 3138 3153
6934 : 2093 2198 2841
6936 : 1194
6937 : 2795
6939 : 1742
6942 : 205
6943 : 243
6948 : 1170 1350 1768 2396 2423 2545 2557 2581 2739 2923 3094
6949 : 2702 2897
6950 : 1170 1768 1825 2061 2113 2179 2423 2921 3045
6951 : 2015 2030 2179 2733 2921 3045 3094
6952 : 1012 1170 1265 1350 1548 1612 1825 1989 2030 2110 2112 2252 2301 2423 2492 2581 2739 2754 2794 2811 2836 3045 3176
6954 : 276 303 617 675 724 856 1030 1083 1180 1223 1226 1235 1252 1308 1323 1366 1425 1454 1549 1553 1614 1628 1635 1657 1665 1693 1727 1769 1810 1825 1827 1924 1939 2017 2061 2082 2155 2186 2232 2302 2304 2316 2354 2355 2357 2367 2377 2378 2433 2500 2534 2561 2631 2742 2751 2808 2822 2841 2846 2871 2921 2985 3021 3064 3101 3139 3148
6956 : 1048 1052 1110 1278 1326 1347 1402 1468 1497 1551 1724 1811 1939 1972 2091 2137 2192 2248 2265 2342 2420 2437 2646 2722 2807 2865 2931 3082
6957 : 1001 1108 1145 1169 1403 2140 2252 2570 2683 2944 3087 3125 3201
6958 : 248 2181 2197
6959 : 1099 1718
6960 : 724
6961 : 1862 2951 3160
6962 : 1543 3181
6963 : 1394
6964 : 825 1443 2142
6965 : 48 78 92 251 281 284 497 892 981 1026 1098 1135 1160 1161 1166 1234 1307 1323 1396 1441 1453 1517 1526 1543 1553 1594 1631 1646 1647 1665 1698 1707 1708 1710 1752 1768 1844 1856 1885 1946 1961 1978 2000 2003 2016 2033 2176 2178 2186 2195 2203 2208 2217 2229 2268 2275 2321 2355 2379 2420 2526 2652 2716 2749 2800 2809 2833 2840 2850 2864 2918 3001 3042 3134 3138 3148 3194
6966 : 670 731 755 854 1047 1184 1238 1262 1265 1325 1341 1348 1366 1769 1846 1938 1997 2061 2095 2354 2355 2582 2692 2769 2887 2893 2918 2943 3095 3099 3105 3134 3149
6969 : 527 1326 1924 2568 3153
6970 : 1552 1632 1650 1924 2554 3002
6971 : 1015 1825 2254 2297 2374 2490 2604 2863
6972 : 2604
6973 : 717 1650 3041 3088
6974 : 483 617 1262 2486
6975 : 2471
6977 : 106 321 1050 1184 1465 1486 1536 1856 2356 2357 2369 2692 2828 2931 3020 3047
6979 : 1160 1223 1332 1613 1676 1724 2421 2595 2606 2886 2931
6980 : 1503 1928
6981 : 1324 1691
6984 : 1223 1411 1420 2421 2886 3014 3141
6985 : 1003 2217 2377 2438 2470 3074
6986 : 1456 2849 3111
6987 : 2622 3174
6988 : 2621
6989 : 1032 1046 1549 1748 2032 2197 2406 2739 2843 2852 3117
6990 : 2916
6991 : 2829
6992 : 2827
6993 : 1711
6997 : 1225 1262 1563 2032 2145 2289 2490 2630 2883 2890 2968 3032 3043 3164 3172
6998 : 1612 1855 2274 2490 2630 3164
6999 : 974
7002 : 2916
7007 : 462 1135 1170 1325 1390 1427 1706 1906 1974 2019 2215 2231 2232 2314 2402 2545 2669 2711 2721 2746 2811 2829 2903 2916 2985 3132 3135 3162
7008 : 3093
7009 : 1390 1486 2113 2145 2230 2231 2401 2485 2545 2669 2687 2711 2829 2994
7011 : 1349
7016 : 670
7017 : 3180 3183
7020 : 531
7026 : 1590 2754
7028 : 3135
7034 : 1445 2181
7035 : 1651 2398
7040 : 1231
7045 : 1307
7046 : 1032
7048 : 1626
7050 : 185 1711
7051 : 2622 3174
7052 : 2622
7056 : 1887
7057 : 1185
7058 : 1185
7059 : 144 254 462 616 1397 1628 1891 2035 2786 3160
7060 : 825 849 865 1113 1233 1472 1550 1647 1691 1741 1901 1924 1926 1945 1962 1973 2111 2219 2423 2483 2493 2498 2513 2596 2620 2744 2747 2839 2889 3024 3077 3088 3137 3142
7061 : 1072 1088 1112 1170 1590 1592 1726 1906 1997 2095 2145 2146 2421 2734 2784 2887 2911 2929 3005 3015 3036 3056 3085 3092 3142
7062 : 724 2359 3059
7063 : 1426
7064 : 2751
7067 : 2905
7068 : 2231 3041
7070 : 464 617 942 1025 1051 1248 1264 1334 1365 1408 1471 1552 1588 1630 1679 1680 1698 1938 1976 2003 2105 2111 2202 2233 2273 2372 2561 2598 2753 2771 2902 2904 3094
7071 : 462 533 671 1173 1267 1410 1411 1415 1518 1526 1529 1542 1572 1653 1719 1726 1728 1750 1752 1792 1828 1908 1938 2017 2033 2035 2048 2092 2145 2203 2217 2268 2318 2319 2344 2375 2437 2451 2535 2542 2669 2679 2681 2711 2716 2719 2722 2734 2740 2741 2765 2767 2779 2798 2812 2849 2859 2862 2880 2889 2902 2926 2936 2951 2984 2988 2990 2991 3017 3020 3028 3041 3048 3054 3058 3059 3072 3089 3119
7072 : 2245 2283 2714 2722
7073 : 964 1062 1199 1223 1255 1393 1430 1457 1641 1650 1681 1693 1709 1946 1975 2137 2189 2217 2420 2424 2455 2594 2665 2734 2753 2820 2902 2939 2944 3009 3037 3039 3125 3163
7074 : 396 615 855 1154 1258 1344 1350 1365 1399 1685 1699 2111 2541 2716 2723 2838 2996 3049 3202
7075 : 825 1810 2144 2145 2286 2396 2555 2897 2980 3139
7076 : 40 1792 2033 2096 2572 2931 3037
7077 : 2125
7078 : 48 1315 1517 1609 1641 1874 2303 2304 2485 3028
7079 : 533 1672 1735 1859 2076 3195
7080 : 1385
7081 : 2571 3052
7082 : 1590 1609 1962 2316 2568
7083 : 1264 2130
7088 : 1470 1929 2228
7089 : 2680
7090 : 2060 2594 3164
7091 : 2822
7092 : 719 799 963 972 1381 1464 1470 1485 1767 1938 2033 2036 2094 2152 2194 2358 2500 2522 2594 2644 2692 2802 2870 3031 3193
7093 : 48 332 441 796 849 865 972 1010 1025 1029 1033 1117 1135 1161 1200 1234 1309 1348 1365 1389 1408 1671 1695 1709 1744 1746 1853 1854 2060 2076 2134 2148 2200 2202 2207 2252 2320 2514 2534 2592 2644 2651 2826 2851 2862 2939 3071 3075 3083 3101 3105
7094 : 1238 1892 2060 2140 2845 3156
7095 : 48 1641 1810 2138 2169 2455 2829 2856 3101 3114
7096 : 2695
7097 : 1169 2189 2646 2884 3118
7098 : 1594 2189 2834 2884
7100 : 2695
7102 : 2233
7106 : 2020
7107 : 1307 1962 3173
7108 : 397 440 2304 3158
7111 : 1428 1454 1610
7112 : 531 1381
7113 : 1113 1554 1754 1915 2692 3137
7115 : 1854 2739
7118 : 146 670 1267 2036 2203 2233 2342 2623 3002 3197
7119 : 2993
7120 : 2166 2805
7121 : 2805 2993
7122 : 1443
7123 : 2312
7129 : 1066 1529
7139 : 462 616 677 1365 1468 1868 1873 1939 2628 2753 2864 2945
7140 : 533 1647 1695 1939 2298
7141 : 1911 2993
7142 : 670 1879 2483 2913 2920
7146 : 2865
7147 : 1362
7148 : 616 1053 1135 1340 1588 1710 2080 2299 2319 2632 2785 2843 2867 3003
7150 : 619 2633
7151 : 1671 2581
7154 : 1671
7155 : 964
7158 : 825 2141
7159 : 825 1334
7160 : 825 1726 1929
7163 : 2786
7164 : 483 1012 1491 1569 1683 1768 1885 1939 2082 2990
7165 : 144 2537 3087
7166 : 104 670 695 982 1003 1048 1143 1260 1308 1384 1469 1552 1742 2130 2312 2358 2406 2632 2816 2817 2845 3078 3082 3102
7167 : 1627 2406 2998
7168 : 531
7169 : 1315
7170 : 1394 1664
7171 : 2721
7174 : 848
7175 : 1434
7176 : 1482 1929 2547
7177 : 615 1482 1710 1915 2065 2142 2152 2195 2201 2421 2523 2687 2829 2883 2980 3057
7178 : 605 1067 1324 1468 1929 2152 2201 2523 2827 2828 2959 3013 3149
7179 : 942 1502 1824 2356 2876
7180 : 1824 2356 3177
7181 : 2488 2754 3116
7188 : 730 2556 2887
7191 : 1172
7192 : 2053 3080
7193 : 1906
7196 : 3027
7197 : 2716
7198 : 3048
7199 : 1590
7200 : 2246
7201 : 111 1167 1653 1854
7205 : 558 1433 2285
7206 : 2807
7210 : 46 106 1750 1829 2150 2208 2517 2619 2851
7211 : 1143 1435 1653 1749 1750 1752 1847 1960 2170 2178 2208 2298 2339 2486 2593 2628 2766 2998 3090 3115
7212 : 1169 2230 2911 3057
7214 : 2390 2526 3028
7215 : 1066 3057
7216 : 2483
7217 : 730 3175
7218 : 243 276 1349 1517 1525 2305
7219 : 2488 3116
7220 : 867 1185 1326 1369 1438 1721 2692 2696 2737
7221 : 1915 2692
7222 : 1334 1636
7224 : 2721
7225 : 1571 1750 1906 2218
7226 : 417 1621 2078 2187 2389 2721 2753 3035 3117 3172
7227 : 441 1088 1394 2163
7229 : 1692
7231 : 2622
7232 : 2096 2197 2471 2480 2958 3140
7233 : 2215 2368 2808 3012
7234 : 2368 2483 3050
7235 : 2368 2483
7237 : 982 2483
7238 : 2147
7239 : 2580
7240 : 1853
7243 : 1568 1741 2002
7244 : 2002 2633
7246 : 1554 1871 1929
7249 : 799 1113 1115 1292 1426 1464 1565 1642 1742 1825 1843 1956 2018 2568 2580 2701 2739 2807 2916 2993 3199
7255 : 2907 2922 2925 2940 2966 2967 2987 2997 2998
7256 : 222 329 497 671 949 1146 1196 1257 1327 1364 1385 1412 1443 1543 1595 1621 1643 1681 1686 1692 1705 1721 1741 1890 1915 1958 2048 2148 2167 2185 2186 2196 2211 2266 2311 2313 2326 2525 2547 2609 2610 2623 2627 2697 2858 3024 3048 3074 3147 3165 3172 3188
7257 : 585 637 1792 1932 2053 2147 2229 2297 3194
7258 : 1665
7259 : 2851 2855 2857 3074
7260 : 1307 1741 2152 3074
7261 : 417 497 605 615 699 1043 1046 1121 1146 1326 1402 1403 1470 1590 1630 1679 1721 1807 1859 1888 1915 2001 2125 2142 2196 2211 2216 2252 2326 2400 2610 2656 2696 2804 2816 2827 2841 2868 3057 3064 3067 3132 3151
7262 : 3143
7267 : 1664
7268 : 1608
7269 : 1608 2606
7270 : 3117
7271 : 1426 1877 2375 3067
7272 : 1426 1505 1877 2209 2219 2387 2572 2720 2878 3067 3180 3195 3197
7275 : 2300 2302 2893 3090
7280 : 2125 2369 2692 2737 2753 2987
7281 : 1326 2004 2125 2987 3165
7282 : 2369 2692 2987
7283 : 3116
7284 : 3172
7285 : 111 1015 1346 1386 1387 1393 1430 1566 1567 1586 1620 1638 1643 1644 1650 1875 1946 1999 2093 2217 2266 2268 2354 2410 2471 2627 2696 2900 3057
7286 : 126 894 1109 1111 1197 1334 1393 1567 1586 1620 1633 1691 1784 1886 1946 2544 2621 2779
7287 : 677 1117 2146
7293 : 3066
7294 : 1632
7295 : 724 3142 3176
7297 : 2902
7298 : 719
7304 : 1434 1976 2246 2383 2496 2860 3066
7305 : 1765 1769 1908 2300 2721 2734
7309 : 1930
7310 : 1930 2246 3127
7312 : 104 276 1030 1048 1108 1117 1154 1381 1439 1453 1564 1719 2051 2091 2421 2500 2931 3087 3092
7313 : 1535 1726 2130 2153 2367
7316 : 891 1238 1527 3009
7318 : 106 2451
7320 : 248 1517 2004 2163 2189 2547 2572 2832 3160
7321 : 2035
7322 : 2230 2486
7323 : 1608 2163 2319 2963 3047 3076 3116 3172
7324 : 717 724 1169 1403 1430 1645 1707 1718 1727 1874 1876 1975 2167 2409 2554 2809 2985 3033
7326 : 1836 1973 2060 2918 3134
7327 : 595
7328 : 185 1676 2232
7329 : 944 2488 3135
7330 : 278
7331 : 1409 1445 1637 2289 2931
7332 : 982 1325 1497 1726 1868 1877 2033 2401 2873 3001 3153
7333 : 144 537 598 695 824 854 891 1035 1098 1113 1183 1260 1265 1272 1282 1309 1381 1400 1413 1434 1488 1527 1571 1588 1609 1613 1627 1694 1747 1768 1769 1811 1844 1846 1879 1890 1901 1933 1962 1974 1976 2033 2034 2050 2060 2061 2092 2152 2189 2211 2214 2232 2245 2298 2301 2305 2323 2367 2375 2388 2402 2452 2517 2543 2572 2597 2626 2703 2732 2787 2813 2823 2835 2845 2851 2856 2863 2878 2887 2897 2921 2938 2969 2978 2990 3001 3017 3056 3064 3077 3088 3097 3111 3135 3150 3152 3181
7334 : 854 2142 2168 2650 2877 3053 3069 3134
7335 : 1264 1781 3016 3080
7338 : 1676
7341 : 1533 1698
7342 : 3032
7343 : 1854
7344 : 300 417 973 1135 1173 1379 1413 1711 1844 1935 2399 2437 2722 2726 2887 3017 3076 3078 3116 3179 3182 3183
7345 : 1769
7346 : 1674 1923 2358 2451 2828 3133
7347 : 973
7348 : 243 851 858 893 1010 1109 1155 1255 1365 1386 1495 1502 1525 1621 1654 1679 1680 1724 1742 1844 1978 2197 2301 2313 2652 2709 2838 3021 3042 3077 3091
7349 : 40 321 1033 1154 1196 1365 1454 1456 1742 1769 1824 1835 1939 1989 2167 2215 2299 2307 2380 2402 2420 2457 2501 2717 2865 2947 3069 3077 3121
7350 : 1430 1643 2093 2229 2947
7353 : 40 78 95 278 281 462 675 1145 1238 1365 1415 1634 1665 1672 1784 1792 1806 1825 1909 1939 2042 2051 2091 2110 2262 2287 2305 2317 2324 2451 2457 2482 2496 2547 2665 2684 2698 2709 2771 2841 2876 2905 2907 2911 2932 2938 2986 2987 3015 3032 3048 3054 3064 3069 3111
7354 : 1620 1623 2092 2251
7355 : 1612 1705 2821 3120
7356 : 670 3004 3011
7357 : 2709
7358 : 2810
7359 : 2181
7361 : 2894
7365 : 2483
7366 : 531 1707 1713 2619
7367 : 1088
7368 : 1379 1684 2139 3003
7369 : 1683 1723 1836 2015 2179 2340 2515 2546 2603 2986 3045
7370 : 1543 2901
7371 : 1223 2303 2971
7372 : 1071 1474 1766 2232 2356 2486 2624 2931 3068 3133
7373 : 321 1026 1491 1836 2178 2971 3056
7374 : 281 495 1026 1152 1258 1292 1396 1430 1497 2062 2286 2310 2325 2555 2605 2697 3131
7376 : 2619
7377 : 1752
7378 : 971 2518
7379 : 1722 2194
7380 : 1155 2217 2683 2817
7381 : 2683
7382 : 1526 2322 2516 2652 2721 2951 3030
7384 : 2344 2646 3136
7385 : 1533 2543 2625 3117
7386 : 1518 1805 3091 3136
7387 : 3027
7388 : 2911
7389 : 1225 1350 3091
7392 : 1908 2923
7395 : 2245 2571
7396 : 1620 1999 2323 2628 2688
7397 : 1540
7398 : 1087 1540
7399 : 2764 2858
7400 : 2734
7401 : 1354 1415 1808 2130
7402 : 3027
7403 : 2913
7404 : 1114
7405 : 2753
7408 : 254 825 894 1235 2065 2556 2970
7409 : 2035
7410 : 982
7411 : 670
7412 : 2253 3198
7414 : 71 329 1135 1252 1271 1309 1381 1550 1589 1651 1685 2035 2154 3160
7415 : 1415 2479
7416 : 721 890 1160 1166 1309 1464 1489 1543 1764 2154 2181
7417 : 728
7418 : 71 1272
7420 : 3036 3069
7422 : 3040
7423 : 2726 2927 2966
7424 : 1564 1824
7425 : 251
7426 : 3091
7427 : 2985
7429 : 1347
7430 : 1726
7431 : 2898
7432 : 243 533 1047 1721
7433 : 2165 2202 2424 2560 2893 3020
7434 : 68 106 116 144 321 441 462 464 531 585 598 616 691 867 891 894 962 1001 1046 1155 1162 1236 1253 1280 1290 1292 1325 1346 1366 1381 1394 1413 1417 1427 1571 1619 1635 1697 1700 1725 1885 1929 1931 1948 2152 2302 2321 2480 2556 2568 2625 2645 2750 2828 2871 2900 2968 2990 3083 3093 3099 3142 3156 3162 3174 3181 3203
7435 : 730 731 1309 1589 1651 1879 2153 2181 2457 2907 3004 3160
7436 : 2004
7437 : 111 124 241 254 276 435 462 533 619 694 799 858 890 891 974 982 1007 1009 1030 1046 1050 1097 1098 1108 1134 1147 1152 1162 1169 1180 1188 1194 1230 1237 1270 1271 1295 1308 1323 1333 1354 1431 1440 1476 1504 1524 1535 1541 1543 1549 1550 1570 1591 1610 1613 1636 1651 1653 1664 1671 1679 1680 1694 1695 1718 1738 1748 1764 1771 1782 1792 1807 1825 1836 1847 1853 1854 1856 1871 1876 1877 1879 1886 1892 1910 1915 1933 1939 1958 1961 1973 1978 1988 1997 2000 2004 2018 2030 2054 2076 2077 2092 2113 2134 2163 2176 2177 2187 2194 2218 2247 2252 2254 2267 2283 2289 2305 2324 2343 2369 2383 2396 2454 2470 2484 2490 2491 2515 2524 2526 2537 2555 2557 2560 2561 2568 2596 2618 2619 2622 2628 2630 2632 2650 2656 2665 2667 2679 2722 2723 2745 2751 2765 2771 2779 2784 2828 2834 2835 2836 2838 2840 2851 2855 2858 2860 2862 2863 2865 2880 2890 2892 2905 2912 2916 2926 2936 2945 2948 2949 2954 2955 2958 2962 2963 2966 2968 2973 2979 2980 2981 2984 2997 3000 3002 3014 3018 3020 3021 3027 3035 3037 3038 3040 3048 3057 3064 3069 3071 3075 3078 3081 3094 3099 3106 3110 3112 3113 3120 3130 3135 3138 3143 3147 3165 3167
7438 : 300 2627
7439 : 1122 1613 1651 1709 1856 2217 2546 2644 3025
7440 : 46 251 329 441 479 492 637 675 721 856 1267 1362 1366 1497 1515 1805 2030 2047 2155 2209 2246 2265 2301 2314 2320 2356 2367 2420 2437 2438 2452 2470 2480 2482 2522 2525 2546 2555 2569 2579 2592 2646 2710 2714 2719 2739 2742 2744 2750 2776 2794 2832 2842 2846 2883 2889 2925 2945 2950 2958 2977 2988 2989 3002 3012 3016 3049 3050 3083 3116 3141 3179 3181
7441 : 2300
7442 : 1379 1465 2515 2700 2957 3121
7443 : 2692 3069
7444 : 1679
7445 : 3008
7446 : 861
7447 : 861
7448 : 2194
7449 : 2153
7451 : 3035
7452 : 828
7453 : 3173
7454 : 3173
7455 : 1385
7456 : 1237
7458 : 1145
7459 : 3142
7460 : 3011
7461 : 1877 2227 2245 2482 2500 2571 2993
7463 : 2228
7464 : 2228 2482 2500
7465 : 1930
7466 : 527 679 848 1290 1453 1463 2030 2107 2219 2253 2316 2383 2555 2568 2624 2684 2714 2715 2766 2787 2832 2851 2855 2885 2887 2911 2918 2954 2961 2966 2973 3106 3107 3163
7467 : 464 497 677 891 1043 1072 1116 1257 1362 1567 1594 1650 1874 2109 2216 2453 2559 2674 2686 2687 2707 2721 2936 2966 3107 3149
7468 : 1641 1735 2020 3025 3136
7469 : 2020
7470 : 1873 2020 2985
7473 : 1529
7474 : 440 497 616 724 1001 1167 1173 1185 1194 1307 1476 1506 1713 2078 2274 2452 2665 3053
7475 : 278 1271 1314 1440 1503 2201 2251 2421 2481 2582 2626 2646 2723 2828 2860 2894 2928 2993 3002 3080
7476 : 944 1386 1408 1420 1717 1738 1854 1933 2018 2109 2621 2726 2770 3021 3037
7477 : 644 2106
7478 : 2770 2927 3037
7479 : 1390 1420 1706 1933 1960 2178 2378 2470 2771 2946 2956 3077 3109 3121 3124 3148
7480 : 731 1705 2080 2148 2378 2723 3073
7481 : 2994
7483 : 104 694 724 1034 1098 1349 1470 1528 1626 1635 1647 1769 1887 2232 2401 2772 2841 3089
7484 : 1003 1362 1390 2019 2096 2210 2494 2499 2740 2851
7485 : 585 1066 1194 1392 1476 1835 1960 2108 2379 2471 2522 2556 2626 2849 2888
7486 : 1067 1740 2786
7487 : 2341
7488 : 630 892 1726 1906 2019 2145 2494
7489 : 1067 1926 2341
7490 : 1113
7491 : 1455 1544 1926
7492 : 1681
7493 : 1216
7494 : 981 1066 1514 1705 1856 1916 2480
7495 : 1936 2900 2920
7496 : 972 2950
7497 : 1735 1846 2106 2571 2895 3109
7499 : 2876 3076
7500 : 3021
7501 : 1434 2377
7502 : 2822
7503 : 2092
7504 : 1474 2437 2516 2560 2681 2836 3175
7505 : 1235 2383 2668 3002 3175
7506 : 241 492 1032 1170 1433 1514 1694 1870 1930 1997 2032 2139 2275 2471 2498 2560 2569 2668 2682 2720 2862 2885 2914 2990 3016
7507 : 1235 2891
7508 : 1385 1810
7509 : 1973 2245 2905
7511 : 492 1973 2543 2991
7512 : 2016
7513 : 46 78 106 124 300 322 435 440 441 462 497 536 595 619 675 695 730 761 854 891 973 1014 1025 1026 1066 1072 1083 1087 1098 1110 1116 1134 1145 1147 1159 1161 1164 1169 1185 1199 1248 1260 1274 1325 1341 1365 1379 1388 1398 1408 1429 1433 1434 1435 1438 1439 1454 1473 1517 1518 1525 1529 1543 1549 1550 1552 1563 1566 1592 1595 1602 1605 1609 1610 1623 1651 1671 1692 1694 1708 1711 1724 1726 1746 1751 1769 1828 1844 1846 1875 1877 1886 1906 1911 1925 1932 1934 1939 1978 1999 2003 2015 2033 2077 2078 2091 2134 2142 2150 2164 2166 2195 2196 2198 2200 2207 2247 2265 2275 2281 2286 2287 2297 2342 2383 2436 2449 2451 2482 2484 2488 2492 2498 2519 2524 2537 2546 2554 2568 2570 2597 2598 2604 2605 2606 2610 2618 2619 2627 2643 2656 2657 2665 2666 2670 2686 2692 2702 2703 2706 2710 2715 2742 2745 2750 2753 2777 2794 2805 2812 2816 2833 2837 2840 2856 2883 2895 2900 2912 2920 2922 2925 2929 2946 2963 2967 2969 2971 2979 2980 2989 2993 3001 3008 3009 3015 3017 3018 3030 3040 3050 3057 3064 3078 3092 3095 3110 3118 3138 3147 3148 3175 3176 3198
7514 : 3200 3202
7515 : 3203
7516 : 46 104 329 409 441 675 693 724 727 755 822 824 851 944 1009 1034 1048 1049 1083 1087 1099 1116 1147 1167 1171 1186 1196 1206 1214 1238 1258 1278 1290 1341 1365 1387 1390 1394 1401 1435 1459 1462 1487 1503 1507 1515 1572 1588 1591 1602 1605 1625 1636 1651 1652 1653 1658 1673 1676 1709 1746 1754 1767 1769 1792 1809 1846 1901 1925 1933 1946 1948 1978 2000 2046 2091 2094 2152 2165 2169 2170 2189 2194 2196 2198 2217 2230 2265 2268 2285 2289 2300 2321 2341 2343 2354 2365 2389 2390 2407 2420 2482 2486 2499 2536 2538 2542 2567 2592 2598 2605 2616 2622 2631 2669 2701 2723 2750 2753 2772 2785 2794 2828 2836 2856 2868 2918 2932 2937 2956 2958 2989 2993 2999 3017 3018 3024 3035 3040 3050 3064 3076 3086 3092 3096 3099 3100 3101 3116 3120 3146 3160 3166 3194 3200
7517 : 2953
7518 : 1030 1359 2939 3133
7519 : 20 39 95 282 335 441 495 497 537 619 981 1010 1029 1135 1155 1167 1169 1180 1183 1260 1265 1279 1315 1326 1344 1351 1353 1363 1369 1387 1388 1399 1403 1404 1444 1488 1514 1527 1535 1536 1569 1590 1609 1632 1675 1679 1683 1684 1696 1706 1766 1825 1886 1907 1911 1928 1936 2004 2062 2076 2092 2093 2096 2112 2134 2146 2164 2175 2186 2188 2194 2215 2268 2314 2342 2377 2396 2400 2401 2438 2483 2514 2515 2569 2606 2628 2799 2848 2877 2929 2939 2945 2969 2970 2997 3015 3020 3042 3043 3069 3075 3077 3101 3138
7520 : 78 104 282 319 435 441 495 531 558 596 759 824 981 1003 1071 1234 1236 1237 1265 1267 1290 1421 1455 1457 1464 1588 1601 1609 1705 1706 1753 1768 1809 1886 1907 2017 2062 2092 2113 2152 2196 2275 2276 2307 2339 2374 2421 2561 2569 2645 2723 2753 2772 2812 2835 2889 3032 3067 3101 3104 3139
7521 : 585 1536 2916
7522 : 1805 2692
7524 : 2342 2850 2943
7525 : 78 103 278 531 533 630 637 861 894 1003 1013 1029 1047 1051 1135 1148 1159 1169 1180 1186 1236 1257 1398 1410 1439 1454 1475 1498 1524 1541 1543 1565 1587 1686 1698 1741 1748 1844 1847 1856 1959 1962 2060 2080 2105 2195 2204 2219 2227 2233 2254 2309 2342 2353 2370 2378 2401 2421 2451 2452 2480 2484 2535 2681 2687 2746 2753 2799 2812 2851 2876 2912 2920 2928 2951 3020 3031 3095 3103 3104 3112 3138 3140 3142 3145 3153 3164 3192
7526 : 850 1179 1591 1647 1706 1808 2105 2160 3120
7527 : 224 243 278 618 825 942 1098 1135 1145 1198 1272 1308 1385 1410 1458 1541 1587 1698 1706 1748 1749 1828 1846 1928 1960 2080 2150 2228 2307 2320 2327 2342 2371 2376 2378 2396 2522 2581 2740 2848 2895 2920 2922 2979 3039 3043 3072 3073 3078 3081 3127 3128 3141 3184
7528 : 40 104 185 252 409 414 527 533 605 617 670 696 731 825 849 855 865 972 981 1012 1066 1088 1108 1135 1161 1195 1196 1206 1225 1226 1233 1236 1252 1264 1272 1307 1309 1326 1350 1359 1393 1412 1424 1455 1456 1457 1465 1468 1470 1482 1485 1489 1519 1523 1542 1543 1544 1549 1550 1570 1588 1601 1603 1604 1614 1652 1665 1711 1719 1726 1745 1746 1752 1769 1807 1853 1855 1892 1929 1957 1959 2036 2051 2054 2092 2113 2152 2162 2178 2188 2195 2252 2262 2307 2313 2314 2370 2396 2401 2421 2453 2481 2534 2536 2664 2692 2723 2727 2746 2787 2829 2838 2874 2888 2893 2902 2906 2950 2967 2977 2980 2999 3024 3030 3045 3059 3066 3072 3087 3088 3091 3106 3112 3120 3129 3131 3137 3151
7529 : 1160 1505 1530 1565 1589 1613 1625 1665 1671 1742 1805 1811 1825 1852 1901 2054 2162 2175 2188 2202 2377 2438 2469 2497 2499 2536 2645 2723 2838 2918 2928 2973 3027 3039 3119 3153
7530 : 82 1025 1324 1389 1665 1680 1684 1811 1825 1852 1988 2128 2166 2497 2570 2714 2723 2859 3075 3156
7531 : 281 699 851 1001 1052 1166 1216 1264 1272 1354 1400 1613 1691 1700 1710 1767 1807 1891 1939 1974 1989 2002 2050 2065 2138 2200 2201 2217 2263 2317 2365 2669 2795 2821 2884 2897 2903 2943 2947 3018 3033 3070
7532 : 677 1003 1116 1223 1334 1415 1426 1518 1631 1665 1695 1855 1874 1886 1891 1937 1962 1988 2194 2217 2283 2379 2623 2645 2734 2786 2897 3103 3115
7533 : 533 637 677 861 1026 1029 1348 1564 1739 1855 1933 1939 2490 2515 2622 2786 2901
7534 : 861 1067 1265 1271 1456 1458 1475 1684 1929 1939 2004 2480 2683 2828 2994
7535 : 558 1423 1700 1998 2804 3075 3090 3116
7536 : 1012 1088 1168 1238 1365 1385 1416 1769 1926 2138 2145 2245 2314 2317 2864 2919 2921 2962 3027 3157
7537 : 1012 1569 1612 2015 2580
7538 : 1517
7539 : 2302 2314 3030
7540 : 1694 1873 2525 2557 3085 3116
7542 : 616 724 1099 1349 1381 1382 1628 2163 2309 2345 2480 2580 2810 2852 3003 3011 3022
7544 : 1908 3066
7546 : 2201
7547 : 595 3145
7548 : 251
7549 : 2962
7550 : 1517
7551 : 1554 2097
7552 : 1383
7553 : 2093
7555 : 46 68 71 202 251 252 272 278 320 396 537 585 619 678 699 726 728 796 822 824 825 847 854 856 865 891 941 964 971 1003 1012 1014 1033 1043 1050 1088 1113 1114 1134 1135 1145 1155 1158 1160 1165 1168 1173 1185 1186 1195 1235 1248 1257 1262 1264 1265 1305 1307 1315 1327 1334 1345 1352 1354 1368 1384 1388 1393 1394 1397 1400 1403 1410 1415 1417 1424 1427 1453 1460 1465 1468 1470 1471 1485 1487 1503 1506 1526 1535 1542 1543 1550 1553 1565 1589 1591 1603 1604 1605 1614 1616 1623 1625 1632 1641 1642 1647 1654 1657 1664 1674 1677 1678 1680 1684 1700 1727 1728 1738 1739 1751 1752 1768 1774 1788 1805 1806 1807 1809 1810 1811 1827 1829 1845 1855 1856 1868 1871 1878 1890 1901 1906 1912 1916 1926 1930 1931 1939 1947 1959 1962 1974 1977 2002 2031 2035 2051 2054 2080 2082 2096 2108 2111 2130 2145 2207 2210 2217 2227 2253 2262 2264 2265 2268 2285 2287 2297 2299 2314 2325 2345 2366 2368 2383 2399 2420 2423 2436 2450 2453 2456 2470 2471 2480 2481 2483 2499 2500 2518 2522 2534 2556 2561 2570 2582 2605 2609 2616 2645 2657 2668 2669 2682 2683 2688 2700 2701 2705 2709 2717 2718 2719 2730 2732 2746 2764 2795 2802 2812 2819 2820 2838 2850 2851 2855 2856 2858 2859 2862 2864 2865 2869 2870 2877 2886 2888 2896 2898 2899 2903 2919 2923 2928 2929 2930 2931 2938 2939 2943 2944 2945 2961 2969 2972 2989 3004 3005 3014 3023 3024 3030 3052 3055 3066 3069 3073 3080 3091 3094 3100 3104 3106 3112 3114 3121 3125 3130 3140 3142 3146 3147 3148 3154 3157 3170 3200 3203 3204
7557 : 1482 2314
7558 : 1741
7559 : 46 103 282 441 462 495 726 1253 1324 1502 1544 1622 1677 1706 1717 1723 2016 2274 2299 2341 2452 2606 2620 3101 3184
7560 : 272 396 630 728 1098 1213 1262 1282 1470 1570 1591 1602 1605 1727 1792 1878 2111 2155 2320 2343 2527 2651 2709 2730 2785 2833 2898 2940 3081 3091 3103 3150
7561 : 409 616 724 1740 1792 2082 2314 2584 2738 2820 3091
7562 : 46 71 92 104 252 300 322 397 409 435 497 558 585 595 616 637 644 655 679 682 691 695 724 730 796 867 891 949 972 990 1043 1045 1046 1066 1083 1084 1088 1098 1099 1113 1135 1171 1188 1216 1237 1247 1252 1253 1255 1261 1265 1278 1307 1315 1327 1348 1353 1365 1380 1381 1385 1389 1390 1391 1395 1397 1404 1421 1433 1454 1455 1457 1458 1459 1463 1470 1484 1485 1486 1488 1491 1530 1536 1550 1588 1591 1592 1602 1605 1612 1621 1623 1628 1632 1641 1650 1651 1658 1664 1677 1685 1693 1696 1700 1703 1706 1740 1747 1774 1781 1788 1811 1824 1834 1852 1854 1860 1870 1875 1885 1889 1892 1900 1902 1905 1908 1929 1945 1959 1977 1988 2053 2060 2065 2105 2110 2125 2127 2154 2155 2178 2180 2184 2192 2193 2198 2202 2226 2227 2252 2264 2265 2285 2305 2314 2316 2317 2324 2341 2370 2395 2480 2514 2518 2537 2541 2546 2556 2570 2592 2625 2645 2651 2684 2698 2701 2705 2716 2718 2730 2733 2738 2739 2744 2777 2785 2787 2802 2821 2842 2850 2856 2873 2883 2886 2887 2898 2899 2915 2919 2921 2922 2929 2937 2938 2939 2941 2943 2957 2959 2971 2979 2993 3002 3004 3030 3033 3046 3073 3077 3087 3091 3092 3094 3098 3099 3101 3102 3103 3105 3107 3113 3145 3148 3150 3185 3190 3192
7563 : 46 68 69 71 103 185 224 252 278 284 409 464 671 695 731 758 940 942 964 1001 1003 1013 1025 1028 1029 1053 1114 1135 1155 1160 1162 1166 1167 1172 1179 1180 1183 1195 1237 1247 1264 1270 1324 1347 1348 1350 1354 1390 1396 1454 1457 1459 1469 1471 1486 1489 1498 1503 1526 1603 1625 1626 1629 1647 1665 1674 1677 1680 1708 1713 1720 1728 1771 1797 1805 1827 1844 1845 1854 1862 1871 1884 1892 1923 1947 1948 2017 2036 2046 2053 2097 2130 2147 2151 2163 2164 2210 2268 2273 2314 2317 2320 2325 2326 2343 2345 2358 2365 2374 2378 2389 2407 2423 2439 2471 2514 2538 2616 2623 2644 2645 2646 2667 2669 2719 2732 2802 2812 2820 2823 2843 2850 2852 2856 2863 2864 2865 2871 2876 2896 2899 2902 2903 2907 2923 2929 2937 2939 2943 2969 2972 2989 2998 3000 3004 3005 3014 3024 3030 3031 3034 3052 3054 3059 3067 3069 3077 3080 3091 3103 3104 3110 3127 3130 3140 3144 3154 3157
7564 : 1295 1476 1769 1805 1862 2979 3193
7565 : 1412 3026
7566 : 3028
7567 : 3164
7568 : 2882
7569 : 1609 2534
7570 : 2493
7571 : 637 1034 1409 1515 1611 1723 2017 2180 2298 2357 2572 2740 2843 3146 3148 3188
7572 : 1891 2319 2572
7573 : 2019 2670 2692
7574 : 1382 1554 2231
7576 : 1735 2311 2919 3146
7577 : 1543
7578 : 2316
7581 : 1474
7582 : 679
7583 : 2307 3076
7584 : 2219 2233
7585 : 1386 2631 3014
7586 : 2705 2767 3068
7587 : 1465
7588 : 1134
7589 : 2046
7592 : 2274
7593 : 3087
7595 : 278 537 761 1386 1725 1834 1961 2042 2164 2217 2227 2264 2342 2470 2597 2657 2777 2804 2851 2865 2866 2896 2940 2943 2949 2958 2981 3008 3014 3079 3170
7597 : 1638 1834 2192 2342 2700 2851 2943 2972 2990 3014 3031 3140
7598 : 1347 1946 2049 2129 2523
7599 : 616 719 1282 1327 1425 1497 1811 1890 2053 2179 2603 2742 2816 2922 2966 3004 3064 3195
7600 : 1234 1381 2265 2308 2456 2557
7601 : 48 70 222 533 755 854 944 1026 1154 1200 1212 1223 1270 1282 1293 1364 1469 1518 1586 1604 1674 1698 1834 1874 1925 2092 2094 2160 2186 2229 2275 2287 2323 2326 2424 2457 2545 2547 2595 2700 2728 2779 2795 2802 2809 2865 2866 2870 2883 2907 2940 2945 2980 2991 3006 3068 3077 3100 3135 3150
7602 : 106 1420 1645 1892 1936 2109 2288 2438 2700 2889 2916 2970 3001 3006 3021 3052 3057 3112 3149
7603 : 1182 1514 3153 3157
7604 : 849 1525 1727 1956 2110 2388 2490 2513 2650 2701 2746 2847 3037 3112
7605 : 605 2604 3112
7606 : 990 1290 1476 1845 2203 2320 2343 2367 2372
7607 : 2572 3076 3102
7608 : 533 1696 3091 3125 3176
7609 : 380 644 721 794 855 950 982 1001 1006 1028 1050 1051 1116 1233 1265 1308 1421 1468 1514 1525 1526 1592 1614 1673 1691 1721 1747 1806 1871 1911 1931 1959 2032 2053 2108 2128 2130 2134 2160 2177 2196 2220 2307 2345 2400 2407 2450 2455 2479 2492 2518 2527 2542 2582 2593 2598 2657 2669 2688 2696 2704 2852 2874 2892 2915 2922 2944 2946 2988 2997 3015 3017 3043 3046 3071 3076 3094 3098 3100 3124
7610 : 71 397 2262 2594 2688 2704 2923
7611 : 2546 2598
7612 : 950
7613 : 1611
7614 : 670
7616 : 1415 2323
7617 : 2558 2620 3128 3182
7618 : 2046 2377
7619 : 1331 2868
7620 : 1471 1711 1747 1748 2377 2621 2626 2632 2840 2868 2876 3111 3128 3144
7621 : 2849 2892 2949
7622 : 3038
7624 : 2016 2065 2572 2715
7625 : 185 1475 2340 2376 2499 2850 2865 2866 2919 2945 2981 3014 3157
7626 : 728 1638 1710 1749 1788 1807 1936 2042 2083 2174 2179 2288 2337 2568 2697 2703 2740 2802 2821 2866 2880 2896 2945 3009 3103 3203
7627 : 693 724 1350 1824 2722
7628 : 2794
7630 : 1725 1946
7631 : 71 409 531 670 696 1003 1162 1264 1380 1433 1435 1458 1467 1566 1571 1601 1603 1646 1658 1674 1699 1705 1706 1748 1754 1807 1856 1869 1875 1923 1974 2003 2046 2082 2106 2138 2151 2175 2181 2219 2233 2305 2307 2322 2356 2357 2374 2398 2480 2482 2534 2536 2579 2626 2632 2634 2645 2686 2728 2750 2832 2848 2859 2893 2996 3000 3014 3049 3053 3086 3093 3105 3121 3133 3145 3146 3150 3166
7632 : 861 1029 1194 1195 1392 1425 1497 1505 1544 1602 1605 1705 1754 1811 1824 1889 1930 2034 2054 2106 2113 2114 2197 2219 2380 2390 2421 2499 2534 2592 2730 2822 2828 2849 2868 2871 2955 2979 2985 3012 3049 3065 3088 3103 3133 3182 3185 3197
7633 : 397 464 861 867 972 1015 1033 1084 1165 1179 1197 1226 1252 1258 1261 1270 1281 1315 1351 1365 1395 1409 1410 1423 1498 1536 1543 1565 1589 1603 1627 1647 1681 1699 1703 1741 1751 1824 1829 1845 1856 1936 1937 2035 2050 2105 2163 2167 2218 2245 2340 2343 2357 2358 2369 2378 2433 2547 2594 2625 2692 2708 2717 2727 2751 2794 2804 2850 2864 2865 2870 2871 2873 2887 2897 2898 2921 2939 2940 2950 3049 3060 3094 3111
7634 : 435 616 1226 1290 1381 1412 1432 1463 1502 1523 1671 1705 2035 2064 2198 2651 2684 2898 2931 2951 3026 3064 3068 3087 3104 3127
7635 : 68
7636 : 2192 2217 2337 2457 2700 2764 2850 2851 2865 2896 2907 3014 3031 3080 3104 3157
7637 : 3117
7638 : 1194 1487 1829 1902 1929 2201 2651
7639 : 409 1552 1745
7640 : 3008
7641 : 2572
7642 : 2483
7643 : 1635 2620
7644 : 3083
7647 : 2803
7648 : 1420 1691 1870 3115
7651 : 531
7652 : 1487 1699 2494 2519
7655 : 1247 1703 3076 3180 3181
7656 : 1531 3003 3022
7657 : 3021
7658 : 329 1046 1072 1567 1684 1703 1765 1784 1877 2000 2019 2147 2154 2198 2216 2305 2395 2450 2453 2517 2891 2914 2915 2936 2963 2990 3021 3107 3187
7659 : 1621
7662 : 2749 2811
7663 : 144
7665 : 964 1264 1700 3192
7666 : 1700
7668 : 2298
7669 : 1315
7673 : 2705 3099
7674 : 40 144 1046 1939 2202
7675 : 2922
7676 : 58 78 116 243 284 321 462 598 942 944 971 990 1046 1062 1083 1087 1108 1183 1196 1294 1326 1348 1366 1412 1474 1523 1530 1543 1553 1572 1649 1693 1710 1726 1742 1754 1767 1768 1770 1824 1827 1844 1879 1912 1924 1978 2016 2020 2180 2219 2226 2227 2252 2341 2367 2396 2398 2500 2501 2518 2567 2621 2651 2652 2707 2715 2717 2767 2808 2848 2868 2894 2918 2936 3078 3099 3103 3136 3138 3148 3191 3198 3199
7677 : 2561
7678 : 531 758 1134 1188 1650 1787 1962 2457 2538 3097
7679 : 1834
7680 : 1855
7681 : 1341 2106 2899
7682 : 2197
7683 : 719
7685 : 1098 1247 1787 1847 2061 2112
7686 : 2327
7688 : 1426 1433 1856 1868 2567 2709
7689 : 1327 2931
7690 : 48 1929
7691 : 2953
7693 : 2692
7694 : 1634 2144
7698 : 2679
7700 : 1786 1875 2018 2109 2285 2395 2745 2770 2890
7701 : 1401
7702 : 1146 1273 1784 1858 2048 2354 2355
7703 : 1308 2827
7704 : 2019
7705 : 1099
7706 : 103 1976 2823
7707 : 1654
7708 : 675 1159
7709 : 3076
7710 : 1415 1705 1810 1930 2197 2687 2705 2708 2751 2968 3153
7711 : 2710
7712 : 1517 2560
7713 : 2750
7714 : 2467
7715 : 675 1928 1938 2188 2203 2750
7716 : 944 1035 1333 1345 1616 1637 1727 1750 2373 3094
7717 : 942
7719 : 964 1892 2170
7720 : 1472
7721 : 2827
7722 : 3033
7723 : 973 1278
7724 : 1401
7726 : 972 2160 2718 2722 2728 2968 3134
7727 : 1681 1976 2288 2307 2451 2452 2524 2561 2716 2728 2882 2990 3087
7729 : 598 670 942 1001 1408 1456 1527 1700 1783 1784 1788 1809 1811 1988 2092 2265 2396 2572 2893 2931 2961 2979 3163
7730 : 1160 2127
7731 : 2518 3092
7732 : 2518
7733 : 58 464 670 1049 1155 1324 1341 1413 1456 1527 1572 1698 2082 2127 2160 2342 2345 2470 2499 2705 2930 2931 2989 3076 3087
7734 : 1928 2535 2712 2866 2878 2891 2993 3027
7735 : 1408 1517 1518 1564 2188 2454 2712 2720 2970 2988 3059 3070 3119
7736 : 2878 2993
7738 : 1933
7739 : 2679
7740 : 1489 1767 1768 2169 3097
7741 : 1997 2679
7745 : 1859 1888
7746 : 335
7747 : 396 533 891 940 1083 1307 1390 1413 1608 1642 1698 2020 2454 2484 2722 2902 2918 2936 2949 3033 3053 3069 3127 3132 3203
7748 : 1862
7750 : 1292 1497 1975 2200
7752 : 1843 2963 3116
7756 : 3047
7759 : 1108
7760 : 96
7761 : 1636
7762 : 1066 2876 3195
7763 : 3203
7765 : 1630
7768 : 1143 1315
7769 : 1315 1427
7770 : 1315
7772 : 1003 2232
7773 : 615 1525 1593 2200 2267
7780 : 1413 2106 3076 3142
7781 : 1572 2181
7782 : 1341
7783 : 2499 3021
7788 : 670
7789 : 2609
7791 : 2317
7797 : 332 533 827 854 856 865 1013 1073 1153 1270 1293 1344 1420 1434 1631 1674 1691 1750 1786 1847 1885 1930 1939 1951 1997 2176 2233 2249 2261 2276 2421 2490 2516 2569 2570 2620 2628 2649 2679 2686 2722 2916 3097 3098
7799 : 104 1171 1935 2035
7800 : 298
7803 : 848 1262 1324 1440 1497 1588 1608 1665 1724 1844 1875 1892 1948 1956 2144 2179 2285 2308 2314 2375 2396 2592 2692 2828 2837 2979 3001 3025 3077 3078 3092 3095 3148
7804 : 2567 2620
7805 : 1672 2160 2699
7806 : 1695 2175
7808 : 644 1435 1517
7813 : 111 185 251 1003 1161 1197 1304 1314 1516 1695 1726 1769 2135 2547 2924 3134
7814 : 944 1199 1454 1638 2313 2369
7816 : 1474
7817 : 2592
7818 : 1891 2421 2674 2687
7819 : 20 825 1003 1267 1290 1408 1516 1652 1698 1769 1805 1806 2289 2483 2595 2620 2721 2893 2928 2996 3097 3117 3132
7820 : 1165 1280 1426 1726 1805 1962 2054 2620 2950 3072
7822 : 46 78 435 1159 1179 1200 1253 1272 1385 1398 1400 1408 1469 1475 1506 1646 1651 1664 1698 1710 1742 1786 1853 1862 1871 1879 1908 1957 1960 2146 2253 2273 2314 2358 2372 2400 2433 2438 2631 2718 2810 2817 2848 2862 2905 3013 3049 3052 3056 3090 3128 3141 3152
7823 : 3010
7824 : 1171 1504 1844 1867 1956 2620 2697 2881 2911 3052
7825 : 319 951 964 1346 1351 1645 1722 2138 2164 2169 2229 2268 2286 2555
7826 : 1395 2930
7827 : 2020
7828 : 3052
7831 : 2197
7832 : 1427 2994
7837 : 2979
7838 : 1878 1936 3164
7839 : 1385 1908 3172
7840 : 479 3166
7841 : 1003
7842 : 3142
7843 : 1003 1962 3012
7844 : 1455 3196
7845 : 1315
7846 : 282 329 616 1108 1117 1223 1568 1741 1956 2146 2526 2687 2912 3145
7847 : 630
7848 : 321 1868 2684
7849 : 492 1237 1253 1710 2787
7850 : 1623 2390 2597 2946
7851 : 849 1002 1153 1432 1526 1591 2266 2289 2341 2592 2771 2787 3101
7853 : 860 1747 2146 2912
7854 : 1925
7855 : 1725
7856 : 1388 1665
7857 : 719 1937 1939 2106
7859 : 605 1035 1116 1169 1197 1408 1524 1536 1614 1679 1705 1707 1774 1946 1998 2214 2233 2263 2266 2438 2544 2682 2697 2738 2838 2859 2931 2950 2957 2969 3000 3047 3048 3054 3086 3140 3146
7860 : 2751
7861 : 1265 1408 2093 2254 2787 3075 3146 3152
7862 : 2765
7863 : 1049
7864 : 2423 2863
7865 : 278 2138 2876 2936 2939
7866 : 2469 2491
7867 : 409 558 1677 2406 2491 2592 2632 2682 2920
7869 : 2559
7870 : 1826
7871 : 3074
7872 : 1109 2494
7873 : 1612
7874 : 1853 2571
7875 : 1486
7876 : 1506 1751 2592 2779 2993
7877 : 1533 1658 1727 1855 2546 2650 2998
7878 : 2186 2860 2864
7879 : 1279 1426 1626 2211 2683 2937 3121 3204
7880 : 2938 3077 3079 3143 3145
7881 : 1159 1770 2307 2316 2479 2542 2719 2734 3023
7882 : 1415
7883 : 1487
7886 : 950
7887 : 2036 2219 2228
7888 : 48 531 696 972 1935 2219 2355 3049
7889 : 48 2376
7890 : 3050
7891 : 1476 2215 2376 2849
7892 : 116 497 679 1046 1051 1066 1121 1254 1278 1294 1333 1516 1620 1722 1754 1781 1931 1960 2323 2450 2598 2619 2669 2709 2837 2906 2923 2999
7893 : 414 867 942 1012 1028 1696 1751 1891 1907 2000 2193 2226 2373 2517 2625 2670 2847 2881 2892 2930 2979 3098 3187
7895 : 1645 2649
7896 : 492
7899 : 2833
7900 : 2723 3112
7901 : 2833 2944
7903 : 462 619 1170 1265 1314 1399 1527 1590 1902 2054 2112 2195 2215 2232 2287 2402 2794 2811 3165 3183
7904 : 2195 3203
7905 : 981 1358 1590 2310 2581 2913 3030 3179 3194
7906 : 1265 1527 1787 2698
7907 : 1787
7908 : 405 1915 3033
7909 : 322 1825 2195 2922
7911 : 2747
7912 : 2276
7913 : 254 1001 1659 1771 1927 2181 2479 2538 2776 3130
7914 : 68 111 1631 1705 1845 2232 2479 2584 2810
7915 : 2252
7916 : 1179
7919 : 891
7920 : 2321
7921 : 2434 2922
7922 : 1184
7923 : 2231 2305
7924 : 2231 3177
7925 : 1443 1686 2231 2925
7926 : 2142 3015 3114
7928 : 850
7929 : 282 396 696 850 851 854 856 892 1711 1855 1902 2114 2201 2203 2288 2359 2722 2848 2860 2866 2926 3002 3084 3088 3129
7931 : 675 825 1590 1827 1974 2622 2996
7932 : 2016 3076
7933 : 236 440 492 531 619 696 850 851 856 865 892 1195 1271 1315 1637 2114 2203 2304 2359 2451 2496 2728 2881 2926 2941 3044 3101 3105
7935 : 1935 2753 3045
7936 : 1591 1878 2901
7937 : 1551 2838 3015 3093
7938 : 1878
7939 : 332 695 1025 1549 2708 3093
7940 : 2823
7941 : 2737
7943 : 243 726 867 1146 1721 2134 2211 2631 2696
7944 : 964 1334 2354 2410 2487 2779 2955
7945 : 1392
7946 : 1186 1234 1972 2903 2953 3020 3080
7947 : 224 527 941 1002 1012 1025 1098 1154 1180 1234 1247 1411 1453 1768 1887 2129 2148 2210 2301 2326 2457 2470 2780 2828 2835 2903 2907 2953 3053 3069 3094 3101 3104 3124
7948 : 1223 2189 2192 2210 2997
7949 : 3012
7952 : 1306
7953 : 2434
7955 : 2300
7957 : 396 1066 1147 1206 1434 1516 1535 1879 2033 2128 2176 2207 2366 2388 2487 2524 2633 2643 2674 2697 2820 2991 3005 3036
7958 : 497 1072 1915 1946 2113 2125 2219 2273 2283 2421 2484 2821 2925 3036 3042 3078 3091 3096 3112 3157
7959 : 405 1110 1725 1934 1958 2130 2216 2554 2839 2862 2927 2970
7960 : 2701 2877
7961 : 1280 1326 1543 1641 1807 2265 2554 2603 2664 2680 2726 2728 2742 2882 2918
7962 : 637 1224 1429 1641 1679 1928 2033 2061 2263 2554 2706 2707 2787 2904 2970 3002
7963 : 1491 2216
7964 : 1172
7965 : 48 1454 1976 2046 2728
7966 : 1155 1807 2288 2579 2801 2971 3125
7970 : 983
7971 : 2692
7972 : 1523 1878 2692
7974 : 2164
7976 : 531 2313 2669 2794
7977 : 106 116 397 1226 1258 1404 1774 1868 2060 2106 2339 2402 2595 2632 2669 2822 2833 2857 2862 2864 2881 2888 2944 2966 2996 3006 3012 3052 3053 3057 3067 3069 3087 3112 3120 3172
7978 : 2373 2833 2857 2862 2864
7979 : 241 1456 1753 1807 1916 1945 2060 2194 2367 2373 2377 2669 2857 2859 2884 3003
7980 : 1412 1470 1485 2377 2928
7982 : 278
7983 : 116 1469 1676 1764 3060
7984 : 1470
7985 : 2911
7986 : 2402
7987 : 2204 2354 2802 2905
7988 : 1713 2679
7989 : 2716
7990 : 2923 3076
7991 : 3047
7992 : 144 2834 2888
7993 : 68 1134 2216 2218
7994 : 3047
7996 : 1974
7998 : 2802
7999 : 1891 3097
8000 : 670
8001 : 1877
8002 : 441 1160 1341 1548 1946 2053 2147 2274 2366 2500
8003 : 1003 1272 1630 2184 2342 2807 2810 3133 3154
8004 : 695 1362 2204 2401 2538 2730 2776 3133
8005 : 1309 2060 2401
8007 : 2970
8009 : 2314 2741
8010 : 1430 1473 1630 2523 2547 2604 2610 2980 3165
8011 : 2181 2197
8012 : 1048 1726 2320 2523 2829 2904 2980 2987 3165 3172 3200
8013 : 531 796 1535 1807 2579 2928 2989 3115
8014 : 1184 1409 1549 2989 3087 3097
8015 : 3047
8016 : 536 1171 1709 2217 2395 3091 3190
8018 : 1453 1665 1739 1906 2051 2650 2838 2921
8019 : 2998
8020 : 2998
8022 : 670
8023 : 3153
8024 : 670 1711 3183
8025 : 1315
8026 : 2186
8027 : 3182
8029 : 1099
8032 : 2097 2542
8033 : 2424
8038 : 3195
8040 : 2033
8041 : 1747
8042 : 2569 2695 2847 3046 3107
8044 : 724 1026 1051 1116 1382 1471 1503 1856 2955 3142
8045 : 68 951 1031 1154 1173 1344 1359 1400 1401 1458 1703 1726 1781 1874 1907 1945 1961 2051 2106 2167 2345 2354 2407 2485 2487 2705 2748 2751 2806 2950 3040 3076 3078 3091 3130 3182
8046 : 1637 2851
8047 : 670 973 1194 1382 1518 1664 1711 1806 1825 1856 1887 1925 1961 2227 2232 2595 2622 2682 2709 2795 2990 3034
8048 : 124 464 536 849 850 1170 1211 1649 1752 1961 2032 2052 2060 2134 2195 2210 2288 2302 2354 2373 2645 2769 2779 2901 2981 3011
8049 : 1033 2092 2710 2715 2716 3087 3100
8050 : 2710
8051 : 949 990 1135 1326 1456 1469 1836 2046 2187 2265 2313 2340 2484 2515 2699 2739 2883 2955 2957 2986 3143 3148
8052 : 1261 1491 1748 1892 1975 2229 2253 2302 2369 2420 2794 2850 2957 2985 3018 3065 3087 3091 3117 3128 3133
8053 : 759 1034 1412 1486 1710 1874 1901 2187 2245 2252 2369 2619 2721 2780 2877 3069 3102 3124 3136
8054 : 96 796 963 1143 1354 1529 1530 1664 1697 1735 1752 1932 2048 2051 2144 2166 2194 2195 2233 2245 2246 2283 2499 2526 2628 2698 2709 2734 2749 2768 2828 2832 2859 2886 3056 3074 3076 3094 3128
8055 : 202 254 585 891 1002 1235 1279 1441 1695 1811 1844 1856 1926 2093 2146 2261 2355 2421 2500 2593 2708 2730 2734 2835 2846 2963 2985 3011 3020 3072 3136 3157
8056 : 2165
8057 : 3015
8058 : 1888 3015 3132
8059 : 3015
8060 : 2700 3110
8061 : 1936 2701
8062 : 2911
8063 : 2911
8064 : 2817
8065 : 1392 1529
8066 : 1032
8067 : 222 964 1032 1155 1171 1271 1487 2050 2095 2138 2367 2383 2622 2728 2808 2898 2990
8068 : 671 1206 1270 1465 2918 2937 3030
8069 : 440 1066 1182 1411 1703 1743 1844 1907 2380 2581 2704 3068 3089
8070 : 3177
8071 : 1145 1236
8072 : 1135 2220 2537
8073 : 1603
8074 : 1680
8075 : 1257 1587
8076 : 1853
8077 : 2723
8078 : 1523
8080 : 536 2389 3139 3158
8081 : 1703
8082 : 675 724 2046 2288 2317 2705 3046 3053
8083 : 1257 1295 1497 1946 2200 2378 3021
8084 : 2447
8085 : 1117 1235 1386 1531 2367 3041 3177
8086 : 2276 2369 2931 3182
8088 : 92 2534 2820
8089 : 1847 2669
8090 : 949 1348 1463 1502 1764
8091 : 2753
8093 : 2594
8094 : 1307
8098 : 696 972 1506 1534 1544 1681 1682 1699 1829 1844 1889 2439 2501 2536 2948 3204
8099 : 696 698 1544 3174
8100 : 2751 2799 2801 2953 3020
8101 : 1223 1769 1807 2376 2991
8102 : 761 1134 1692 2652 2898
8103 : 1035 2001
8104 : 1609 2652 2692
8105 : 655 1253
8106 : 2841
8107 : 670 2829
8109 : 1696
8112 : 2307 2493 2816 3152
8114 : 2816 2833 3152
8115 : 3152
8116 : 2493 2816
8117 : 2681
8118 : 2534 3045
8119 : 2456
8121 : 2499
8122 : 241 941 1594 2866 2912
8123 : 1630 2372 2923 3157
8124 : 1002 1697 2396 2497 2699
8125 : 396 2492 2692
8126 : 717 1433
8127 : 1225 1946 2732 2747
8128 : 1013
8129 : 3014
8131 : 1976 2857 3192
8132 : 950 1134 1200 2420
8133 : 1180 1395 1638 1728 1884 2668 2767 2862 2863
8134 : 3048 3060
8135 : 718 2002 2929
8136 : 2245
8137 : 1632
8138 : 1650
8141 : 146 254 321 329 462 616 637 724 1051 1236 1238 1325 1349 1416 1476 1659 1765 1771 1846 1927 2046 2048 2181 2198 2226 2283 2380 2522 2527 2777 2852 2930 2979 3099 3130 3160 3184
8142 : 1062 1315 1445 1946 2188 2998
8143 : 531 1238 1428 2396
8144 : 464 531 675 972 1272 1309 1518 1862 2197 2911 2959 3050 3117
8145 : 1699
8146 : 248 1425 1541 1568 1630 1634 1805 1856 1916 2113 2252 2389 2515 2682 2931 2979 3036 3094 3172
8147 : 40 284 759 1062 1135 1152 1326 1362 1394 1503 1630 1634 1676 1677 1843 1853 1855 1909 1915 1924 1934 2046 2059 2105 2137 2138 2248 2320 2451 2486 2487 2494 2547 2625 2633 2668 2692 2702 2739 2753 2787 2794 2795 2826 2851 2883 2920 2924 2937 2940 2984 2987 2998 3040 3041 3115 3116 3133 3164
8148 : 2078
8149 : 144 1098 1457 1602 1924 1989 2177 2525 2753 2794
8150 : 1754 2572 2682
8151 : 3160
8152 : 224 717 1135 1295 1362 1427 1517 1630 1828 1836 1890 1916 1925 1934 2059 2177 2200 2268 2297 2372 2451 2484 2668 2692 2720 2744 2769 2801 2827 2841 2862 2883 2902 2924 3116 3175
8153 : 615 678 1483 1496 1695 1854 1856 1889 1934 2547 2645 2794 2819 2850 2987 3021 3094 3109 3165 3175
8154 : 616 1113 1476 1489 1527 1571 2186 2275 2827 2972 3163
8156 : 2822
8157 : 1747
8158 : 2669
8159 : 92
8160 : 675 1726
8161 : 1163
8162 : 1162 1165 1486
8164 : 2742
8165 : 1236 1681 1877 1879 1937 2375 2378 2596 2734 2817 3002 3097 3164
8166 : 619 1527 1543 1664 1705
8167 : 1434 3134
8168 : 1083 1271 1879 2596 2628 2680 2730 2798 2911 3000 3002 3087 3164
8169 : 799 1145 1351 1402 1423 1441 1457 1462 1470 1620 1643 1679 1738 2092 2105 2127 2130 2263 2289 2321 2341 2344 2354 2421 2438 2453 2497 2500 2622 2683 2766 2767 2799 2821 2826 2833 2838 2973 3024 3077 3125 3163 3181 3201
8170 : 241 251 252 320 322 441 492 617 696 698 860 861 941 942 1025 1051 1113 1146 1161 1163 1166 1170 1172 1188 1272 1281 1307 1315 1347 1379 1462 1497 1535 1542 1564 1587 1602 1609 1630 1741 1810 1825 1847 1875 1886 1924 1936 1976 2030 2033 2054 2062 2145 2166 2177 2181 2203 2286 2314 2343 2354 2357 2380 2390 2421 2424 2455 2499 2515 2524 2526 2557 2567 2580 2606 2619 2620 2627 2680 2687 2692 2697 2710 2715 2726 2742 2834 2855 2862 2885 2889 2921 2925 2928 2970 3032 3042 3047 3072 3084 3091 3096 3111 3112 3118 3129 3157 3201
8171 : 981 1238 1347 1470 1497 1709 2175 2374 2801 2846 2898 2927 2928 2988 3024 3097 3134
8172 : 46 630 1088 1135 1188 1215 1238 1308 1384 1459 1476 1504 1516 1627 1651 1652 1658 1844 1930 2078 2080 2166 2186 2188 2276 2297 2314 2421 2628 2666 2674 2704 2812 2839 2846 2870 2902 2928 2988 3000 3033 3046 3098 3112 3204
8173 : 144 1071 1166 1181 1274 1309 1332 1410 1503 1504 1589 1609 1613 1709 1717 1728 1740 1807 1856 2076 2106 2146 2162 2249 2261 2263 2354 2355 2438 2490 2492 2513 2534 2554 2625 2650 2669 2679 2695 2712 2714 2727 2747 2748 2799 2817 2838 2857 2890 2931 2944 2997 3002 3036 3047 3054 3071 3075 3112 3125 3128 3171 3176
8174 : 40 95 1028 1186 1381 1434 1457 1602 1650 1653 1674 1709 2354 2439 2738 2884 3069
8175 : 1238
8177 : 3081
8178 : 1906
8179 : 1726
8180 : 2559
8181 : 2559
8182 : 1591
8183 : 1680
8184 : 236 440 585 1010 1194 1324 1409 1427 1456 1571 1695 1699 1765 2097 2127 2166 2298 2522 2645 2708 2882 2932 2951 2961 2979 2985 3022 3035 3091 3100 3111 3179 3181 3182 3183
8188 : 2921 3053
8189 : 619
8190 : 619 1624 1719
8191 : 2421
8192 : 695 1314 1718 2887 2901
8193 : 3129
8194 : 2864 2911
8195 : 2434
8196 : 1829 2033 2680 3067
8197 : 2180
8198 : 1647 2358
8199 : 1359
8200 : 1267 2807
8201 : 2018 2109
8202 : 1874 2109
8203 : 1740
8204 : 2145
8205 : 1726 2217 2794 2876 2913
8206 : 2828
8207 : 1906 2733
8208 : 322 1401 1906 2265 3076
8209 : 2396
8210 : 1167 1959 2053 3087
8212 : 796
8213 : 1505 1506 1751 1752 1877 2080 2128 2141 2181 2219 2228 2450 2482 2485 2499 2500 2541 2597 2753 2951 3048 3072 3088 3117
8214 : 1591 1680 1862 1877 1938 2020 2054 2202 2297 2320 2499 2500 2522 2951 3092
8215 : 185 278 670 1001 1265 1326 1652 1855 1936 2019 2095 2126 2127 2145 2198 2308 2319 2342 2526 2554 2610 2628 2632 2795 2856 2863 2869 2885 2915 2990 3005 3022 3041 3134 3185 3195
8216 : 1066 1282 2321
8218 : 1421 1946 2366 2807
8219 : 1572 1829 2715 3013
8221 : 696 1002 1010 1413 1435 1829 2036 2188 2499 2561 2674 2716 2720 2721 2951 2988 3088 3089 3153
8222 : 1412 1487 2054 2339 2451
8223 : 2321 2367
8224 : 417 1462 1476
8225 : 1862 3158
8226 : 1238 3181
8227 : 1534 2700
8228 : 1433
8229 : 2889
8230 : 1712
8231 : 851 1154 1589 2152 2870
8232 : 243 1198 1706 1939 2064 2111 2252 2396 2546 2594 2646 2840 3042 3057 3110 3196
8233 : 1978
8234 : 1806 1936 2064 2594 2701 2766 2839 3110
8235 : 278 321 1035 1307 1939 2130 2619 2739 2777 3125
8236 : 2956
8237 : 1307
8238 : 2582
8240 : 2388 2889
8241 : 1745 2388 2455 2582 2717
8242 : 3042
8243 : 1548 3021
8244 : 462 677 1099 1115 1117 1197 1216 1230 1307 1383 1433 1434 1453 1595 1645 1707 1879 1900 1915 2046 2153 2154 2215 2220 2594 2598 2603 2622 2649 2665 2709 2801 2848 2867 2890 2897 2980 3006 3008 3020 3021 3045 3070 3080 3163 3174 3204
8245 : 1172 1348 1946 2580 2656
8247 : 1908 2154 2497 2993 3202
8248 : 396 495 1456 1572 1692 1695 1699 1869 1891 2000 2053 2082 2179 2202 2214 2297 2389 2492 2523 2651 2669 2687 2928 2937 2956 2968 2971 3015 3056 3101 3182 3190
8249 : 335 464 616 617 637 675 892 893 894 950 964 1003 1009 1013 1051 1135 1143 1147 1148 1169 1199 1216 1224 1271 1292 1308 1309 1333 1346 1359 1404 1409 1423 1433 1453 1517 1533 1542 1550 1551 1566 1595 1604 1605 1631 1636 1637 1638 1720 1752 1766 1792 1805 1879 1886 1888 1892 1902 1908 1928 1931 1932 1948 1956 1957 1978 2017 2054 2060 2077 2081 2094 2095 2097 2134 2167 2176 2200 2203 2215 2216 2220 2232 2263 2272 2283 2285 2286 2298 2300 2339 2344 2353 2357 2375 2390 2434 2447 2455 2457 2484 2519 2522 2524 2525 2535 2556 2560 2582 2596 2598 2619 2620 2622 2627 2628 2631 2634 2645 2652 2667 2697 2702 2709 2711 2720 2770 2776 2801 2809 2811 2823 2859 2863 2864 2883 2889 2890 2892 2899 2905 2906 2911 2926 2929 2945 2950 2955 2966 2970 2972 2977 2985 2989 3000 3012 3016 3020 3022 3035 3048 3054 3065 3066 3078 3080 3086 3092 3096 3117 3134 3142 3147 3153 3160 3163 3175 3195
8250 : 1591
8251 : 1645
8252 : 1434 1476 1886
8253 : 2643 2922 2971
8254 : 2047
8256 : 2438 3067
8258 : 1612
8260 : 440 619 655 891 892 944 1032 1194 1236 1271 1359 1415 1457 1506 1514 1527 1627 1681 1699 1700 1711 1725 1935 1937 2082 2114 2140 2160 2288 2307 2314 2388 2451 2455 2501 2516 2519 2561 2711 2795 2832 2846 2882 2905 2947 2978 2990 3012 3067 3134 3163
8262 : 619 1236 1695 1725 1976 2114 3084 3095
8263 : 619 2307 2388 2722 2905
8264 : 2967
8265 : 409 1032 1527 1929 2543 2978 3084 3135
8267 : 1742 1783
8268 : 1552 1671 2105
8269 : 1549
8270 : 1869 2377 2593
8272 : 2421
8273 : 2893 2998 3021 3048 3136
8274 : 1884 1900 2154 2181 2721 3021 3181
8275 : 3021
8276 : 2951 3016 3144 3177
8278 : 1223 1884 2189 2786 3032 3065
8280 : 2801 3074
8281 : 2365
8283 : 40 890 1654 1658 1781 1806 2198 2232 2709
8284 : 332 1194 1353 1385 1431 1525 1549 1653 1654 1785 1846 2127 2401
8285 : 2406 2433 2709 2915
8286 : 3138 3189
8287 : 3074
8288 : 1001 1071 1711
8289 : 761
8290 : 2889
8291 : 2496
8293 : 1032
8294 : 1117
8295 : 1117
8296 : 282
8297 : 1307 1399 2030 3157
8298 : 1468
8304 : 1741
8312 : 670 1084 2233 2341 2840 2886 2921 2931 2954 3041 3065 3096
8314 : 1738
8315 : 1703
8316 : 2310
8317 : 1421 1491 1961 2622
8320 : 2377
8321 : 2377
8325 : 536 1014 1433 2537 3182
8326 : 2920 2979
8328 : 2621
8332 : 2721
8334 : 1890
8346 : 3177
8360 : 982 1541 1542 1653 1678 1788 1945 2163 2197 2307 2310 2390 2958 3012 3140 3142
8361 : 2810 3035
8365 : 2233
8371 : 1590
8372 : 848 1031 1420 1440 1495 1524 1601 1615 1932 1933 1999 3058
8374 : 111 380 1031 1047 1567 1633 1790 1956 2544 2800
8375 : 2189
8387 : 619
8388 : 2369
8389 : 1554 1594 1741 1891 2628
8390 : 695 1369 2369 3097
8391 : 2218 2646
8392 : 1369
8396 : 1098 1410 2669 2905
8397 : 1915 2485 2526 2697
8398 : 731 2525 3130
8399 : 981 1292 1497 1784
8400 : 981 1273 1783 1879 1998 2267
8401 : 1197 1351 1474 1524 2649
8402 : 1705 2580
8405 : 1906
8406 : 2890
8407 : 185 282 855 858 990 1053 1196 1216 1230 1549 1622 1651 1829 1893 2095 2567 2648 2767 3203
8408 : 70 272 980 1165 1282 1433 1470 1552 1620 1738 1768 1854 1959 1978 2217 2368 2542 2739 2924 2936 3199 3201
8409 : 1906 2196 2890 2973 3032
8411 : 558 1651 1744 1905 2289 2372 2557 2695 3008 3138
8422 : 1247 1726
8424 : 224 282 941 1216 1354 1395 1563 1671 1672 1784 1868 1879 1911 1989 2093 2210 2263 2273 2342 2423 2514 2712 2751 2885 3113
8425 : 320 440 670 1083 1170 1172 1235 1307 1350 1390 1399 1469 1487 1489 1491 1527 1671 1684 1770 1784 1828 1834 1855 2048 2135 2148 2263 2273 2274 2342 2372 2420 2453 2480 2580 2644 2668 2726 2733 2786 2848 2860 2866 2884 2886 2940 2943 2981 3094 3113 3149
8427 : 185 272 1112 1155 1165 1179 1234 1354 1475 1506 1519 1550 1591 1622 1700 1727 1844 1884 1902 2168 2169 2297 2314 2365 2376 2723 2820 2968 3050 3144 3187
8430 : 123 380 1143 1145 1172 1519 1884 1931 2034 2035 2376 2500 2719 2722 2749 2903 2920 2953 2963 2989 3127 3162
8431 : 298 300 396 537 637 1238 1550 1811 1902 2004 2061 2110 2111 2438 2513 2887 2937 3129
8447 : 849 2130 3128
8448 : 2406
8451 : 2471
8456 : 1469
8457 : 2320 2920 3172
8459 : 1877 3158
8460 : 2920
8463 : 2881 2931
8466 : 1572
8468 : 724
8472 : 2019
8473 : 2196
8474 : 1463
8479 : 103 224 252 282 531 536 617 799 1083 1098 1154 1170 1331 1350 1384 1425 1432 1519 1609 1615 1645 1650 1665 1709 1751 1805 1856 1891 1907 1936 1951 1976 2184 2189 2201 2210 2217 2245 2376 2377 2437 2451 2554 2568 2686 2692 2714 2717 2826 2836 2846 2851 2855 2911 2919 2921 2922 2954 2993 3015 3037 3064 3075 3077 3081 3084 3098 3106 3112 3127 3140 3156 3163 3182
8483 : 1637 1681 1901 1927 1946 2050 2062 2546 2819 2821 2864 2930 2996 3000 3073 3138 3145 3147
8484 : 1590 2913 3166 3167
8485 : 1962 2383
8486 : 1435 1765 1782 1962 2062 2276
8504 : 1113 3047
8506 : 1238
8507 : 724
8508 : 1410 1810
8509 : 1010 1159 1238 1315 1325 1410 1464 1524 2046 2094 2216 2433
8510 : 2851
8511 : 972 1088 1271 1888 2524 2687 2980 3200
8512 : 1359 1609 1939 2657 2817 3024
8513 : 95 971 1622 1976 2174 2410 2451 2595 2651 2666 2800 2845 2890 3067
8514 : 1586 1627 1976 2210 2538 3095
8517 : 3089
8521 : 1259 1685 2354 2525
8522 : 1564 1879 2989 3103
8524 : 144 1051 1088 1869 1997 2081 2111 2537 3080
8525 : 558 671 1117 1525 1924 2365 2598 2652 2697 2929 3020
8526 : 536 2931
8527 : 1470
8533 : 1417 1572 1675 1929 2105 2127 2401 2500 2518 2536 2592 2882 2979 3002 3076
8535 : 1067 1568
8536 : 111 1525 2002 3138
8538 : 1072 1223 1327 1358 1427 1825 2211 2398 2421 2674 2687 2742
8539 : 1807 2211
8540 : 1544 2370
8541 : 329 1427 2370
8542 : 1032 1108 2287 2370 2742
8543 : 1427 1651
8545 : 2882
8549 : 2151
8550 : 2828
8551 : 2751
8560 : 185 1008 1434 1540 1609 1960 2496 2767 2813 2817
8561 : 1194 1609 2052 3064
8562 : 2228 2950
8563 : 2950 3072
8564 : 1609 2413
8565 : 185 1008 1013 1434 1603 1609 1611 1713 1748 1752 1959 2052 2080 2128 2189 2196 2209 2219 2245 2320 2344 2375 2450 2500 2535 2541 2568 2570 2628 2767 2866 2891 2936 2950 3064 3072
8570 : 2953
8571 : 106 272 536 661 892 1045 1084 1145 1147 1197 1212 1281 1326 1401 1408 1468 1497 1523 1544 1626 1641 1743 1854 1890 1902 1907 1958 1972 1976 1999 2151 2202 2253 2277 2301 2343 2354 2355 2369 2410 2451 2494 2497 2622 2625 2708 2747 2768 2815 2827 2833 2886 2901 2949 2950 2980 3005 3058 3071 3081 3093 3133 3152 3174 3175
8572 : 405 1211 1722 1878 2200 2233 2343 2383 2493 2514 2558 2625 2798 3177
8586 : 2398 2568 2787 3077
8587 : 2197
8607 : 1381 1654 1659 1771 1862 2187 2310 2538 2823 2899 2962 2985 3003 3010 3022 3130 3140 3160
8608 : 1384 1398 2142 2390
8609 : 679 730 1008 1010 1210 1364 1384 1507 1809 1868 2925 2971 3015 3024
8610 : 1391 1571
8611 : 1769 2367 2519
8612 : 1348 1467 1628 1697 1747 2035 2308 2311 2874 2886 3182
8613 : 3145
8614 : 619
8617 : 2692
8619 : 2730
8622 : 2035
8626 : 1945
8627 : 693 849 944 1115 1145 1155 1194 1236 1433 1699 1700 1786 1935 1936 1961 2018 2093 2109 2217 2251 2288 2307 2389 2451 2524 2581 2598 2722 2746 2753 2828 2832 2839 2883 2885 2889 2916 2922 2947 2966 2968 2969 2978 2991 3033 3040 3041 3057 3084 3095 3109 3133 3135 3143 3147 3163
8629 : 849 1390 1739 2307 2885
8630 : 1699
8631 : 2018 2885 2916
8632 : 440 849 1032 1270 1324 1398 1524 1721 1936 2113 2215 2483 2524 2547 2966 3041 3058 3087 3135 3172 3176
8635 : 2483
8636 : 39
8637 : 282 796 856 951 962 1032 1172 1315 1323 1346 1366 1379 1423 1425 1542 1608 1727 1764 1807 1868 1875 2003 2034 2053 2061 2154 2167 2186 2216 2220 2233 2338 2353 2354 2546 2567 2620 2645 2665 2827 2838 2871 2895 2903 2905 2970 3001 3013 3064 3164 3191
8638 : 1271 1642 1976 2033 2356 2358 2398 2526 2593 2860 2991
8639 : 2682
8640 : 2622
8641 : 1711 2622 3021 3111
8642 : 2786
8643 : 202 319 533 1350 1434 2150 2181 2198 2316 2366 2556 2766 3023
8644 : 2924
8645 : 202 1164 1262 1540 1726 1770 2919 2924
8646 : 2632 2869 2870 2945 3021 3068 3158
8647 : 3177
8648 : 531 2233 2372 2869 2870 2945 3021 3068 3111 3158 3174 3177 3182
8651 : 84 321 724 1112 1931
8653 : 1956 2176 2375 2891
8654 : 2233
8655 : 1517 2176 2716
8656 : 724 1236 1307 1930 2306 2931
8657 : 1025
8658 : 2932
8659 : 321 492 848 1145 1325 1417 1628 1630 2110 2196 2435 2522 2750 2806 2905 3128 3188
8660 : 724 1324 1856 2127 2606 2705 2839
8662 : 2106
8663 : 1497 1879 2095 2130 2498 2625 3115 3165
8664 : 1523 1626 1726 1727 1753 1916 2130 2358 2377 2980
8666 : 1497 1890 2128 2358
8667 : 71
8668 : 367 497 867 1158 1173 1471 1497 1506 1527 1632 2095 2218 2358 2498 2625 2864 3067
8671 : 1162 2629
8672 : 1143 1415 2274 2784 3111
8673 : 2629
8674 : 146 615 1108 1487 1552 1604 1647 1741 1977 2180 2367 2437 2452 2610 2856 2911 3036 3179
8675 : 282 892 1517 2188 2200 2344 2390 2434 2484 2493 2737 2860 3036 3095
8676 : 103 243 558 854 890 1013 1033 1098 1186 1226 1279 1326 1875 1877 2188 2207 2375 2437 2514 2518 2537 2621 2622 2634 2765 2784 2802 2812 2837 3002 3103
8677 : 2135
8678 : 1309 1350 2483 2753 3095 3141
8679 : 2826
8680 : 1989 2753
8682 : 1307 1590 2215
8688 : 1167 1496 1824 1989 2050 2092 2127 2148 2274 2396 2699 2764 2820 2842 2886 2980 3045 3121 3133
8689 : 1425 2931
8690 : 949 1323 1358 1471 2111 2112 2155 2178 2326 2470 2703 2842 2870 2886 2945 3077 3188
8691 : 2740 2777
8692 : 2597 2740
8694 : 2153
8696 : 1774
8697 : 2516
8700 : 1409
8702 : 3188
8703 : 3188
8705 : 972
8706 : 2376
8707 : 2376 2798
8710 : 693 1474 1623 1693 1843 1951 2081 2252 2451 2535 2581 2668 2753 2865 2891 2905 3081 3096
8711 : 972 1143 1273 1805 2049 2112 2283
8713 : 1347
8716 : 1681 2201 3111
8717 : 982 1012 1170 1350 1527 1768 1855 2113 2739 2795
8718 : 1170 1265 1324 1415 1487 1527 1787 1855 1856 1939 1989 2274 2396 2546 2703 2739 2795 3094
8720 : 2712 3132
8721 : 1235 1347 1471 1535 1650 1750 1811 1846 1879 1889 1891 2018 2051 2227 2670 2902 2919 3101
8722 : 96 2065 2194 2670 2892 3154
8723 : 695 1516 2198 2692 2798 2801 2815 2924 2925 3032
8724 : 2957 3132
8725 : 1514 1742 1891 1928 2541 2883 2977
8730 : 224 278 851 858 940 1031 1088 1109 1236 1279 1359 1491 1590 1605 1638 1665 1867 1874 1886 1911 1945 1946 2034 2047 2054 2081 2125 2185 2201 2204 2233 2456 2496 2497 2692 2826 2868 2891 2897 2901 2963 2971 2991 3015 3100 3115
8731 : 865
8732 : 3128
8733 : 1084 1188 1279 1691 1696 1824 1874 1916 2081 2201 2342 2383 2557 2771 2901 2963 3164
8734 : 865 1824 1886 2202 2898 3113
8736 : 78 320 1261 1435 1475 1749 1846 2062 2215 2359 2516 2560 2740 2866 2885 2898 2938 2970 2991 3039 3058 3073
8737 : 185 661 1062 1108 1853
8739 : 796 950 1409 1928 1936 2289 2557 2925 3097 3129
8740 : 1410
8742 : 675 893 974 1029 1109 1110 1134 1148 1161 1163 1195 1214 1346 1366 1388 1390 1474 1495 1679 1710 1879 2181 2229 2276 2410 2555 2606 2734 2961 3026 3201
8743 : 854 1099 1331 1505 1719 2233 2354 2868
8745 : 205 321 1158 1194 1247 1262 1288 1391 1524 1854 2020 2096 2200 2451 2484 2499 2692 2704 2754
8746 : 441
8747 : 2535
8749 : 462 1380 1412 1456 1543 1741 1844 2201 2372 2480
8750 : 670 1194 1238 1745 1771 1862 1889 2046 2219 2380 2604 2720 2894 2902 2948 3119 3130 3153 3182
8751 : 1604
8752 : 531 1247 1703 1745 2197 2985 3035 3180
8754 : 2604
8755 : 2204 3025
8758 : 70 71 94 95 144 205 265 278 298 320 322 396 527 536 615 717 731 942 981 1012 1013 1025 1026 1030 1062 1135 1166 1169 1172 1186 1188 1214 1255 1259 1261 1271 1279 1307 1326 1327 1362 1403 1421 1425 1491 1504 1527 1595 1603 1605 1622 1630 1652 1685 1698 1705 1706 1751 1770 1782 1847 1854 1875 1886 1888 1900 1931 1936 1957 1988 2017 2031 2033 2035 2036 2048 2049 2052 2080 2109 2112 2148 2154 2178 2181 2189 2203 2207 2252 2268 2274 2275 2277 2288 2317 2337 2342 2367 2372 2373 2378 2380 2389 2434 2436 2450 2470 2480 2484 2494 2497 2515 2522 2524 2537 2538 2570 2580 2582 2595 2625 2645 2651 2666 2706 2718 2720 2739 2740 2741 2750 2765 2767 2794 2799 2805 2812 2819 2821 2827 2835 2843 2845 2851 2865 2897 2900 2905 2914 2920 2925 2930 2955 2956 2981 2987 2991 2993 2996 3013 3034 3036 3040 3041 3042 3050 3067 3118 3127 3134 3135 3141 3151 3157 3165 3173 3201 3203
8761 : 298 678 717 990 1030 1135 1143 1172 1230 1391 1416 1614 1671 1725 1834 1957 1976 2189 2342 2497 2580 2643 2699 2714 2728 2772 2848 2851 2905 2987 2997 3041 3088 3099 3103 3135 3157
8762 : 322 2398
8763 : 3036
8765 : 2300 2843 3066
8766 : 46 254 298 495 619 637 693 851 950 972 1003 1010 1051 1087 1121 1184 1188 1216 1224 1230 1236 1257 1326 1327 1347 1350 1382 1386 1393 1394 1397 1435 1440 1519 1526 1534 1548 1551 1566 1588 1601 1620 1623 1642 1654 1658 1674 1705 1722 1748 1754 1766 1770 1781 1807 1811 1836 1890 1929 1939 1946 1962 1977 2030 2054 2106 2146 2150 2167 2169 2177 2188 2216 2232 2254 2268 2289 2343 2358 2366 2369 2372 2380 2383 2452 2470 2480 2486 2526 2534 2543 2626 2646 2723 2795 2846 2859 2876 2878 2882 2893 2905 2923 2931 2947 2993 3002 3016 3043 3103 3128 3129 3136 3173 3181
8768 : 1862 2319 3039
8769 : 1307
8771 : 2913
8772 : 2494
8773 : 2751
8774 : 2991
8778 : 3185
8780 : 2926 3081
8788 : 2341 2569 2829 2847 2883 3046 3098 3125
8789 : 2924
8790 : 1182 1528 2692 2828 2841 2924
8794 : 2358
8795 : 972 1486 1745 1750 1753 1844 1892 2150 2358 2867
8796 : 1811 1959 2320 2625 2817 2849 2851 2918 3039 3068 3105 3128
8798 : 585 796 1471 1523 1526 1552 1572 1642 1746 1938 2197 2358 2380 2621 2626 2912 2946 3025 3069 3105
8801 : 2889
8802 : 1552
8805 : 2019
8818 : 48 644 2047 3097 3115 3150
8819 : 2944
8821 : 2002 2113 3097
8822 : 2928
8828 : 1049
8830 : 319 848 1674 1845 1956 2194 2204 2383 2501 2771 3143 3204
8831 : 1623 2810 3150 3181
8832 : 1768 2707
8833 : 2247
8834 : 1415 1625 2276
8835 : 2630 2883
8837 : 3097
8840 : 71 185 322 435 492 949 1010 1028 1071 1099 1117 1262 1314 1381 1383 1384 1467 1484 1517 1613 1699 1747 1809 1936 2002 2046 2095 2106 2175 2176 2185 2197 2219 2261 2314 2323 2354 2499 2537 2650 2717 2720 2828 2841 2859 2900 2904 2957 2966 2979 3132 3140 3163 3188 3192 3196
8841 : 111 242 335 1143 1170 1180 1346 1489 1634 1877 1931 1946 2050 2054 2140 2339 2383 2494 2496 2515 2628 2667 2674 2700 2712 2737 2767 2883 2889 2890 2891 2911 2966 3012 3066 3074 3116 3142 3177
8842 : 497 1997 2217 2268 2734 2936
8843 : 2051 2151 2316 2375 2603 2704 2883 2911 2931 2940 3067
8844 : 93 111 321 479 483 497 536 618 637 677 728 755 849 855 865 867 894 973 1028 1148 1167 1200 1252 1279 1352 1379 1388 1404 1408 1427 1488 1497 1525 1536 1566 1608 1633 1637 1638 1643 1675 1691 1692 1751 1806 1810 1811 1827 1836 1843 1846 1847 1859 1867 1873 1874 1907 1909 1910 1923 1924 1931 1932 1936 1951 1958 1973 1997 1998 2018 2053 2092 2109 2111 2139 2148 2151 2179 2186 2192 2217 2228 2229 2231 2247 2263 2267 2287 2289 2301 2342 2344 2358 2373 2374 2420 2455 2456 2470 2487 2525 2526 2536 2545 2569 2570 2582 2595 2603 2606 2619 2625 2627 2628 2643 2646 2687 2701 2702 2703 2707 2710 2712 2722 2726 2733 2767 2770 2784 2787 2800 2805 2807 2838 2840 2846 2851 2863 2867 2876 2884 2885 2888 2889 2903 2905 2911 2913 2918 2927 2939 2944 2957 2966 2973 2981 2987 2991 2996 2998 3008 3014 3015 3018 3031 3052 3055 3072 3081 3082 3084 3086 3096 3106 3110 3125 3128 3136 3146 3148 3149 3152 3157 3162 3163
8845 : 319 1098 1110 1171 1352 1430 1503 1535 1610 1924 1997 2049 2175 2354 2355 2398 2400 2451 2579 2665 2777 2817 2905 2937 2947 3031 3043 3066 3105 3111 3176
8847 : 2401
8857 : 1234 1595 2572 2737
8859 : 2987
8861 : 2927
8863 : 1108
8864 : 1099
8867 : 1146 1843 1867 1875 1876 2994
8868 : 971 1739 2105 2829 2866 3131
8870 : 462 1108 1891 2913
8871 : 2233 2471 3021 3038
8872 : 2233
8874 : 3021
8875 : 40 329 1307 1423 2096 2931 2932
8876 : 1148
8877 : 298 619 892 893 1115 1143 1171 1215 1381 1420 1454 1544 1549 1571 1634 1718 1783 1792 1869 1908 1936 1958 2000 2004 2091 2185 2308 2316 2344 2359 2365 2518 2649 2684 2722 2742 2749 2750 2826 2828 2893 2958 2961 3030 3076 3092 3117
8878 : 1807 1908 2096 2176 2186 2219 2570 2579 2674 2730 2742 2862 2882 3035 3106 3140 3183
8879 : 1718 3138
8884 : 71 103 202 243 252 616 894 944 1145 1169 1182 1211 1294 1350 1362 1409 1421 1425 1462 1470 1568 1593 1649 1698 1707 1743 1829 1847 1853 2035 2110 2151 2176 2181 2202 2231 2301 2317 2396 2435 2480 2517 2554 2688 2705 2769 2829 2941 2954 2979 3012 3013 3046 3098 3105 3114 3135
8885 : 497 2198 2494
8886 : 982 1047 1182 1707 2184 2561 2695
8887 : 1700 1976 2705
8892 : 2470
8893 : 93 95 144 202 224 320 367 533 728 1010 1033 1047 1097 1134 1155 1231 1234 1265 1334 1400 1408 1409 1423 1454 1456 1488 1523 1536 1564 1571 1588 1593 1603 1619 1644 1652 1657 1674 1683 1691 1725 1726 1742 1810 1834 1844 1846 1871 1885 1892 1907 1936 1939 1948 1956 1972 1997 2001 2002 2003 2018 2076 2093 2146 2148 2165 2178 2179 2184 2194 2263 2264 2289 2353 2368 2387 2402 2438 2449 2454 2490 2498 2514 2555 2569 2571 2603 2618 2667 2669 2688 2692 2717 2719 2723 2749 2753 2768 2801 2805 2820 2835 2850 2859 2890 2891 2897 2903 2904 2923 2936 2940 2945 2947 2956 3000 3045 3052 3055 3070 3072 3079 3093 3094 3105 3112 3114 3138 3147 3157 3164 3170
8894 : 3048
8895 : 1333 1726 1844 1915 2717 3014 3037 3046 3098 3176
8896 : 1844
8897 : 1066 1353 1905 3138
8898 : 40 1134 1261 1649 1677 2053 2166 2185 2625 2692 2826 3107
8899 : 1453 1587 1625 2167 2726
8900 : 1248 1625 3203
8901 : 300 1134 1295 2396 2541 2631 2747 3136
8902 : 284 319 824 1257 1651 2400 2536 2972 3104 3128
8903 : 533 1488 1652 1681 1925 1932 2152 2726 2750 3031 3128
8904 : 1533 2054 2287 3104
8905 : 48 894 1643 1874 1978 2035 2233 2379 2487 2610 2620 2943 3097
8910 : 104 1236 1523 2383 2931 3050 3067
8911 : 104 678 1030 1426 1517 1928 2077 2106 2215 2233 3050 3064 3072
8912 : 1265 1426 1427 1912 2080 2145
8913 : 605 1846 1854 1928 2383 2862 2863
8914 : 104 678 1030 1166 1234 1253 1261 1288 1366 1380 1427 1435 1484 1541 1572 1591 1637 1680 1695 1752 1805 1811 1845 1870 1879 1890 1928 2062 2188 2218 2261 2272 2344 2375 2535 2542 2628 2652 2721 2734 2749 2767 2798 2829 2882 2902 2911 2914 2931 2936 2955 2967 2970 3042 3048 3070
8915 : 1517 1846 2233 2721 2798 2859 2889 2911 2918 2966
8916 : 1427 1468 3048
8918 : 585 1713
8919 : 39 185 495 536 1238 1365 1406 1705 1846 1928 2061 2150 2202 2369 3064 3075
8920 : 865 1030 1184 1197 1609 1811 1828 1855 2217 2266 2439 2651 2859 2871 3026
8922 : 942 1223 1294 1531 1589 1594 1623 1650 1665 1700 1784 2314 2499 2687 2777 2921 2931 3003 3021 3033 3060
8923 : 2354
8925 : 39 144 964 1033 1051 1112 1166 1383 1430 1469 1544 1601 1632 1674 1811 1825 1856 1901 1976 1997 2030 2113 2160 2168 2302 2322 2387 2401 2421 2424 2438 2453 2535 2595 2597 2692 2722 2746 2802 2838 2878 2884 2886 2905 2922 3005 3025 3069 3074 3103 3114 3131 3153 3196 3199
8926 : 1159
8927 : 2433
8928 : 2470
8930 : 1721 2275
8931 : 1608 2606
8932 : 2001 2093
8937 : 2380 2900
8940 : 1145 1181 1199 1589 1862 1877 2228 2526 2840 3074
8941 : 1066 1116 1184 1280 2142 2365 2471 2919 3050 3054 3128
8942 : 1366 1394 1421 1523 1605 1752 2379 2380 2679
8944 : 1859
8946 : 124 254 282 755 1084 1152 1184 1363 1525 1548 1629 1652 1691 1752 1825 1844 1855 1884 1888 1956 2019 2033 2062 2109 2130 2134 2168 2176 2179 2203 2207 2208 2211 2251 2341 2343 2344 2358 2373 2498 2568 2592 2595 2623 2646 2669 2702 2712 2719 2734 2766 2770 2786 2829 2859 2889 2902 2914 2916 2929 2980 2986 2988 2993 2996 3005 3015 3053 3058 3074 3112 3125
8947 : 2095 2218 3057
8948 : 1184 1724 1844 1879 2095 2168 2498 2596 2668 2845 2864 2902 2955
8950 : 1392
8951 : 1166 1630 1651 2826
8952 : 1390
8953 : 761
8956 : 2936 3041
8957 : 103 1454 2097 2480
8958 : 1099 3146
8959 : 973
8965 : 1711
8969 : 677 2421
8970 : 1333 1441 1743 2046 2093 2196 2670 2819 3001 3190
8976 : 1733
8977 : 1340 1516 1534 1626 1641 1692 1936 1999 2421 2742 2753
8978 : 40 849 1504 1641 1642 1750 2208 2276 3117
8979 : 1109 1197 1862 3097
8986 : 205 254 942 1046 1235 1260 1264 1307 1323 1346 1387 1430 1475 1496 1497 1505 1506 1603 1609 1629 1642 1651 1658 1742 1829 1856 1862 1871 1889 1924 1926 1930 1962 2033 2035 2047 2051 2082 2095 2127 2202 2263 2289 2299 2359 2378 2379 2401 2421 2451 2455 2494 2499 2526 2538 2605 2606 2646 2684 2727 2734 2786 2835 2847 2899 2905 2929 2937 2948 2973 3056 3066 3108 3112 3121 3136 3146
8987 : 799 1184 1453 1497 1501 1825 1889 2033 2453 2596 2856 3125 3163
8988 : 1403 2214 2784 2858 2905
8997 : 1161 2125 2696 2920
8998 : 2609
8999 : 2353 2991
9004 : 82 320 321 630 678 726 796 858 964 1066 1143 1179 1223 1236 1264 1309 1390 1408 1412 1443 1445 1486 1506 1528 1535 1589 1602 1650 1652 1695 1706 1711 1735 1745 1788 1845 1861 1862 1888 1977 2003 2081 2082 2138 2196 2197 2207 2214 2232 2233 2254 2265 2266 2299 2317 2340 2371 2436 2535 2542 2716 2734 2786 2832 2838 2888 2916 3008 3039 3081 3097 3116 3136 3146 3162 3172 3176 3188 3202
9006 : 531 1398 1413 2705 2810 3010 3076
9007 : 3179
9008 : 2163
9009 : 2308 2367 2572 3179
9013 : 1159 1165 1199 1366 1455 1462 1518 1552 1572 1603 1676 1679 1750 1827 1845 2002 2003 2065 2106 2138 2151 2202 2211 2245 2246 2342 2356 2357 2358 2378 2379 2424 2491 2542 2667 2738 2812 2821 2843 2867 2869 2887 2919 2924 2958 2967 3025 3028 3056 3092 3127 3140 3142 3146
9014 : 3165
9017 : 248 2178 2264 2622
9018 : 1384 1809 2523 2709 2771 2925
9019 : 2771 3116
9022 : 2988
9023 : 20 39 78 95 106 124 329 409 497 536 675 730 755 891 1013 1088 1145 1147 1196 1238 1274 1280 1325 1364 1365 1387 1388 1398 1444 1473 1495 1525 1529 1601 1602 1610 1623 1651 1680 1692 1739 1744 1746 1766 1811 1846 1888 1911 1925 1939 2000 2106 2134 2165 2186 2207 2216 2248 2265 2287 2289 2409 2436 2449 2487 2567 2568 2570 2598 2605 2606 2610 2618 2619 2627 2666 2688 2697 2707 2712 2750 2772 2777 2800 2802 2807 2868 2871 2898 2906 2907 2912 2925 2929 3001 3057 3059 3110 3121 3179 3200
9024 : 1003 1013 1290 1379 1387 1505 1549 1862 1877 2150 2217 2289 2323 2482 2486 2487 2592 2606 2753 2802 2900 2912 2937 2953 3001 3018 3033 3073 3078 3120 3153 3182 3200
9025 : 2194
9026 : 78 495 693 824 1185 1363 1396 1486 1591 1602 1934 2091 2094 2142 2196 2285 2343 2389 2598 2604 2697 2745 2903 2948 2993 3015 3077
9027 : 335 1186 1214 1234 1623 1767 1888 2125 2196 2287 2498 2670 2701 2745 2777 2883 2993 3100 3146
9028 : 2753
9029 : 2537 2665 2703 3018
9030 : 595 1009 1066 1083 1169 1171 1278 1387 1388 1394 1435 1651 1658 1806 1910 1946 1978 2164 2196 2353 2389 2408 2420 2606 2710 2715 2828 2833 2922 2923 2971 2979 3015 3082 3125 3154 3199
9032 : 48 58 78 104 242 265 282 320 321 409 462 464 497 585 595 655 670 694 761 857 942 949 1003 1034 1046 1051 1098 1121 1147 1154 1155 1197 1210 1236 1252 1262 1267 1280 1323 1341 1346 1364 1366 1382 1391 1396 1398 1400 1411 1412 1433 1453 1468 1474 1487 1518 1548 1592 1608 1619 1620 1623 1625 1628 1634 1636 1646 1649 1650 1674 1677 1697 1699 1720 1722 1725 1726 1727 1743 1766 1771 1784 1806 1810 1846 1862 1869 1871 1879 1885 1889 1890 1907 1927 1976 1978 1999 2000 2020 2033 2036 2046 2050 2060 2077 2096 2109 2114 2144 2152 2155 2165 2166 2167 2175 2176 2184 2194 2198 2201 2210 2218 2227 2229 2246 2274 2276 2301 2302 2307 2317 2321 2358 2369 2378 2379 2380 2383 2387 2388 2396 2399 2447 2454 2483 2487 2499 2523 2525 2526 2567 2580 2582 2619 2622 2633 2644 2645 2679 2702 2704 2718 2726 2749 2780 2785 2787 2806 2808 2809 2841 2857 2858 2859 2865 2870 2873 2878 2880 2886 2912 2920 2941 2951 2968 2993 2998 2999 3000 3001 3014 3023 3024 3048 3060 3072 3134 3138 3142 3150 3157 3173 3203
9033 : 2233 2480
9034 : 1272 3020
9036 : 95 222 1930 2388 2499 2949
9037 : 71 435 894 1111 1877 1946 2263 2341 2396 2471 3092
9038 : 1608
9040 : 2657 2692
9041 : 329 1145 1381 1412 1552 1571 1671 2035 2064 2299 2314 2519 2534 3048
9042 : 92 678 1471 2893
9043 : 677 857 861 865 1117 1325 1527 1630 1724 1956 2017 2051 2108 2176 2679 2716 3075
9044 : 677 858 2272
9045 : 694 850 851 854 855 856 861 865 1117 1638 2017 2042 2108 2146 2176 2216 2272 2337 2628 2953 2973 3054 3187
9047 : 1928 2233 3179
9049 : 1465 1962 2051 2645
9050 : 1749
9051 : 1590 2580
9052 : 71 397 1033 1043 1135 1163 1179 1195 1226 1234 1264 1305 1359 1380 1427 1454 1498 1565 1647 1703 1739 1854 1974 2233 2252 2327 2400 2423 2480 2518 2522 2534 2542 2892 2897 2923 2944 3024 3027 3032 3101 3114 3120 3121
9053 : 2004
9057 : 794 940 1051 1071 1172 1259 1542 1552 1587 1641 1901 2033 2078 2081 2208 2230 2249 2262 2272 2276 2287 2359 2389 2437 2490 2498 2500 2537 2559 2680 2711 2716 2734 2748 2753 2816 2820 2863 2902 2916 2918 3005 3033 3041 3057 3072 3074 3075 3103 3112 3113 3129 3132 3134
9058 : 699 1650 1782
9061 : 2389 2701
9062 : 1034 1469 1844
9063 : 1504 1847 2177 2289 2472 2954 3032
9065 : 144 661 1457 2695 2769 2905 2986 3176
9066 : 1612
9067 : 3015 3138
9069 : 1554 2753 2924
9071 : 3194
9072 : 2705
9073 : 146 252 278 695 698 1045 1088 1098 1108 1111 1180 1183 1309 1366 1404 1409 1423 1459 1470 1474 1552 1587 1626 1652 1693 1710 1725 1750 1774 1824 1876 1885 1889 1902 1910 1978 2016 2065 2081 2094 2112 2135 2164 2196 2323 2380 2396 2435 2486 2487 2497 2518 2582 2623 2714 2851 2884 2897 2921 2940 2943 3005 3010 3015 3043 3054 3071 3120 3199
9074 : 2094
9075 : 417
9076 : 1181 1426 2016 2111 2341 2918 2919 2981 3071 3082
9077 : 2940
9078 : 1160 2246 2370
9079 : 2962
9081 : 278 724 1147 1155 1159 1173 1186 1258 1347 1365 1385 1396 1408 1435 1468 1469 1516 1739 1771 1934 2054 2138 2189 2203 2217 2230 2300 2316 2321 2324 2452 2536 2772 2811 2860 2941 2948 2990 3076 3087 3094
9082 : 103 1044 1161 1168 1652 2230 2538 2651 2739 2812 2873 3005 3166
9083 : 596 796 1033 1263 1470 1684 1695 1845 1854 1911 1916 2035 2152 2160 2277 2321 2356 2556 2605 2632 2683 2716 2842 2869 2958 2981 3031 3104 3140 3150 3170
9084 : 822 1213 1900 2112 2154 2204 2210 2356 2380 2688 2765 2812 2895 2930 2958 3147
9085 : 298 671 1043 1051 1264 1315 1326 1550 1605 1630 1664 1671 1875 2002 2019 2060 2081 2125 2168 2219 2233 2249 2314 2356 2490 2496 2604 2605 2683 2722 2786 2817 2858 2885 2898 2970 3021 3031 3116 3135 3199 3200
9086 : 396 858 2002 2105 2219 2380 2920 2957 3154
9087 : 1162 1308 1315 1368 1476 1695 2155 2378 2728 2785
9088 : 202 321 1937 2321 2406 2604 2873 2895 2898
9091 : 533 1255 1435 1637
9093 : 1637 2167
9094 : 1486
9095 : 1590 2581 3194
9096 : 367 617 796 824 963 1113 1145 1235 1544 1549 1615 1653 1665 1674 1810 1847 1890 1908 1961 2004 2152 2179 2186 2289 2344 2469 2606 2746 2754 2832 2855 2948 2987 3081 3106 3107 3131
9097 : 2139
9098 : 1647 2423
9100 : 2111 2650
9101 : 1307
9102 : 1621
9103 : 435 1002 2169 2742 2968
9106 : 1113
9108 : 96 1543 1664
9110 : 3071
9112 : 2317 2534 2692
9114 : 1859 1875 1888 2487 2656 2924
9115 : 2656
9116 : 2144 2705 3041
9117 : 1469
9118 : 1184 2313
9120 : 1197
9121 : 698 2054
9122 : 248 1397 3160
9124 : 1711
9127 : 2197
9134 : 2106 2656 2980
9138 : 726 848 1440 1644 1915 1932 1999 2134 2557 2770 2799 2806 3058 3111
9140 : 94 495 497 536 1423 1443 1632 1644 1650 1978 2488 2670 2779 3138
9148 : 3138
9152 : 755 1473 1946 2780 2800 2807
9153 : 1426
9154 : 2275
9156 : 1143 1426 1744 2174 2186 2799 3041 3138 3167
9158 : 1234 1534 1787 2438 2862 2903 2914 3067 3080 3106
9159 : 719
9160 : 719
9161 : 1099 1771
9163 : 865 1231 1381 1543 1601 1847 2145 2485 2692 2977 2985
9164 : 1974 2195 2201 2485 2542 2924 2977 2985 3160
9166 : 2436
9168 : 1290 3028
9170 : 254 397 435 721 730 755 950 1051 1067 1267 1281 1350 1408 1411 1416 1421 1432 1462 1484 1488 1523 1529 1601 1638 1649 1650 1680 1685 1692 1706 1741 1792 1888 1891 1900 2035 2049 2064 2154 2176 2186 2249 2305 2324 2366 2402 2439 2451 2455 2567 2605 2656 2695 2720 2723 2799 2837 2850 2874 3013 3016 3060 3132 3166 3176 3199 3201
9171 : 1476 1703 1845 2019 3195 3197
9172 : 1681 1900 1930 2154
9173 : 2810 2821 2915
9174 : 2306 3054
9175 : 1334
9180 : 2610
9181 : 1721 2490 2996 3080
9182 : 2832
9183 : 1171 1197 1351 1440 1566 1932 2189 2266 2338 2916 3097
9184 : 3055
9185 : 1412
9187 : 1671
9188 : 973 1003 1349 1653 1665 1748 1843 2113 2181 2186 2195 2198 2228 2300 2305 2342 2746 2851 2866 2890 2915 2921 2922 2970 3077 3131 3142
9189 : 483 1390 1623 1824 2147 2436 3105
9190 : 691 730 1003 1033 1066 1254 1270 1379 1432 1470 1649 1974 2252 2700 2739 2812 2897 3197
9191 : 71 224 677 761 990 1134 1135 1183 1262 1281 1348 1379 1470 1485 1496 1530 1569 1647 1705 1937 1947 2252 2456 2470 2518 2527 2556 2777 2897 2943 3005 3024 3189
9192 : 224 1488 1691 1696 2741 2851 2920
9194 : 1889
9195 : 2815 2846 2877 2905 2924 3017 3072 3105 3116 3176
9196 : 2937
9197 : 2931
9198 : 48
9199 : 2996
9200 : 533 2374 3016
9201 : 48 972 2399 2849
9202 : 2889
9203 : 69 533 942 1171 1206 1252 1344 1410 1420 1604 1629 1631 1637 1674 1691 1695 1874 2062 2096 2525 2595 2634 2849 2951 2970 2999 3084 3092 3166
9204 : 298 1171 1605 2373 2525 2961 3145
9205 : 671 677 1344 1365 1404 1411 1445 1518 1601 1892 2559 2595 2623 2911 2929 2996 3048
9206 : 116 972 1712 1862 2147 2680 2810 3022
9207 : 670 1711
9212 : 146
9217 : 2684
9218 : 1413 3065
9220 : 755 1003 1026 1029 1252 1260 1363 1402 1535 1905 1946 2053 2145 2207 2251 2264 2869 2897 2951 2966 2994 3004 3013 3080 3204
9221 : 1906
9223 : 1154 1353 1535 1825 2003 2108 2315 2401 2554 2572 2714 2903 2981 2986 3118
9224 : 1709 2802
9225 : 1891
9226 : 1554
9231 : 2826 3185
9234 : 2567 2800
9235 : 2567
9236 : 1462 1658 1868 2319 2343 2480 2482 2700 2750 2931 3077
9239 : 616 1770 3181
9240 : 2197
9243 : 644
9244 : 1194 1410 1435 1540 1696 1892 2535 2742 2767
9255 : 1169 1908
9256 : 1524 2093
9257 : 3036
9258 : 2184
9259 : 71 104 106 272 278 279 322 414 615 695 696 794 827 854 855 865 944 1032 1034 1062 1071 1072 1098 1172 1184 1225 1235 1237 1247 1264 1271 1282 1326 1359 1389 1392 1423 1427 1430 1431 1475 1503 1504 1516 1542 1549 1552 1564 1570 1587 1624 1626 1627 1630 1658 1665 1677 1679 1694 1708 1709 1711 1724 1728 1738 1750 1754 1785 1811 1826 1847 1853 1879 1886 1936 1956 2031 2053 2064 2076 2082 2109 2113 2130 2137 2140 2162 2177 2186 2188 2202 2208 2314 2343 2354 2358 2374 2421 2433 2438 2452 2454 2481 2484 2513 2516 2526 2537 2547 2560 2596 2623 2627 2628 2631 2643 2674 2680 2722 2728 2750 2765 2768 2799 2816 2833 2845 2846 2855 2856 2860 2911 2927 2944 2954 2955 2967 2991 2996 3002 3008 3012 3017 3026 3046 3052 3074 3088 3098 3106 3112 3129 3176 3201
9260 : 272 405 675 696 796 1173 1412 1455 1534 1627 1641 1671 1695 1700 1847 1884 2030 2208 2344 2390 2526 2620 2692 2828 2951 3028 3052 3156 3158
9261 : 106 495 661 944 972 1033 1062 1516 1527 1680 1708 1847 1853 1856 1891 1962 2046 2198 2211 2289 2307 2358 2537 2669 2711 2728 2744 2771 2795 2905 3002 3008 3124 3152 3202
9262 : 796 1003 2833
9263 : 272 1211 1402 1455 1486 1551 1976 2621 2623 2648 2832 3008 3176
9267 : 1925 2142 3147
9268 : 241 1145 1152 1394 1623 1931 1934 2097 2146 2438 2943
9269 : 2383
9272 : 3035 3117
9273 : 2483
9274 : 2454 2493 2644 2979 3058 3154
9275 : 1236 1526 1856 2275 2355 2368 2471 2522 2556 2571 2897 2922 2926 3008 3097 3133
9279 : 1162 2245 2321 3048
9280 : 2893 2946 3048
9282 : 605
9285 : 2904
9286 : 1862
9287 : 2998
9288 : 1366
9289 : 71 1048 1392
9291 : 1135 2202
9292 : 2922
9294 : 2800 2938
9295 : 2165 2215 2807 3015
9296 : 2283
9297 : 1792 1879 2095
9298 : 1946
9299 : 464 644 759 865 1007 1234 1358 1359 1395 1455 1570 1592 1665 1681 1706 1739 1824 2036 2110 2112 2139 2581 2595 2631 2650 2698 2746 2819 2901 2916 2947 2996 3006 3094 3115 3162 3202
9300 : 2050
9301 : 479 644 677 794 851 860 861 982 1012 1062 1084 1211 1359 1399 1455 1671 1706 1739 1768 1824 1976 2035 2146 2274 2537 2595 2631 2745 2819 2901 2947 2996 3006 3108
9302 : 2679
9303 : 2421 3015
9304 : 1862
9305 : 1544
9307 : 1605 1862 2702 2777 2852 2865 2981 3188
9309 : 1010 1399 2035 2233 2568 2702 2751 2904 2911
9312 : 1135 1323 1350 1399 1916 1928 2313 2457 2493 2580 2811 2816 3135
9313 : 320 483 527 616 849 855 1012 1114 1134 1135 1234 1254 1290 1305 1341 1381 1389 1392 1409 1415 1427 1431 1456 1465 1491 1542 1552 1569 1590 1683 1725 1727 1749 1768 1807 1827 1829 1835 1845 1856 1860 1885 1916 1925 1936 1939 1959 1972 1974 2035 2060 2061 2064 2080 2081 2082 2083 2114 2160 2178 2187 2195 2252 2254 2287 2299 2302 2314 2320 2341 2402 2421 2433 2452 2483 2484 2513 2519 2547 2561 2594 2595 2665 2670 2699 2718 2722 2740 2767 2811 2828 2836 2846 2848 2857 2858 2870 2877 2918 2922 2925 2940 2941 2945 2954 2957 2998 3008 3010 3017 3026 3027 3067 3070 3103 3106 3109 3120 3124 3133 3135 3138 3139 3163
9314 : 1050 1226 1359 1457 2148 2152 2320 2449 2453 2516 2738 2787 2802 2929 2943 2957 2958 2971 2972 3004 3005 3077 3145
9315 : 527 855 1012 1051 1098 1115 1424 1431 1549 1570 1588 1612 1613 1710 1860 1869 1878 1928 1959 1972 2060 2064 2078 2081 2092 2114 2138 2152 2155 2178 2198 2254 2406 2433 2438 2452 2524 2546 2581 2594 2648 2665 2699 2701 2709 2718 2766 2832 2838 2954 2978 3008 3017 3032 3058 3072 3120 3135 3173
9316 : 1470 1485 2002 2032 2065 2113 2343 2433 2597 2740 2972 3073 3127
9318 : 3034
9319 : 595 1013 1270 1384 1391 1445 1591 1609 1678 1835 1862 2106 2153 2310 2480 2820 2843 2899 3145 3146
9320 : 1434 1540 1550 1592 1862 2153 2181 2233 2398 2480 2820 2823 2962 3010 3146
9321 : 1048 1280 1909 1924 2032 2093 2110 2208 2481 2525 2887 2951 3042 3118 3146 3153
9322 : 104 329 1181 1792 1951 2050 2147 2233 2302 2556 2628 2705 2728 2776 2978 2988 3072 3117 3121
9323 : 68 440 724 942 974 1048 1083 1108 1143 1280 1325 1426 1427 1441 1533 1550 1572 1728 1781 1809 1834 1900 1908 1951 2017 2061 2091 2129 2154 2163 2181 2203 2233 2268 2274 2302 2327 2339 2344 2359 2451 2452 2469 2485 2526 2535 2571 2721 2767 2776 2798 2803 2813 2862 2882 2920 2977 3001 3005 3012 3035 3054 3066 3119 3124 3136
9324 : 1113 1591 1769 3052
9331 : 1705 2850 2922 3077
9332 : 2786 3193
9333 : 867
9334 : 2254
9336 : 1696
9337 : 2546 2702
9338 : 2538
9339 : 2697
9340 : 1146 1535 1604 2801
9341 : 497 1146
9343 : 1223 1807 2802
9344 : 405 1390 1886 1957 2175
9345 : 1425
9346 : 2981
9347 : 2568
9348 : 3018
9349 : 1948
9350 : 1015
9351 : 185 531 595 615 670 1134 1143 1384 1445 1497 1527 1659 1700 1771 1927 1945 2020 2050 2130 2188 2232 2233 2302 2557 2702 2813 2840 2858 2929 2993 3001 3040 3198
9352 : 619 1517 1631 2125 2765 2903
9353 : 2937 3066
9354 : 1453 2046 2710
9355 : 2715 2906
9356 : 1924 3152
9357 : 2357
9358 : 1264 1476 2534 2546 3092
9360 : 1657
9361 : 2226
9362 : 1349
9363 : 2002
9364 : 2196
9365 : 2342 2482 3033
9366 : 2558
9367 : 679
9368 : 278 971 1066 1308 3199
9369 : 3002
9370 : 2604
9371 : 464 695 962 1003 1062 1179 1200 1247 1332 1347 1432 1470 1602 1603 2202 2267 2423
9372 : 95 202 731 796 824 942 980 1025 1029 1062 1200 1210 1214 1255 1264 1282 1393 1470 1930 2299 3201
9373 : 1305 2884
9374 : 2697
9375 : 1134 1807
9376 : 2745 2963
9378 : 106 1651 2220 2377 2598 2692 2968 3040 3102 3120 3202
9379 : 678 2820
9380 : 185 254 799 1032 1216 1411 1572 1665 1705 1768 1976 2265 2568 2631 2684 2817 2821 2835 2864 2959 2971 3001
9381 : 1391 1622 1652 2127 2484 2568 2631 2817 2971
9382 : 335 854 1465 1641 2374 2582 2707 2883 2893 2937 2998 3030
9383 : 396 1043 1159 2113 2216 2625 2798 3053 3056 3080 3166
9384 : 2450
9385 : 298 3094
9386 : 2181
9387 : 2668
9389 : 144 1390 1665
9390 : 2274 2890 2929 3175
9391 : 1393
9392 : 1062 2139
9393 : 1768 2819
9394 : 1529
9396 : 1469 1534 2188 2321 2377 3048
9397 : 2188 2319 2482 2629
9398 : 950 2204
9399 : 1454 2127
9400 : 2744
9401 : 2047
9404 : 1939 2390 3096
9405 : 1911
9406 : 3044
9407 : 1527
9408 : 1853 2275
9409 : 962
9410 : 46 1145 1163 2034 2097 2105 2145 2245 3041
9411 : 619 1116 1145 1307 1365 1622 1768 1824 1856 1877 1938 2094 2211 2217 2924 2990 3175
9412 : 1002 3026
9413 : 867 1052 1212 1401 1594 1742 2129 2204 2248 2998 3015 3031 3138 3151
9414 : 1184 1653 2189
9415 : 2096
9417 : 68 104 116 144 185 222 224 281 409 441 462 531 533 595 619 675 695 719 824 849 857 865 981 1003 1013 1048 1052 1053 1066 1088 1113 1135 1143 1145 1172 1196 1198 1223 1248 1258 1265 1272 1290 1307 1308 1341 1362 1365 1379 1385 1387 1388 1389 1390 1394 1413 1415 1462 1475 1497 1506 1601 1603 1605 1609 1613 1620 1636 1638 1649 1650 1652 1657 1674 1677 1680 1697 1699 1700 1705 1721 1722 1726 1742 1750 1767 1768 1783 1787 1809 1824 1828 1834 1843 1844 1846 1847 1852 1856 1862 1870 1874 1877 1886 1889 1908 1910 1923 1934 1956 1961 1962 1977 1978 1988 2002 2015 2031 2032 2033 2046 2050 2052 2054 2059 2061 2064 2106 2113 2114 2130 2142 2145 2151 2186 2188 2194 2196 2197 2202 2218 2227 2229 2230 2263 2274 2298 2308 2310 2314 2316 2319 2339 2342 2344 2345 2354 2359 2367 2402 2407 2451 2454 2471 2484 2486 2501 2516 2526 2527 2537 2538 2555 2556 2557 2568 2569 2592 2593 2604 2624 2631 2643 2652 2667 2669 2685 2687 2692 2695 2700 2702 2712 2719 2721 2727 2742 2750 2767 2794 2833 2843 2845 2848 2856 2859 2862 2865 2866 2876 2886 2896 2906 2913 2915 2919 2925 2940 2949 2950 2957 2969 2972 2986 2988 2994 2998 3008 3017 3028 3031 3040 3042 3047 3057 3064 3080 3094 3096 3103 3105 3106 3110 3111 3116 3117 3130 3132 3136 3142 3146 3149 3150 3157 3163 3165 3176 3177 3179 3180 3182 3199 3200 3204
9418 : 1588
9419 : 1454 2076 2771
9420 : 1430 2287
9421 : 397 483 1197 1253 1263 1386 1710 1742 1877 1936 2003 2254 2340 2594 2598 2619 2624 2651 2700 2744 2749 2754 2838 2951 2981 2986 2989 3085 3099 3146
9422 : 95 322 1309 1962 2320 2356 2889 2945 2993 3069 3184
9423 : 1235
9425 : 1354 1877 2215 2315 2621 2652 2669 2993 3033 3164
9426 : 417 585 822 962 1122 1200 1212 1235 1262 1278 1408 1411 1415 1484 1488 1684 1868 1910 2020 2109 2184 2197 2390 2485 2499 2541 2570 2584 2680 2705 2777 2847 2860 2919 2957 3107 3138
9427 : 497 1323 1470
9428 : 1485
9429 : 303 531 1252 1306 1457 1505 1792 2130 2499 2538 2710 3160
9430 : 319 417 1032 1362 1366 1381 1936 2152 2176 2309 2327 2482 2794 2828 2859 2870 2871 2885 2890 2893 2907 2977 3073 3111
9431 : 2080
9432 : 1331
9433 : 298 397 1031 1035 1416 1425 1484 1593 1612 1631 1652 1726 1748 1787 1972 2081 2138 2177 2195 2266 2341 2433 2470 2597 2621 2622 2674 2838 2852 2858 2870 2936 2938 2971 3001 3068 3105 3112 3134 3166 3171 3184
9434 : 1292 1497 1683 2437 2524
9436 : 655 1099 1412 1429 1432 1456 1651 1888 2081 2230 2289 2301 2453 2582 2631 2918 3053 3101
9440 : 536 981 1052 1333 1632 1650 1956 2144 2194 2554 2720 2746 2786 2947 2978 3001 3057
9441 : 116
9442 : 2127
9443 : 694 1366 1728 2203 2226 2634 2708
9444 : 2355 2899
9445 : 892 1066 2217
9446 : 329 397 464 492 691 962 1272 1421 1476 2181 2999
9447 : 759 2049 2712
9448 : 981
9449 : 236 1349
9450 : 1148 2049 2144 2410
9451 : 1052 1143 1632 1650 1694 2142 2144 2606 2744
9452 : 3047
9457 : 1099
9458 : 2603
9459 : 2697
9460 : 251
9461 : 2081
9462 : 1700 1862 1891
9463 : 755 1098 1504 1601 1645 1847 1946 2096 2110 2179 2298 2359 2525 2606 2621 2625 2628 2855 2891 2936 3046 3187
9464 : 1171 2582 2884
9465 : 2322
9467 : 679
9468 : 1844
9469 : 58
9470 : 1827 2344 2378 2667
9471 : 695 1462 1959
9472 : 2981
9473 : 2665
9474 : 2572
9475 : 40 1350 2812
9476 : 1165 1179 1347 1664 2605 2716 2876
9477 : 2046 2538 2850
9478 : 1166 1382 2002 2876 3201
9479 : 2850
9480 : 982 1433 1506 1550 1889 1923 2298 2302 2370 2624 2674 2716 2893 2911 2939 2957 2977 3026 3105 3145
9481 : 303 2181 2734 2813 2864 2916 2939 3024 3105
9482 : 1396 1788 2188 2718 3025 3130 3131
9483 : 3011
9484 : 2379
9485 : 1248 1625 2413 3001
9486 : 1854 2945
9487 : 1890
9489 : 2572
9490 : 973 1146 2004 2274 2751 2795 2827 2828 2829 2924 2925 3047
9491 : 867 2827 2841 2924 3116
9493 : 2722
9494 : 1626 2840 2902 3011 3073
9495 : 1680
9496 : 2523
9497 : 1458 2622
9498 : 116 1154 1159 1272 1720 1754 1765 1948 2147 2163 2308 2309 2776 2823 2899 3003 3022 3142
9500 : 2170 2556 3117
9501 : 670
9503 : 2051
9504 : 1698
9505 : 2838
9507 : 2807
9513 : 2218 2988 3055
9514 : 1829
9515 : 1829 2219 2481 3067
9516 : 2219 3055
9518 : 1769
9520 : 1392
9522 : 1741
9525 : 1033 1591 2321 2569
9528 : 1719 1844 1886 3032
9532 : 1654
9534 : 265 655 759 944 1121 1314 1397 1652 1706 1785 1886 1948 2081 2111 2494 2901 2958 3078
9535 : 265 1033 1162 1166 1180 1210 1216 1252 1255 1257 1344 1386 1387 1388 1543 1706 1753 2065 2164 2165 2169 2170 2253 2314 2645 2850 3071 3094 3200
9536 : 3201 3203
9537 : 82 222 644 759 980 1233 1331 1345 1350 1589 1616 1768 2494 2623 2850 2901 2921 3079 3108
9539 : 495 848 1567 2047 2261 2526 2554 2686 3156
9540 : 1829 3026
9542 : 1679 1709 2342
9543 : 3179
9544 : 1747 1828 1854 2376 3039 3082 3128
9545 : 2740 3043
9546 : 2497 2912 2946 3082
9547 : 1484 1928
9549 : 3082
9550 : 2541
9554 : 1752
9555 : 464 1012 1062 1170 1225 1358 1415 1456 1491 1530 1612 1781 1855 1911 2050 2082 2113 2178 2274 2396 2423 2733 2795 2931 3121 3133
9556 : 1135 1681 2492
9557 : 1307 1415 1470 1589 2059
9558 : 3188
9559 : 224 464 595 949 1025 1234 1348 1358 1379 1453 1781 1787 1885 2002 2111 2112 2148 2178 2252 2341 2684 2703 2708 2710 2733 2739 2764 2785 2786 2820 2821 2921 3045 3093 3102 3198
9561 : 1002 1653 2210 2325 2687 2924
9562 : 1062 2687 2856
9563 : 2771 2829
9564 : 1962
9565 : 533 2683 2848
9566 : 2233 2682 3047
9568 : 39 40 46 71 202 252 282 284 322 396 409 585 637 671 675 695 696 698 699 728 731 851 854 944 971 972 980 1003 1010 1012 1032 1033 1034 1046 1066 1071 1083 1087 1108 1110 1160 1161 1163 1168 1170 1173 1179 1194 1195 1225 1236 1238 1247 1252 1264 1274 1290 1304 1307 1308 1309 1315 1325 1347 1348 1365 1380 1386 1388 1391 1393 1394 1408 1410 1412 1427 1428 1432 1439 1441 1456 1458 1459 1463 1467 1469 1472 1482 1484 1486 1487 1489 1502 1505 1506 1507 1515 1516 1518 1519 1523 1525 1526 1533 1534 1542 1543 1544 1571 1589 1591 1604 1605 1611 1626 1627 1647 1651 1652 1653 1657 1664 1665 1671 1676 1677 1680 1682 1685 1692 1695 1697 1698 1699 1708 1710 1712 1719 1721 1741 1744 1745 1747 1749 1750 1752 1753 1754 1755 1767 1774 1827 1829 1844 1845 1853 1878 1885 1891 1892 1902 1910 1923 1927 1931 1937 1938 1939 1957 1959 1960 1977 1988 1989 2002 2004 2016 2017 2035 2054 2064 2065 2080 2083 2091 2092 2095 2097 2105 2113 2126 2137 2151 2152 2153 2168 2169 2188 2189 2195 2201 2211 2218 2219 2228 2247 2274 2277 2288 2297 2305 2308 2311 2314 2317 2318 2319 2321 2342 2344 2353 2357 2358 2365 2370 2371 2372 2375 2376 2377 2378 2379 2380 2390 2398 2423 2424 2439 2452 2470 2481 2485 2486 2497 2498 2500 2501 2516 2519 2522 2526 2535 2536 2541 2542 2560 2561 2567 2571 2581 2582 2596 2604 2618 2622 2623 2624 2626 2629 2632 2667 2668 2669 2681 2682 2697 2700 2711 2730 2740 2741 2747 2749 2750 2764 2786 2794 2798 2811 2812 2819 2829 2833 2838 2840 2841 2845 2849 2850 2859 2860 2865 2867 2868 2878 2882 2892 2894 2918 2919 2920 2924 2928 2941 2943 2947 2948 2950 2951 2954 2955 2959 2984 2988 2989 2999 3002 3012 3015 3016 3021 3025 3028 3048 3049 3050 3059 3064 3067 3068 3070 3071 3072 3076 3078 3080 3082 3087 3089 3090 3103 3112 3121 3127 3128 3129 3131 3134 3136 3137 3144 3147 3153 3181 3183
9569 : 92 1261 1695 2227 2802 2911 3020
9570 : 1180 1368 1411 1721 2245 3147
9571 : 104 144 284 320 322 417 435 440 616 637 670 695 724 822 860 1032 1043 1066 1071 1097 1099 1164 1196 1226 1236 1252 1267 1290 1324 1341 1347 1349 1380 1387 1388 1401 1409 1415 1453 1457 1473 1476 1484 1485 1489 1518 1541 1552 1570 1572 1616 1636 1684 1713 1719 1728 1748 1751 1754 1774 1781 1811 1826 1844 1845 1846 1877 1901 1908 1912 1928 1938 1946 1951 1978 1988 2002 2020 2036 2046 2080 2106 2111 2127 2130 2138 2151 2165 2166 2168 2195 2198 2268 2313 2314 2318 2320 2321 2323 2343 2345 2358 2359 2402 2406 2407 2421 2435 2479 2496 2522 2525 2567 2572 2582 2594 2621 2622 2624 2625 2697 2730 2739 2741 2749 2750 2765 2798 2807 2821 2828 2833 2840 2849 2852 2859 2870 2871 2876 2882 2888 2938 2951 2955 2970 2985 2988 2990 3000 3001 3002 3006 3011 3012 3015 3025 3026 3028 3052 3059 3072 3076 3077 3078 3087 3090 3092 3103 3105 3112 3117 3124 3142 3148 3150 3153 3177 3180 3181 3182 3183
9572 : 3059
9574 : 2373 2418 2649 2722 2907 2922 2940 2987 2993 2998
9575 : 3036
9576 : 464 964 1180 1237 1263 1314 1327 1332 1430 1483 1488 1564 1566 1684 1786 1956 2018 2053 2109 2162 2251 2263 2369 2423 2453 2471 2517 2518 2543 2559 2598 2622 2625 2726 2770 2820 2833 2890 2904 2905 2928 2958 2999 3033 3034 3045 3053 3083 3134 3176
9578 : 320 1135 1172 1237 1252 1327 1334 1354 1430 1488 1548 1564 1587 1684 1785 1937 2018 2053 2220 2251 2263 2273 2423 2453 2492 2518 2598 2616 2625 2726 2747 2848 2856 2905 2916 3033 3034 3053 3113 3176
9580 : 2002
9582 : 95 464 1309 1327 1489 1632 1705 2232 2710 2754
9583 : 605
9584 : 241 1224 1672 1724
9585 : 2051 3023
9586 : 1416
9588 : 3033
9589 : 2483
9591 : 1166 2665 2766 3095
9592 : 1032
9593 : 2625
9594 : 1238 1308 1309 2482 2652
9595 : 2897
9596 : 2957
9597 : 2902
9601 : 40 92 495 950 1282 1341 1384 1394 1470 1609 1613 1829 1847 1879 1978 1989 2042 2150 2203 2263 2572 2670 2787 2835 2897 3113
9602 : 644 1470 1642 1665 1727 1784 2065 2113 2277 2315 2340 2480 2620 2741 2834 2864 2899 3015 3157 3181
9603 : 1308 1354 1394 1915 1956 1960 2125 2196 2453 2568 2697 2698 2746 2969 2973 3085
9604 : 2160 2189 2979 2985 3001 3021 3151
9606 : 2517
9612 : 2535
9617 : 251
9620 : 282 694 696 854 858 860 1035 1117 1210 1264 1308 1400 1416 1425 1433 1475 1516 1827 2035 3192
9621 : 694 799 851 861 964 1117 2035
9625 : 1768
9626 : 3142
9630 : 284 1476 1603 1752 1811 1901 2181 2188 2570 2571 2665 2753 2897 2898 3052 3074 3091 3185
9631 : 1257 1811 1877 1928 2036 2128 2204 2413 2485 2500 2570 2571 2627 2667 2753 3047 3100 3150
9633 : 1856 2204
9637 : 1709
9640 : 3204
9641 : 2153
9643 : 2480
9645 : 595 1288 1445 1591 1646 1652 2097 2310 2480 2808 2843 2971 3022 3145
9646 : 3146
9647 : 3146
9648 : 321 417 891 1353 1445 1487 1726 1889 2210 2486 2810 2925 2951 3076 3090 3092 3182
9649 : 20 93 367 479 533 536 619 693 865 894 963 972 974 1008 1028 1029 1034 1043 1049 1108 1117 1143 1144 1152 1153 1159 1164 1185 1186 1223 1225 1231 1234 1261 1278 1282 1294 1295 1307 1314 1327 1350 1354 1386 1395 1411 1434 1498 1517 1518 1535 1536 1554 1567 1601 1613 1615 1627 1636 1664 1673 1700 1703 1709 1741 1825 1846 1867 1868 1879 1906 1923 1925 1928 1933 2015 2054 2139 2140 2141 2152 2162 2186 2193 2195 2196 2207 2210 2227 2286 2313 2337 2356 2402 2409 2424 2438 2449 2470 2492 2537 2559 2579 2643 2688 2707 2727 2741 2751 2771 2826 2851 2856 2869 2903 2924 2929 2954 2958 2970 2984 2997 3014 3033 3039 3041 3047 3048 3059 3070 3075 3079 3091 3104 3120 3132 3135 3137 3141 3147 3152 3171 3176 3177 3193
9651 : 104 111 276 329 441 605 678 695 796 827 849 850 851 860 861 961 962 964 1049 1099 1108 1143 1145 1159 1163 1164 1206 1215 1226 1282 1334 1400 1435 1439 1468 1474 1475 1489 1506 1534 1543 1548 1564 1570 1592 1605 1609 1613 1623 1626 1642 1646 1665 1682 1686 1695 1738 1754 1774 1785 1808 1834 1846 1886 1916 1925 1928 1929 2019 2034 2051 2111 2127 2130 2167 2170 2179 2186 2207 2215 2218 2262 2324 2344 2359 2402 2454 2482 2500 2623 2624 2643 2652 2683 2699 2708 2716 2726 2751 2777 2828 2829 2838 2866 2871 2897 2905 2907 2912 2927 2940 2944 2979 2991 3014 3015 3016 3020 3030 3047 3053 3056 3070 3078 3104
9652 : 1413 1862 2302 2311 2321 2893 3025 3182 3183
9653 : 3010
9654 : 1199 3179
9655 : 236 417 1099 1161 1381 1385 1413 2202 2233 2302 2401 2718 3025 3117 3150
9657 : 1161 1252 1365 2145 2253 2683
9661 : 2536
9664 : 3196
9665 : 48
9666 : 698 1181 1544 1726 2054 2948 3196
9667 : 698 1544
9669 : 1108
9670 : 1740 2153 3204
9671 : 1194
9672 : 1891
9674 : 1155
9675 : 1155
9676 : 585
9677 : 1003
9678 : 2947
9679 : 796 1594 1614 1853 1886 2716 2904
9680 : 675 860 1226 1307 1659 2198 2300 2317 2739 2856 2874
9681 : 2919 2949 2978 2985
9682 : 677 724 1341 2152 3092 3104
9683 : 2304 2895 2902
9684 : 46 2623 3188
9685 : 185 1721 2627 2720 2890 2911 3011
9691 : 1741
9693 : 2656
9695 : 1345 1365 1394 1543 1616 2804 3071
9698 : 2994
9699 : 2894 2924 2947 2979 2988
9700 : 2899 2979
9701 : 2931
9702 : 2931
9703 : 2924
9704 : 2918
9705 : 2918
9706 : 2896
9707 : 1514 1635 1644 2097 2810 2864 2890 2922 2925 2990
9708 : 278 1725 1901 2189 2305 3125
9709 : 2923
9710 : 144 367 1188 1350 1591 1682 1699 1740 1844 1891 1936 1938 2054 2105 2201 2380 2536 2786
9711 : 1010 1767 1889 2046 2198 2321 2439 2501 2948 3036
9712 : 1524 1614 2940
9713 : 1591
9714 : 1680 3074
9715 : 1398 2227 2871 3014 3077 3157
9716 : 303 675 1611 2176 2390 2568 2794 3004
9717 : 278 441 533 794 1066 1098 1111 1135 1188 1194 1196 1199 1206 1223 1237 1267 1344 1382 1383 1491 1498 1503 1527 1542 1543 1604 1665 1717 1788 1847 1956 1997 2019 2138 2155 2178 2184 2187 2203 2217 2251 2264 2276 2299 2313 2326 2401 2410 2451 2519 2524 2554 2595 2597 2610 2697 2707 2712 2719 2732 2771 2785 2802 2805 2846 2864 2874 2886 2902 2913 2918 2938 2946 2972 2984 2989 2996 3000 3006 3025 3035 3059 3066 3068 3080 3108 3130 3157 3180 3200
9718 : 2894 2955 2985
9719 : 1717 2194
9720 : 2924
9721 : 2920
9722 : 2547 3047
9723 : 2996
9724 : 2932
9726 : 2998
9727 : 2997
9728 : 2996
9731 : 70 103 675 698 1033 1047 1112 1195 1236 1270 1411 1454 1474 1502 1637 1658 1671 1700 1854 1931 2033 2139 2177 2185 2215 2217 2220 2263 2268 2275 2324 2339 2379 2389 2514 2534 2561 2592 2624 2902 2904 2961 2970 3013 3033 3035 3066 3099 3104 3138 3145
9732 : 298 558 1003 1145 1170 1197 1524 1592 1691 1768 2162 2196 2245 2268 2273 2285 2402 2753 2767 2859 2893 3035 3066 3132
9734 : 533 1112 1454 1474 1902 2147 2153 2202 2245 2268 2310 2453 2702 2703 2850 2977 2987 2994 3031 3145
9735 : 298 865 1116 1206 1235 1420 1517 1564 1631 1641 1691 1946 1997 2216 2220 2494 2525 2620 2634 2753 2787 2795 2884 2936 3138
9737 : 1170 1235 1272 1491 1565 1591 1614 1616 1652 1739 1856 2035 2050 2233 2252 2299 2341 2501 2537 2582 2623 2631 2739 2746 2786 2916 2947 3005 3115 3175
9738 : 679 730 1651
9739 : 2233
9740 : 1726 2947
9741 : 2829
9742 : 2523
9743 : 2523
9744 : 1764
9746 : 40 46 71 78 106 144 241 441 492 719 724 796 849 861 891 1052 1084 1153 1154 1159 1165 1179 1272 1273 1333 1346 1354 1385 1394 1398 1453 1454 1469 1475 1488 1497 1504 1506 1540 1550 1591 1615 1619 1620 1623 1625 1641 1642 1649 1650 1651 1664 1674 1710 1717 1722 1741 1742 1744 1786 1788 1826 1828 1845 1852 1853 1862 1874 1879 1908 1924 1928 1930 1933 1957 1960 1974 1975 1978 2030 2034 2046 2093 2095 2130 2145 2146 2186 2194 2198 2200 2202 2217 2219 2220 2249 2253 2263 2273 2301 2314 2316 2324 2356 2372 2388 2400 2421 2433 2453 2470 2482 2496 2513 2534 2543 2567 2569 2579 2584 2596 2609 2631 2665 2670 2679 2684 2688 2697 2709 2718 2733 2734 2749 2807 2810 2817 2827 2833 2847 2855 2862 2884 2893 2901 2912 2916 2921 2927 2943 2947 2966 2970 2986 3005 3010 3013 3014 3015 3018 3020 3032 3037 3046 3052 3059 3065 3071 3075 3076 3078 3085 3090 3092 3095 3096 3098 3106 3112 3117 3128 3131 3132 3134 3139 3141 3152 3153 3163 3166
9747 : 68 71 78 92 104 106 222 252 321 322 329 335 417 435 440 462 464 483 497 536 585 595 615 616 617 630 655 670 675 677 693 694 726 730 755 759 761 796 824 825 849 850 854 855 861 865 867 894 942 944 949 950 964 973 981 1002 1003 1010 1026 1032 1034 1035 1046 1062 1066 1071 1088 1098 1099 1108 1112 1117 1134 1143 1144 1145 1154 1155 1159 1162 1164 1167 1170 1171 1172 1179 1180 1182 1184 1186 1195 1198 1199 1200 1212 1223 1226 1236 1237 1238 1257 1264 1265 1267 1270 1272 1282 1292 1307 1309 1314 1315 1323 1324 1325 1327 1349 1350 1352 1354 1359 1362 1365 1366 1379 1380 1381 1383 1384 1386 1387 1388 1390 1398 1408 1410 1411 1412 1415 1420 1421 1430 1433 1434 1443 1445 1456 1459 1462 1463 1465 1468 1469 1470 1474 1476 1482 1484 1485 1486 1488 1489 1491 1497 1501 1503 1506 1516 1517 1518 1535 1540 1543 1544 1550 1553 1566 1568 1572 1588 1591 1602 1605 1608 1609 1612 1613 1614 1621 1623 1624 1625 1626 1628 1630 1631 1633 1634 1638 1641 1642 1645 1647 1650 1652 1654 1675 1677 1678 1680 1684 1691 1693 1694 1695 1698 1699 1706 1711 1713 1721 1725 1735 1738 1741 1742 1744 1745 1746 1747 1750 1752 1767 1768 1783 1784 1786 1788 1792 1805 1806 1807 1808 1810 1811 1824 1828 1834 1843 1844 1845 1846 1847 1852 1853 1854 1855 1856 1861 1867 1870 1871 1874 1877 1878 1879 1886 1888 1889 1890 1900 1902 1908 1910 1911 1923 1924 1930 1931 1932 1934 1936 1938 1939 1945 1946 1951 1956 1957 1972 1976 1978 1997 1998 2000 2002 2003 2015 2018 2020 2031 2033 2035 2036 2042 2049 2050 2051 2052 2053 2054 2060 2078 2080 2081 2082 2092 2094 2096 2106 2109 2113 2127 2130 2137 2139 2154 2175 2176 2177 2178 2184 2187 2194 2196 2198 2200 2201 2202 2210 2211 2215 2216 2217 2226 2228 2231 2232 2233 2245 2247 2249 2252 2254 2261 2264 2265 2266 2268 2274 2283 2286 2287 2289 2297 2299 2301 2302 2305 2308 2310 2311 2319 2321 2323 2324 2339 2340 2343 2344 2355 2356 2358 2367 2371 2376 2383 2389 2390 2396 2400 2402 2409 2420 2421 2423 2424 2433 2436 2438 2450 2451 2452 2453 2456 2470 2479 2483 2484 2485 2496 2499 2514 2515 2517 2518 2522 2526 2534 2535 2541 2542 2560 2561 2567 2568 2569 2570 2571 2572 2579 2580 2581 2584 2592 2593 2594 2596 2604 2619 2621 2622 2623 2624 2625 2627 2628 2630 2631 2632 2645 2646 2647 2651 2652 2665 2668 2674 2679 2681 2682 2686 2688 2692 2697 2700 2701 2702 2703 2705 2709 2711 2712 2715 2716 2720 2721 2722 2726 2728 2730 2732 2733 2734 2737 2742 2749 2750 2751 2753 2766 2767 2769 2770 2771 2772 2777 2786 2787 2794 2798 2800 2807 2810 2817 2820 2821 2822 2823 2826 2828 2832 2833 2834 2838 2839 2840 2841 2843 2846 2847 2850 2851 2855 2857 2859 2864 2867 2869 2870 2871 2876 2877 2878 2883 2884 2885 2886 2887 2889 2890 2891 2893 2897 2899 2900 2905 2911 2912 2916 2918 2919 2922 2923 2924 2926 2928 2931 2936 2937 2939 2940 2944 2945 2947 2949 2951 2956 2957 2958 2966 2971 2972 2973 2979 2980 2981 2985 2986 2987 2990 2993 2998 3001 3002 3005 3008 3009 3013 3014 3015 3017 3021 3022 3023 3024 3030 3031 3032 3034 3036 3037 3040 3041 3042 3043 3048 3049 3050 3052 3053 3055 3057 3064 3065 3066 3067 3069 3071 3072 3073 3075 3076 3078 3079 3080 3081 3083 3084 3090 3093 3094 3096 3097 3100 3101 3105 3107 3110 3111 3114 3120 3124 3125 3128 3131 3132 3138 3140 3142 3146 3147 3149 3154 3156 3157 3162 3163 3164 3166 3167 3172 3173 3175 3177 3179 3181 3182 3183 3185 3188 3190 3194 3198 3202 3204
9748 : 20 36 39 40 46 48 50 51 52 53 58 59 63 68 69 70 71 77 78 83 84 86 88 89 92 94 95 96 98 99 103 104 105 106 111 112 116 117 118 123 124 136 143 144 146 149 156 163 174 179 180 181 182 185 196 202 203 216 224 231 234 236 239 241 243 245 248 251 252 254 266 267 272 274 276 278 282 284 293 295 298 300 303 310 319 320 321 322 325 329 330 332 334 335 336 345 346 351 354 364 367 380 381 382 391 396 397 400 405 408 409 411 414 417 435 440 441 447 450 462 464 479 482 483 489 491 492 494 495 497 527 531 532 533 535 536 558 584 585 589 590 591 595 596 598 605 615 616 617 618 619 630 637 638 644 646 647 655 661 670 671 674 675 676 677 678 679 691 692 693 694 695 696 697 698 699 708 717 718 719 721 724 726 727 728 730 731 755 756 758 759 761 762 778 794 795 796 799 822 824 825 828 829 847 848 849 851 852 854 855 856 857 858 860 861 862 865 867 877 890 891 892 893 894 895 897 910 937 940 941 942 944 946 947 948 949 950 951 954 962 963 964 971 972 973 974 975 980 981 982 988 990 1001 1002 1003 1006 1008 1010 1012 1013 1014 1015 1017 1023 1024 1025 1026 1028 1029 1030 1031 1032 1033 1034 1035 1043 1045 1046 1048 1049 1051 1052 1062 1065 1066 1067 1069 1071 1072 1083 1086 1087 1088 1098 1099 1103 1108 1109 1110 1111 1112 1113 1114 1115 1116 1117 1134 1135 1143 1144 1145 1146 1147 1148 1152 1154 1155 1157 1159 1160 1161 1162 1163 1164 1165 1166 1167 1168 1169 1170 1171 1172 1173 1179 1180 1181 1182 1183 1184 1185 1186 1188 1194 1195 1196 1197 1198 1199 1204 1205 1206 1209 1210 1212 1213 1214 1215 1216 1223 1224 1225 1226 1230 1231 1232 1233 1234 1235 1236 1237 1238 1243 1248 1249 1251 1252 1253 1254 1255 1257 1258 1259 1260 1261 1263 1264 1265 1267 1270 1271 1272 1273 1274 1278 1279 1280 1281 1282 1285 1286 1288 1290 1292 1294 1295 1299 1304 1305 1306 1307 1308 1314 1315 1316 1323 1324 1325 1326 1327 1331 1332 1333 1334 1339 1341 1344 1345 1346 1347 1348 1349 1350 1351 1352 1353 1354 1358 1359 1362 1363 1364 1365 1366 1368 1369 1379 1380 1381 1382 1383 1384 1385 1386 1387 1388 1389 1390 1391 1392 1393 1394 1395 1396 1397 1398 1399 1400 1401 1402 1403 1404 1408 1409 1410 1411 1412 1413 1415 1416 1417 1420 1421 1423 1424 1425 1427 1428 1429 1430 1431 1432 1433 1434 1435 1438 1439 1440 1441 1443 1444 1445 1453 1454 1455 1456 1457 1458 1459 1460 1462 1463 1464 1465 1467 1468 1469 1470 1471 1472 1473 1474 1476 1482 1483 1484 1485 1486 1487 1488 1491 1494 1495 1496 1497 1498 1501 1502 1503 1504 1505 1506 1507 1514 1515 1516 1517 1518 1519 1523 1524 1525 1526 1527 1528 1529 1530 1531 1533 1534 1535 1536 1540 1541 1542 1543 1544 1548 1549 1550 1551 1552 1553 1554 1563 1564 1565 1566 1567 1568 1569 1570 1571 1572 1576 1577 1584 1586 1587 1588 1589 1590 1591 1592 1593 1594 1595 1599 1601 1602 1603 1604 1605 1608 1609 1610 1611 1612 1613 1614 1615 1616 1617 1618 1619 1622 1623 1624 1625 1626 1627 1628 1630 1631 1632 1633 1634 1635 1636 1637 1638 1641 1642 1643 1644 1645 1646 1647 1649 1650 1651 1652 1653 1654 1656 1657 1658 1659 1663 1664 1665 1668 1669 1671 1672 1673 1674 1675 1676 1677 1678 1679 1680 1681 1682 1683 1684 1685 1686 1691 1692 1693 1694 1695 1696 1697 1698 1699 1700 1703 1705 1706 1708 1709 1710 1711 1712 1713 1714 1717 1718 1719 1720 1721 1722 1723 1724 1725 1726 1727 1728 1735 1738 1739 1740 1741 1742 1743 1744 1745 1746 1747 1748 1749 1750 1751 1752 1753 1754 1755 1764 1765 1766 1767 1768 1769 1770 1771 1774 1775 1781 1783 1784 1785 1786 1787 1788 1792 1805 1806 1807 1808 1809 1810 1811 1818 1824 1825 1826 1827 1828 1829 1833 1834 1836 1837 1843 1844 1845 1846 1847 1852 1853 1854 1855 1856 1858 1859 1860 1861 1862 1867 1868 1869 1870 1871 1873 1874 1875 1877 1878 1879 1882 1884 1885 1886 1887 1888 1889 1890 1891 1892 1900 1901 1902 1905 1906 1907 1908 1909 1910 1911 1912 1915 1916 1917 1921 1922 1924 1925 1926 1927 1928 1929 1930 1931 1932 1933 1934 1935 1936 1937 1938 1939 1945 1946 1947 1948 1951 1956 1957 1958 1959 1960 1961 1962 1964 1969 1972 1973 1974 1975 1976 1977 1978 1988 1989 1991 1997 1998 1999 2000 2001 2002 2003 2004 2015 2016 2017 2018 2019 2020 2030 2031 2032 2033 2034 2035 2036 2042 2046 2047 2048 2049 2050 2051 2052 2053 2054 2059 2060 2061 2062 2064 2065 2076 2077 2078 2080 2081 2082 2083 2084 2087 2091 2092 2093 2094 2095 2096 2097 2105 2106 2108 2109 2110 2111 2112 2113 2114 2123 2125 2127 2129 2130 2133 2134 2135 2137 2138 2139 2140 2141 2142 2144 2145 2146 2147 2148 2150 2151 2152 2153 2154 2155 2158 2160 2161 2162 2163 2164 2165 2166 2167 2168 2169 2170 2173 2174 2175 2176 2177 2178 2179 2180 2181 2184 2185 2186 2187 2188 2189 2194 2195 2196 2197 2198 2200 2201 2202 2203 2204 2207 2208 2209 2210 2211 2215 2216 2217 2218 2219 2220 2221 2226 2227 2228 2229 2230 2231 2232 2233 2245 2246 2247 2248 2249 2250 2251 2252 2253 2254 2261 2262 2263 2264 2265 2266 2267 2268 2271 2272 2273 2274 2275 2276 2277 2283 2284 2285 2286 2288 2289 2291 2292 2295 2297 2298 2299 2300 2301 2302 2303 2304 2305 2306 2307 2308 2309 2310 2311 2312 2313 2314 2315 2316 2317 2318 2319 2320 2321 2322 2323 2324 2325 2326 2327 2337 2338 2339 2340 2341 2342 2343 2344 2345 2353 2354 2355 2356 2357 2358 2359 2360 2365 2366 2367 2368 2369 2370 2371 2372 2373 2375 2376 2377 2378 2379 2380 2383 2387 2388 2389 2390 2395 2396 2397 2398 2400 2401 2402 2406 2408 2409 2413 2420 2421 2423 2424 2433 2434 2435 2436 2437 2438 2439 2440 2446 2447 2449 2450 2451 2452 2453 2454 2455 2456 2457 2458 2469 2470 2471 2477 2479 2480 2481 2482 2483 2484 2485 2486 2487 2488 2490 2492 2493 2494 2495 2496 2497 2498 2499 2500 2501 2502 2508 2513 2514 2515 2516 2517 2518 2519 2521 2522 2523 2524 2525 2526 2527 2533 2534 2535 2536 2537 2538 2539 2540 2541 2542 2543 2544 2545 2546 2547 2549 2554 2555 2556 2557 2559 2560 2561 2566 2567 2568 2569 2570 2571 2572 2579 2580 2581 2582 2584 2586 2587 2592 2593 2594 2595 2596 2597 2598 2599 2601 2603 2604 2605 2606 2608 2609 2610 2616 2617 2618 2619 2620 2621 2622 2623 2624 2625 2626 2627 2628 2629 2630 2631 2632 2633 2634 2642 2643 2644 2645 2646 2648 2649 2650 2652 2653 2656 2657 2661 2664 2665 2666 2667 2668 2669 2670 2674 2679 2680 2681 2682 2683 2684 2685 2686 2687 2691 2692 2695 2696 2697 2698 2699 2700 2701 2702 2703 2704 2705 2706 2707 2708 2709 2710 2711 2712 2714 2715 2716 2717 2718 2719 2720 2721 2722 2723 2726 2727 2728 2730 2732 2733 2734 2735 2737 2738 2739 2740 2741 2742 2746 2747 2749 2750 2751 2752 2753 2754 2758 2759 2762 2764 2765 2766 2767 2768 2769 2770 2771 2772 2776 2777 2779 2780 2783 2784 2785 2786 2787 2794 2795 2797 2798 2799 2800 2801 2802 2803 2804 2805 2806 2807 2808 2809 2810 2811 2812 2813 2816 2817 2819 2820 2821 2822 2823 2826 2827 2828 2829 2831 2832 2833 2834 2835 2836 2837 2838 2839 2841 2842 2843 2845 2846 2847 2848 2849 2850 2851 2852 2855 2856 2857 2858 2859 2860 2862 2863 2864 2865 2866 2867 2868 2869 2870 2871 2873 2874 2876 2877 2878 2880 2881 2882 2883 2884 2885 2886 2887 2888 2889 2890 2891 2892 2893 2894 2895 2896 2897 2898 2899 2900 2901 2902 2903 2905 2906 2907 2909 2911 2912 2913 2914 2915 2916 2918 2919 2920 2921 2922 2923 2924 2925 2926 2927 2928 2929 2930 2931 2932 2934 2936 2937 2938 2939 2940 2941 2943 2944 2945 2946 2947 2948 2949 2950 2951 2953 2954 2955 2956 2957 2958 2959 2961 2962 2963 2966 2967 2968 2969 2970 2971 2972 2977 2978 2979 2980 2981 2984 2985 2986 2987 2988 2989 2990 2991 2993 2994 2996 2997 2998 2999 3000 3001 3002 3003 3004 3005 3006 3008 3009 3010 3011 3012 3013 3014 3015 3016 3018 3020 3021 3022 3023 3024 3025 3026 3027 3028 3029 3030 3031 3032 3033 3034 3035 3036 3037 3038 3039 3040 3041 3042 3044 3045 3046 3047 3048 3049 3050 3051 3052 3053 3054 3055 3056 3057 3058 3059 3060 3064 3065 3066 3067 3068 3069 3070 3071 3072 3074 3075 3076 3077 3078 3080 3081 3082 3083 3084 3085 3086 3087 3088 3089 3090 3091 3092 3093 3094 3095 3096 3097 3098 3099 3100 3101 3102 3103 3104 3105 3106 3107 3108 3110 3111 3112 3114 3115 3116 3117 3118 3119 3120 3121 3124 3125 3127 3128 3129 3130 3131 3132 3133 3134 3135 3136 3137 3138 3139 3140 3141 3142 3144 3145 3146 3147 3148 3149 3150 3151 3152 3153 3154 3156 3157 3158 3160 3161 3162 3163 3164 3165 3166 3167 3170 3171 3172 3173 3174 3175 3177 3178 3179 3180 3181 3182 3183 3184 3185 3187 3188 3189 3190 3191 3192 3193 3195 3196 3197 3198 3199 3200 3201 3202 3203 3204
9750 : 321 329 367 492 585 605 619 724 758 850 891 980 981 1002 1010 1046 1154 1184 1200 1206 1282 1331 1358 1366 1390 1394 1397 1411 1412 1439 1440 1459 1468 1469 1486 1489 1491 1516 1517 1529 1530 1554 1588 1608 1609 1650 1680 1684 1699 1712 1738 1745 1768 1769 1824 1828 1861 1908 1916 1930 1988 2032 2051 2078 2092 2094 2130 2152 2181 2228 2231 2233 2266 2313 2316 2326 2341 2390 2456 2457 2469 2480 2524 2525 2526 2556 2571 2604 2631 2645 2646 2709 2719 2722 2742 2828 2849 2864 2866 2873 2878 2886 2893 2899 2911 2912 2920 2930 2931 2953 2959 2972 2985 2989 3000 3006 3014 3041 3066 3067 3074 3076 3077 3090 3099 3101 3142 3143 3153 3154 3163
9751 : 495 719 1014 1099 1198 1272 1341 1628 1665 1699 1785 1805 2017 2178 2180 2189 2229 2262 2357 2390 2547 2604 2716 2730 2841 2870 2968 3074 3076 3077
9752 : 3165
9753 : 1382 1392
9754 : 724 1674 2035 2064 2956 3144
9755 : 332 533 536 595 867 949 1088 1108 1143 1154 1179 1237 1259 1272 1278 1280 1379 1385 1388 1408 1457 1468 1474 1504 1568 1591 1609 1622 1632 1634 1681 1691 1700 1726 1739 1751 1768 1783 1825 1878 1885 1886 1901 1931 1932 1957 1958 2004 2020 2051 2061 2125 2144 2155 2175 2184 2195 2208 2233 2246 2265 2307 2358 2396 2433 2452 2471 2498 2537 2546 2622 2631 2649 2697 2702 2709 2720 2726 2737 2746 2765 2826 2829 2846 2851 2897 2903 2920 2926 2931 2951 2953 2954 2968 2970 2980 3008 3018 3020 3021 3027 3028 3052 3057 3066 3082 3092 3097 3099 3103 3110 3128 3130 3198
9756 : 1725 1834 2031 2200 2210 2220 2229 2232 2544 2644 2764 2794 2986
9757 : 1116 2288 2390 2470 2709 2728 2737 2900 2912 3004 3077
9758 : 2695
9759 : 616 1088 1502 1595 1664 1684 1834 1905 2167 2170 2232 2261 2317 2324 2450 2455 2457 2559 2592 2665 2667 2709 2890 2916 2927 2932 2968 3111
9760 : 1595 1961 2145 2543 2784 3107
9761 : 1711 2383 2931 2979
9762 : 2383
9763 : 727 1048 1425 1567 1665 1721 1722 1727 1806 1856 1934 1948 2166 2323 2326 2327 2449 2470 2484 2580 2598 2616 2648 2809 2842 2924 2931 2932 3040
9764 : 71 278 441 637 670 824 1003 1049 1099 1134 1169 1421 1425 1433 1454 1458 1488 1550 1551 1568 1572 1589 1626 1647 1809 1844 1869 2016 2139 2150 2184 2194 2262 2276 2424 2450 2517 2535 2560 2592 2594 2644 2666 2702 2709 2808 2810 2840 2851 2858 2893 2919 2921 2931 3066 3116 3117 3136 3160 3164 3188 3195
9765 : 1185 1854 2047 2053 2128 2734 2961 3021 3151
9766 : 677 1014 1143 1211 1591 1620 1727 1844 1854 1929 2216 2253 2846 2900 3132 3198
9767 : 1003 2721
9768 : 2990
9769 : 78 95 111 144 282 322 335 367 409 596 675 719 758 825 942 963 971 1002 1014 1029 1030 1049 1050 1051 1098 1112 1134 1143 1167 1171 1200 1210 1214 1280 1307 1327 1331 1341 1349 1362 1384 1394 1415 1457 1470 1474 1485 1503 1517 1540 1572 1588 1601 1602 1605 1609 1620 1628 1630 1636 1638 1654 1659 1664 1665 1684 1691 1698 1703 1710 1720 1722 1725 1769 1771 1784 1792 1805 1825 1834 1854 1856 1862 1874 1886 1911 1916 1924 1925 1947 1956 1959 2002 2020 2046 2092 2096 2106 2138 2144 2152 2155 2166 2175 2178 2184 2193 2197 2198 2208 2229 2233 2245 2289 2298 2302 2313 2321 2324 2341 2342 2344 2354 2368 2373 2377 2378 2379 2380 2406 2420 2433 2434 2435 2437 2439 2452 2455 2479 2482 2486 2498 2499 2517 2522 2523 2534 2535 2541 2542 2554 2568 2579 2580 2605 2616 2625 2633 2634 2646 2656 2679 2697 2711 2722 2728 2730 2732 2733 2776 2798 2802 2804 2805 2808 2810 2811 2827 2829 2860 2862 2864 2865 2868 2871 2873 2882 2883 2892 2899 2905 2913 2921 2922 2929 2931 2940 2956 2957 2978 2979 2990 2991 2993 2996 3005 3006 3008 3011 3013 3014 3018 3028 3031 3046 3049 3055 3059 3065 3073 3077 3078 3084 3087 3094 3102 3110 3120 3143 3144 3160 3179 3194
9770 : 2167
9771 : 3000
9772 : 78 103 321 616 675 724 1046 1051 1083 1145 1195 1265 1415 1443 1456 1459 1486 1608 1613 1693 1738 1769 1844 1856 1861 1862 1868 1877 1908 1911 1931 2036 2095 2106 2167 2177 2179 2184 2202 2233 2304 2317 2319 2340 2376 2383 2390 2421 2470 2483 2542 2580 2656 2838 2841 2865 2868 2893 2905 2931 3018 3031 3043 3052 3076 3121 3142 3150 3172 3180 3201
9773 : 1692 3015
9774 : 321 940 1706 2192 2667 2810 2834 2850
9775 : 616 1383 2572
9776 : 2283
9777 : 2283
9778 : 533 856 1114 1462 1845 2020 2216 2341 2567 2624 2871 2873 2957 3013
9781 : 46 48 71 78 95 103 116 241 242 243 276 281 303 319 321 329 397 435 441 462 464 495 497 527 533 536 558 585 595 596 598 615 616 655 670 679 718 719 728 755 824 848 854 867 893 940 942 944 950 963 971 980 982 1003 1012 1014 1015 1029 1046 1048 1049 1066 1108 1134 1154 1155 1159 1161 1162 1163 1173 1199 1200 1215 1224 1235 1247 1248 1253 1257 1258 1262 1264 1265 1281 1288 1290 1292 1294 1304 1305 1306 1323 1325 1326 1333 1341 1345 1346 1348 1349 1352 1353 1354 1362 1366 1381 1382 1390 1394 1408 1412 1413 1415 1416 1424 1425 1427 1433 1435 1439 1441 1453 1454 1458 1463 1465 1468 1469 1473 1474 1476 1484 1485 1486 1489 1491 1504 1506 1515 1516 1518 1524 1525 1526 1527 1528 1541 1543 1548 1549 1564 1572 1587 1591 1594 1595 1602 1608 1610 1626 1628 1630 1632 1635 1638 1643 1649 1651 1657 1664 1665 1675 1681 1684 1691 1698 1700 1705 1709 1713 1719 1721 1722 1725 1727 1739 1746 1747 1751 1765 1768 1769 1770 1786 1788 1806 1808 1810 1811 1824 1825 1826 1834 1836 1845 1846 1852 1853 1856 1878 1879 1885 1890 1902 1906 1908 1909 1910 1911 1915 1923 1929 1930 1934 1936 1937 1938 1945 1948 1951 1958 1959 1975 1976 1978 1989 1997 2020 2033 2036 2049 2054 2059 2064 2078 2092 2093 2094 2105 2130 2134 2142 2144 2146 2151 2154 2160 2165 2166 2168 2169 2174 2175 2176 2181 2186 2193 2194 2195 2196 2201 2202 2208 2215 2218 2219 2220 2226 2230 2231 2232 2246 2247 2254 2262 2263 2265 2283 2288 2289 2298 2305 2314 2315 2337 2342 2355 2359 2366 2367 2368 2369 2372 2374 2378 2379 2383 2388 2389 2390 2398 2401 2402 2420 2421 2433 2434 2437 2438 2439 2451 2453 2457 2480 2484 2499 2500 2522 2534 2535 2537 2541 2542 2547 2559 2560 2567 2568 2572 2592 2593 2594 2596 2598 2603 2621 2622 2624 2627 2631 2644 2667 2670 2674 2683 2687 2688 2699 2702 2703 2707 2708 2709 2715 2716 2718 2722 2734 2737 2745 2750 2777 2786 2794 2795 2799 2813 2816 2819 2822 2827 2829 2838 2839 2840 2848 2851 2856 2859 2862 2863 2864 2871 2873 2877 2878 2883 2891 2892 2896 2897 2898 2900 2905 2906 2907 2911 2919 2920 2922 2924 2926 2927 2928 2931 2936 2938 2940 2946 2949 2951 2953 2954 2959 2963 2973 2978 2988 2998 3001 3002 3005 3012 3015 3018 3020 3021 3030 3032 3033 3034 3036 3047 3057 3059 3068 3069 3071 3074 3075 3076 3078 3080 3087 3090 3091 3092 3093 3095 3096 3097 3098 3099 3103 3104 3110 3111 3112 3114 3117 3118 3125 3130 3134 3135 3146 3152 3160 3163 3171 3172 3175 3177 3183 3188 3191 3195 3198 3204
9786 : 2106
9787 : 558 595 2723
9788 : 71 92 95 103 106 321 417 616 619 677 726 755 824 1012 1153 1216 1225 1462 1475 1483 1526 1589 1604 1619 1676 1696 1725 1728 1744 1847 1853 1862 1878 1938 1957 1962 1972 2137 2166 2198 2210 2217 2273 2283 2306 2310 2317 2398 2421 2471 2488 2499 2526 2554 2582 2631 2634 2667 2680 2687 2712 2721 2826 2847 2859 2892 2906 2940 2944 2956 2963 2986 3011 3046 3067 3068 3070 3092 3098 3112 3114 3194 3201
9790 : 675 1014 1028 1145 1264 1295 1550 1602 1710 1810 2035 2208 2727 2931 3104 3164
9791 : 1259 1726 1770 2341 2499 3099
9793 : 2216
9794 : 1741 2127
9796 : 2748 2882
9797 : 2857
9798 : 93 123 243 298 380 464 595 679 796 856 891 1026 1032 1108 1113 1154 1160 1164 1168 1259 1315 1325 1425 1435 1470 1483 1516 1528 1568 1653 1745 1845 1902 2002 2054 2141 2146 2153 2202 2229 2275 2283 2298 2341 2354 2368 2370 2484 2524 2547 2679 2692 2801 2841 2900 2906 2938 2939 2948 2967 2997 3017 3096 3101 3102 3124 3132 3188 3201
9799 : 116 272 531 670 698 972 1099 1194 1212 1235 1295 1309 1347 1359 1382 1417 1463 1467 1489 1516 1527 1571 1603 1654 1681 1752 1824 1829 1891 1906 1974 2019 2035 2053 2197 2274 2340 2354 2358 2380 2398 2421 2470 2471 2518 2572 2584 2606 2632 2681 2692 2705 2826 2856 2864 2870 2888 2906 2916 2931 2939 2945 3004 3014 3026 3032 3035 3036 3069 3074 3107 3118 3124 3187 3201
9800 : 1034 1502 1651 2371 2723 3157
9801 : 1165 1472 2681 2712
9803 : 1267
9804 : 3031
9805 : 2860
9808 : 78 1226 1453 1549 1651 1811 1891 1956 2064 2083 2169 2192 2200 2211 2233 2272 2453 2657 2680 2717 2751 2802 2811 2848 2883 2923 3121
9809 : 1025 2438
9811 : 696
9812 : 2359
9813 : 2913
9815 : 40 48 124 185 224 241 272 278 282 335 380 435 585 619 637 755 794 796 849 854 858 972 1002 1034 1051 1071 1072 1112 1113 1117 1145 1161 1166 1179 1225 1234 1237 1264 1295 1304 1307 1341 1354 1366 1409 1410 1413 1441 1455 1462 1464 1489 1503 1519 1523 1525 1526 1540 1550 1587 1604 1619 1621 1626 1637 1641 1642 1643 1645 1646 1658 1675 1679 1685 1694 1700 1712 1735 1739 1774 1811 1827 1847 1869 1884 1915 1928 1936 1938 1947 1956 1962 1973 1976 2033 2052 2053 2054 2062 2110 2134 2140 2169 2175 2176 2177 2188 2196 2202 2220 2231 2233 2245 2249 2263 2273 2288 2289 2297 2316 2359 2372 2373 2375 2380 2388 2421 2424 2438 2452 2455 2483 2490 2496 2500 2513 2515 2526 2535 2537 2557 2567 2570 2598 2620 2621 2627 2645 2650 2664 2665 2674 2687 2695 2701 2702 2705 2707 2716 2719 2720 2722 2742 2745 2746 2749 2765 2766 2820 2821 2828 2834 2838 2839 2846 2856 2862 2883 2885 2889 2911 2912 2922 2929 2938 2944 2951 2963 2973 2988 2989 2997 3005 3014 3025 3033 3037 3041 3056 3057 3065 3069 3074 3075 3085 3088 3091 3094 3095 3097 3103 3112 3113 3114 3118 3151 3153 3156 3162 3163 3171 3195
9816 : 3142
9817 : 146
9819 : 282 849 1003 1173 1354 1410 1472 1550 1590 1604 1638 1641 1642 1696 1811 1931 1956 1974 2113 2125 2413 2438 2516 2570 2620 2722 2838 2874 2889 3000 3046 3094 3131 3138 3153 3190
9820 : 3025
9821 : 3088
9822 : 1116 1429 2619 2666 2772
9823 : 1116
9824 : 2787
9825 : 1708 1855 1916 2765 3023 3048 3190
9826 : 1433
9830 : 3060
9831 : 2568
9836 : 20 30 40 47 48 63 68 71 78 83 86 89 92 93 94 95 96 99 104 106 111 116 123 146 174 185 202 205 207 208 222 236 241 242 243 251 254 265 276 278 280 282 284 298 300 319 320 321 322 329 347 367 380 396 397 409 417 421 440 441 443 462 464 483 492 495 497 524 527 531 532 533 536 553 555 572 585 593 595 598 605 606 615 616 617 618 619 630 637 642 644 655 670 671 674 675 677 678 683 689 693 694 695 696 698 699 719 724 727 728 730 731 755 758 759 761 767 794 796 799 824 825 828 833 848 849 850 851 854 855 856 857 858 860 861 865 867 887 889 891 893 894 927 940 941 942 944 945 947 949 950 951 955 961 962 964 971 972 973 981 982 986 1001 1003 1006 1007 1008 1010 1013 1014 1025 1026 1028 1029 1032 1033 1034 1035 1043 1044 1045 1046 1047 1048 1049 1051 1052 1062 1066 1067 1071 1072 1083 1084 1087 1088 1097 1098 1099 1108 1109 1110 1112 1113 1116 1117 1119 1121 1132 1134 1135 1143 1145 1146 1147 1148 1152 1153 1154 1155 1158 1159 1160 1161 1162 1163 1165 1166 1167 1168 1169 1170 1171 1172 1173 1180 1181 1182 1185 1186 1188 1194 1196 1197 1199 1200 1206 1210 1211 1214 1216 1223 1225 1226 1233 1234 1235 1236 1237 1238 1247 1248 1252 1253 1254 1255 1257 1258 1259 1260 1261 1262 1264 1265 1266 1271 1272 1273 1279 1280 1281 1282 1288 1290 1292 1294 1307 1308 1315 1324 1325 1326 1327 1331 1334 1339 1340 1341 1346 1347 1348 1349 1350 1351 1352 1354 1358 1359 1362 1363 1365 1366 1368 1369 1373 1379 1380 1381 1382 1384 1385 1386 1387 1388 1389 1390 1391 1392 1393 1394 1395 1396 1398 1399 1400 1401 1402 1403 1404 1408 1409 1410 1411 1412 1413 1415 1416 1417 1420 1421 1423 1424 1425 1426 1427 1428 1429 1430 1432 1433 1434 1435 1438 1439 1440 1441 1445 1453 1454 1455 1456 1457 1458 1460 1462 1463 1464 1465 1467 1468 1469 1470 1471 1474 1475 1476 1482 1483 1484 1486 1487 1489 1491 1497 1501 1502 1503 1504 1505 1506 1514 1516 1517 1518 1519 1523 1524 1525 1526 1527 1529 1530 1533 1534 1535 1536 1540 1541 1543 1544 1545 1548 1549 1550 1552 1553 1554 1563 1565 1566 1567 1568 1571 1572 1586 1587 1588 1589 1590 1591 1592 1593 1595 1601 1602 1603 1604 1605 1608 1609 1610 1613 1614 1615 1619 1620 1622 1623 1625 1626 1627 1629 1630 1631 1632 1634 1635 1637 1638 1641 1642 1643 1644 1645 1646 1647 1649 1651 1652 1653 1657 1664 1665 1671 1673 1674 1676 1677 1678 1680 1681 1683 1684 1685 1691 1692 1695 1697 1698 1699 1700 1703 1705 1706 1707 1710 1711 1712 1713 1717 1721 1722 1724 1725 1726 1727 1728 1734 1735 1738 1739 1740 1741 1742 1743 1744 1747 1748 1749 1750 1751 1752 1754 1764 1765 1767 1768 1769 1770 1771 1774 1781 1782 1783 1784 1786 1788 1792 1796 1805 1806 1807 1808 1809 1810 1811 1824 1825 1826 1827 1829 1834 1835 1836 1844 1846 1847 1852 1853 1854 1855 1856 1858 1859 1862 1867 1868 1869 1870 1871 1874 1875 1877 1878 1879 1880 1884 1885 1886 1887 1888 1889 1890 1891 1892 1900 1901 1902 1906 1907 1908 1909 1911 1912 1916 1923 1924 1925 1926 1928 1930 1931 1932 1933 1934 1935 1936 1938 1939 1945 1946 1947 1948 1951 1952 1956 1957 1959 1960 1961 1962 1965 1967 1972 1973 1974 1975 1976 1977 1978 1988 1989 1997 1998 1999 2000 2001 2002 2003 2004 2015 2016 2017 2019 2020 2021 2030 2031 2032 2033 2034 2035 2036 2046 2049 2050 2051 2052 2053 2054 2055 2059 2060 2061 2062 2064 2065 2076 2080 2081 2082 2083 2086 2091 2092 2093 2094 2095 2096 2097 2105 2106 2108 2109 2110 2111 2112 2113 2120 2125 2126 2127 2128 2130 2134 2135 2137 2138 2140 2141 2142 2144 2145 2146 2147 2148 2150 2152 2153 2154 2155 2160 2163 2164 2165 2166 2167 2169 2170 2174 2175 2176 2177 2178 2179 2180 2181 2184 2185 2186 2187 2188 2189 2192 2193 2194 2195 2196 2197 2198 2200 2201 2202 2203 2204 2207 2208 2209 2210 2211 2214 2215 2216 2217 2219 2220 2221 2226 2227 2228 2230 2231 2232 2233 2245 2246 2247 2249 2251 2252 2253 2254 2261 2263 2264 2265 2266 2267 2273 2274 2275 2277 2283 2285 2286 2287 2289 2297 2298 2301 2302 2304 2305 2306 2308 2309 2310 2312 2313 2314 2315 2317 2319 2320 2321 2322 2323 2324 2326 2327 2339 2340 2341 2342 2343 2344 2345 2353 2354 2356 2357 2358 2359 2366 2367 2368 2369 2370 2371 2372 2373 2374 2375 2376 2377 2378 2379 2380 2383 2387 2388 2389 2390 2396 2398 2401 2402 2407 2413 2420 2421 2423 2424 2428 2432 2433 2434 2435 2436 2437 2438 2449 2450 2451 2452 2453 2454 2455 2456 2469 2470 2471 2479 2480 2482 2483 2484 2485 2486 2487 2488 2490 2491 2493 2494 2495 2496 2498 2499 2500 2501 2513 2514 2515 2516 2517 2518 2519 2522 2523 2524 2525 2526 2527 2534 2535 2536 2537 2538 2541 2542 2543 2544 2545 2546 2547 2554 2555 2556 2557 2558 2559 2561 2567 2568 2569 2570 2571 2572 2579 2580 2581 2582 2584 2586 2592 2594 2595 2598 2599 2603 2604 2605 2606 2609 2610 2614 2616 2618 2619 2620 2621 2622 2623 2624 2625 2626 2627 2628 2629 2631 2632 2633 2634 2643 2644 2645 2646 2648 2649 2650 2651 2652 2654 2656 2658 2660 2661 2664 2665 2666 2668 2669 2670 2674 2679 2680 2681 2682 2683 2684 2685 2686 2687 2688 2691 2692 2697 2698 2699 2700 2701 2702 2703 2704 2705 2706 2707 2709 2710 2711 2715 2716 2717 2718 2719 2720 2721 2722 2723 2726 2728 2730 2733 2734 2737 2738 2739 2740 2741 2742 2744 2746 2748 2749 2750 2751 2753 2754 2764 2765 2766 2767 2768 2769 2770 2771 2777 2781 2782 2784 2785 2786 2787 2794 2795 2797 2798 2799 2802 2803 2805 2806 2807 2809 2810 2811 2812 2815 2816 2817 2819 2820 2821 2822 2823 2824 2826 2828 2829 2830 2832 2833 2834 2835 2836 2837 2838 2839 2840 2842 2843 2844 2845 2846 2847 2848 2849 2850 2851 2852 2855 2856 2857 2858 2860 2862 2863 2864 2865 2866 2868 2869 2870 2871 2873 2876 2878 2881 2882 2883 2884 2885 2886 2887 2888 2889 2890 2891 2892 2893 2894 2895 2896 2897 2898 2899 2900 2902 2903 2904 2905 2906 2907 2910 2911 2912 2913 2915 2916 2918 2919 2920 2921 2922 2923 2924 2925 2927 2928 2929 2930 2931 2936 2937 2938 2939 2940 2943 2944 2945 2946 2947 2948 2949 2950 2951 2953 2954 2955 2956 2959 2961 2964 2966 2968 2969 2970 2971 2972 2973 2977 2979 2980 2981 2984 2985 2986 2987 2988 2989 2990 2991 2993 2994 2996 2998 2999 3001 3002 3005 3008 3010 3011 3013 3014 3015 3016 3018 3020 3021 3022 3023 3024 3025 3026 3027 3028 3029 3030 3031 3032 3033 3034 3035 3036 3037 3038 3039 3040 3041 3042 3045 3046 3047 3049 3050 3052 3053 3054 3055 3056 3057 3059 3060 3064 3066 3067 3068 3069 3070 3071 3072 3074 3075 3076 3077 3078 3080 3081 3082 3083 3084 3085 3086 3087 3088 3089 3090 3091 3092 3093 3094 3095 3096 3097 3098 3099 3100 3101 3103 3104 3105 3106 3108 3110 3111 3112 3113 3114 3115 3116 3117 3118 3119 3120 3121 3124 3125 3127 3128 3129 3130 3132 3134 3135 3136 3137 3138 3139 3140 3141 3142 3144 3145 3146 3147 3148 3149 3150 3152 3153 3154 3156 3157 3158 3160 3162 3163 3165 3170 3171 3173 3174 3175 3176 3177 3178 3179 3180 3181 3182 3183 3185 3188 3189 3190 3191 3192 3193 3195 3196 3197 3198 3199 3200 3201 3202 3203 3204
9838 : 1810 2305 2906
9841 : 2233
9843 : 696 1025 1045 1051 1160 1215 1397 1421 1424 1609 1665 1706 2082 2134 2144 2268 2482 2524 2580 2656 2666 2733 2771 2772 2800 2873 2899 2946 2956 3005 3027
9845 : 3057
9847 : 2033
9848 : 2286 2555
9849 : 1353
9850 : 2556
9856 : 1929
9860 : 321 958 1939 2245 2906 2931 3157
9861 : 1029 1083 1196 1365 1530 1684 1769 2274 2452 2695 2848 3117 3121 3157
9863 : 1653 1699 1962 2016 2307 2343 2728 2843 2951 3031
9864 : 1462 1847 3011
9865 : 2367 2708 3111
9866 : 942
9867 : 146 1046 1362 1781 2181 2198 2316 2899 2941 3076 3130
9868 : 367 441 1295 1717 1805 1925 2287 2753
9869 : 1295 1723
9870 : 1595
9871 : 1925 2523 2949
9873 : 1788 3028
9875 : 2925
9877 : 1711
9878 : 1713 1770 3087
9879 : 278 755 860 861 1154 1315 1326 1464 1517 1552 1632 1650 1765 1886 1924 1936 1956 2050 2051 2137 2146 2208 2319 2359 2375 2452 2496 2498 2596 2604 2828 2858 2887 2955 2963 2968 2984 3082 3092 3151
9880 : 3092
9881 : 1926 2721 2809 2919 3082
9883 : 2092
9884 : 2470
9885 : 2883
9886 : 1563
9887 : 2471
9889 : 329 724 1398 1409 1412 1415 1470 1476 1485 1628 1806 1868 2302 2315 2623 2644 2705 2734 2907 2951 3204
9890 : 46 1252 1469 1507 1519 3150
9893 : 396 464 1033 1264 1463 1890 2582 2889
9894 : 1197
9895 : 671 2113 2625 3027
9896 : 1181
9897 : 1143
9898 : 2989
9899 : 1752 1878 2657
9900 : 1925 1972 2922 2928 3056 3102
9901 : 1108
9902 : 1108
9903 : 825 1443 2845
9904 : 2988
9905 : 1711
9906 : 1703
9907 : 2816 3083
9908 : 2626 2860 2927 3119
9909 : 1165 1750 2186 2245 2262 2321 2828 2876 3017 3111 3132
9910 : 2897
9912 : 104 605 971 1890 1892 2046 2059 2688 2749
9914 : 2623
9915 : 2180
9916 : 462 1099
9917 : 103 1099 1382 1591 1889 1945 2584 2985 3100 3132
9918 : 1443
9919 : 1845 3172
9920 : 2817 2833 2944 3026 3129 3137 3148 3173
9921 : 1475 2198 3173
9922 : 95 1956
9923 : 1764
9924 : 146 964
9925 : 2112
9926 : 284 1188 1267 1433 1636 1652 1692 1890 3002 3076 3097 3182 3183
9927 : 1315 1591 1641 1852 2130 3034
9928 : 1159 3025
9929 : 1173 2130
9930 : 848 1381 1525 1679 1876 2210 2354 2355 3077
9931 : 615 759 1113 1180 1261 1350 1390 1395 1423 1473 1664 1707 1916 2203 2354 2355 2437 2695 3081 3138
9932 : 1855 1885 1911 1939 1989
9933 : 1047 1109 1358 1565 1681 1722 1876 1885 2152 2155 2274 2354 2437 2695 2804 3014 3077 3121
9934 : 1180 1681 1753 2931 3057 3115 3172
9936 : 1486 1947 2019 2253 2276 2905
9937 : 1525 2409 2957 3077 3121 3172
9938 : 1003 1696 1829
9939 : 2145
9940 : 224 1161 1458 1665 1787 1989 2342 2603 3025 3077 3087 3146
9941 : 972 1695 2746 2864
9942 : 2769 2986 3156
9943 : 2420
9944 : 1259
9945 : 93 1135 1188 1324 1684 2421 2423
9946 : 1160 2059 2306 2657 2812 2903 3080 3202
9947 : 1647 2264 2786 2897
9948 : 224 1166 1324 1671 2264 2339 3015
9949 : 144 405 630 982 1066 1160 1162 1163 1167 1237 1272 1358 1602 1621 2112 2372 2423 2453 2517 2534 2625 2717 3184
9950 : 982 1135 1167 1385 2684
9951 : 1033 1179 1188 1216 1305 1464 1496 1727 1781 1824 2053 2091 2112 2264 2645 3187
9952 : 1781
9954 : 144 695 1066 1234 1516 1743 1907 2535 3032 3036 3101
9955 : 144 329 696 2436 2633 3021 3111 3158
9956 : 696 1035 2105 3036
9957 : 695 1181 1544 2633 2849 2912
9958 : 1290
9960 : 3074
9961 : 2849
9962 : 1610
9963 : 3152
9964 : 2189 2885
9965 : 2193
9966 : 2093
9967 : 1672 1909
9968 : 2377
9969 : 2193
9970 : 1234
9972 : 2196
9973 : 2059 2857 2953 3095
9974 : 2954
9976 : 2233
9977 : 2265 2701
9978 : 727 1162 2052 2060 2112 2227 2353
9979 : 1455 2189 2263 2359 3101 3153
9980 : 441 1134 1164 1673 1751 1884 2651 2941
9981 : 1046 1166 1435 1717 2631 2851
9982 : 849 1072 1115 1170 1324 1415 1457 1504 1676 1845 1847 1934 1936 1939 2032 2053 2177 2216 2254 2273 2316 2369 2388 2390 2451 2453 2483 2484 2556 2722 2739 2767 2832 2836 2846 2856 2886 2889 2922 2953 2954 2987 3032 3040 3041 3042 3057 3081 3086 3095 3096 3124 3163
9983 : 944 1936 1939 2032 2215 2216 2388 2396 2413 2451 2455 2722 2739 2832 2839 2856 2889 2926 2968 3009 3041 3042 3065 3113 3163
9986 : 3066 3185
9987 : 1385
9988 : 671 1159 1341 2317 2962
9991 : 537 1497 1974 1975 2201 2286 2648
9992 : 1170 1935
9995 : 1707 2249 2283 2925
9998 : 2001
9999 : 1623
10000 : 1888 1910 2047 2695
10002 : 2695
10004 : 849 2846
10005 : 616 1623 2580
10008 : 2082
10009 : 1487
10010 : 1525 3203
10013 : 2483
10014 : 63
10015 : 116 1349 1550 1742 1862
10016 : 1410
10019 : 71 1294
10020 : 2919
10021 : 2921 2930 2957 2990
10022 : 2921 2971
10023 : 2957 2971
10024 : 2907 2939
10026 : 1711 2354
10027 : 1810 2483
10028 : 1416
10029 : 854 949 1196 1425 1497 1644 1784 2994 3014 3049
10030 : 1362 1693 2263
10031 : 1722
10032 : 1365 2606 2692
10033 : 1333 1363 1441 1635 1783 1858 1946 2487
10034 : 1052
10035 : 616
10037 : 282
10038 : 2233
10039 : 2895 2929 2938 2949 2966 2987 2997
10044 : 1427 2399 2751
10047 : 48
10050 : 2928
10056 : 1517 1677 1706 2060 2188
10057 : 1304 1472 1518 1550 2680
10058 : 2233 3142
10060 : 1385
10061 : 724
10062 : 1997 2230 2499 2519 2730 3013
10065 : 1290 1505 1665 2097 2356 2368 2842
10066 : 1680
10068 : 2856
10070 : 1874 1910 1998 2000 2838 3112 3125
10071 : 796
10073 : 40 103 104 252 282 320 380 397 479 755 799 848 849 855 858 860 1012 1046 1051 1084 1145 1155 1169 1173 1210 1213 1223 1238 1264 1274 1282 1295 1309 1334 1350 1385 1411 1413 1425 1443 1469 1488 1501 1514 1517 1525 1529 1588 1609 1633 1635 1637 1642 1691 1708 1713 1721 1741 1744 1805 1843 1868 1869 1886 1889 1891 1908 1946 1958 1975 2003 2018 2030 2031 2076 2145 2146 2150 2153 2177 2184 2189 2194 2197 2217 2226 2229 2249 2252 2262 2263 2265 2283 2287 2344 2353 2355 2368 2369 2370 2409 2457 2479 2480 2490 2494 2547 2567 2568 2570 2596 2598 2623 2632 2645 2667 2682 2692 2707 2714 2720 2723 2745 2747 2749 2776 2794 2801 2806 2827 2839 2856 2866 2874 2884 2903 2905 2912 2922 2936 2957 2963 2987 2997 3003 3013 3015 3020 3021 3026 3028 3033 3041 3064 3086 3094 3098 3100 3111 3114 3115 3127 3132 3153 3166 3175 3199
10074 : 3131
10076 : 251 483 492 605 618 867 982 1143 1152 1181 1398 1426 1432 1589 1591 1626 1691 1768 1787 1847 1874 1989 2083 2094 2167 2177 2178 2184 2194 2218 2265 2289 2341 2497 2527 2560 2632 2651 2768 2827 2850 2899 2939 2941 2956 3006 3105 3142
10077 : 1083 2036 2937 3193
10079 : 655 867 891 1200 1213 1358 1365 1379 1426 1474 1482 1543 1614 1625 1693 1774 1861 1879 1932 2002 2030 2032 2046 2051 2082 2233 2254 2289 2299 2470 2527 2634 2651 2667 2705 2720 2721 2722 2794 2810 2815 2887 2931 2941 2956 2957 2958 3002 3006 3066 3071 3103 3116 3142 3199
10080 : 1334 2786
10081 : 1621 2486 2786
10082 : 1010 1681 2501 3192 3196
10083 : 96 857 892 942 1236 1295 1514 1526 1811 1888 1902 1962 2144 2166 2289 2370 2646 2687 2688 2767 2786 2821 2832 2838
10084 : 2262 2718 2916 3131
10085 : 1719
10086 : 1083 1738 3087
10088 : 1621
10089 : 1621
10091 : 3176
10095 : 2572 2951 3091
10096 : 1459 2148 2938
10098 : 1307 2622
10099 : 2046
10100 : 1491
10101 : 2050 2110 2231
10102 : 670
10103 : 1188
10104 : 1652
10105 : 2621
10106 : 2619
10107 : 1224 2919
10108 : 3088
10109 : 1272 2996
10110 : 278 1154 2248
10111 : 2175
10112 : 2979
10114 : 1200
10115 : 2499
10116 : 3068
10118 : 730
10119 : 1264
10120 : 1379
10121 : 2628
10123 : 2247 2359 2433 2943
10124 : 116
10125 : 58 278 531 867 1035 1048 1098 1143 1171 1264 1274 1347 1385 1462 1517 1526 1591 1594 1633 1651 1680 1711 1792 1805 1810 1845 1902 1907 1911 1929 1934 2095 2140 2163 2202 2254 2277 2288 2297 2318 2344 2358 2365 2369 2484 2517 2526 2535 2561 2595 2598 2644 2656 2668 2681 2709 2720 2777 2817 2838 2840 2849 2858 2882 2891 2922 2931 2957 2967 2979 2986 2998 3050 3052 3057 3072 3088 3089 3101 3146 3153 3157 3166 3203
10127 : 462
10128 : 1066
10129 : 1381 1382 1384 1391 1771 2153 2407 3130
10131 : 1389
10132 : 3195
10134 : 440 1066 1408 1552 1754 1860 1885 1939 1951 1960 2274 2717 2734 2795 2842 2846 3147 3173
10135 : 1595
10136 : 1470 2082 2479 3150
10137 : 1253
10138 : 2921
10140 : 616 1381 1445 1553 1625 1769 1892 2106 2188 2317 2327 2734 2764 2795 2913 2931
10141 : 981 1453 1742 2876 3087
10142 : 1703 2017 3146
10144 : 2890
10145 : 278
10146 : 3190
10147 : 1847 1961 2052 2177 3156
10148 : 2106 2931
10149 : 2696
10150 : 531
10151 : 1595
10152 : 1782 2413
10153 : 1650
10154 : 1847
10155 : 2893
10157 : 1194 1489 2383
10158 : 2902
10159 : 1846
10165 : 1527
10166 : 1112
10168 : 319 1380 1469 1939 2871 2931
10169 : 824 1567
10170 : 103 940 1143 1566 1603 1870 1888 2035 2076 2216 2261 2326 2380 2388 2596 2649 2720 2734 2924
10171 : 3131
10172 : 2080 2216 2276 2926 3084
10173 : 1650 2870
10174 : 693 2686
10175 : 2723
10176 : 1469
10179 : 1630 1694 2547 3086
10180 : 2175
10181 : 531 655 675 1279 1295 1665 1682 1808 1853 2538 2623 2625 2648 2905 3069
10182 : 2160 2732 3141
10183 : 1975
10184 : 40 1164 1409 1432 1680 1741 1805 1810 1892 1901 1974 2146 2153 2219 2481 2809 3037 3048
10188 : 694 963 1956 2219 2628 3102 3201
10189 : 1593
10191 : 1946 2696
10192 : 1769 1930 2046
10193 : 2684
10194 : 1349 1720 1862 1889 2304 2810
10195 : 68 69 1604 1654 1862 1902 2317 2634
10197 : 1145 1413 1766 2215 2275
10199 : 2002 2777
10200 : 1725
10201 : 2627
10203 : 1379 1454 1738 2047
10204 : 321 1379 1564 1614 2866
10205 : 321
10206 : 1307
10207 : 2060
10208 : 1700
10209 : 1612
10210 : 464
10211 : 1417
10212 : 2594
10215 : 1827
10216 : 1854
10217 : 440 1907 2424 3078
10218 : 851 1154 1194 1393 2050 2396
10220 : 2233
10221 : 1684 1738
10222 : 1099
10223 : 1718
10224 : 2164
10226 : 3011
10227 : 865
10229 : 1636 2741 3136
10230 : 1726
10231 : 1498 3053
10232 : 1726
10234 : 1623
10235 : 1390 1456 2168 2233 2252 2534 3097 3164
10236 : 2233
10237 : 1432
10238 : 619 1200 1409 1506 2379 2916 3001
10239 : 2652 3116
10241 : 1272
10242 : 298 321 322 462 527 698 719 796 848 942 990 1331 1415 1427 1530 1647 1681 1691 1695 1700 1706 1741 1784 1786 1879 1926 1972 1998 2139 2152 2216 2233 2455 2543 2605 2742 2771 2827 2832 2878 3033 3097 3116
10243 : 972 1264 1936 2198 2710 2949 2957
10244 : 2390 2799 3175
10245 : 2816
10246 : 440 531 1475 1696 1905 2799 2846 2923 3138 3167 3175
10248 : 243 254 462 531 963 981 982 1066 1145 1160 1236 1290 1344 1350 1412 1455 1482 1491 1527 1548 1588 1638 1665 1681 1693 1703 1745 1905 1946 1975 2184 2197 2218 2247 2344 2354 2420 2450 2497 2517 2522 2582 2727 3004 3049 3090 3102 3139 3202
10249 : 1528 1707 1906 2402 2568 2595 2800 2828 2837 2866 2878 2925 2927 3196
10251 : 2230 2308 2398 2753
10252 : 3182
10253 : 1769
10254 : 2572
10255 : 675
10256 : 320 2484 2931
10259 : 1098
10260 : 1409 1652 2699
10261 : 691 695 848 963 1071 1365 1412 1526 1693 1908 2140 2308 2500 2567 2579 2645 2669 2887 3012 3048 3067
10262 : 2815
10265 : 48 69 78 95 202 254 265 272 298 321 329 396 409 440 462 464 531 595 679 699 719 730 759 855 858 861 894 940 952 972 980 990 1028 1051 1062 1098 1099 1122 1147 1153 1161 1165 1173 1179 1183 1188 1210 1212 1213 1216 1223 1233 1234 1235 1262 1272 1295 1307 1308 1327 1341 1358 1359 1362 1365 1381 1389 1400 1402 1411 1440 1453 1456 1467 1482 1483 1501 1505 1506 1515 1519 1523 1527 1534 1536 1543 1563 1572 1589 1595 1601 1608 1620 1623 1626 1627 1629 1637 1646 1651 1652 1665 1676 1677 1684 1695 1705 1708 1722 1724 1725 1735 1738 1740 1745 1750 1753 1767 1769 1784 1810 1834 1854 1861 1870 1879 1887 1925 1931 1932 1948 1957 1958 1975 1976 1977 1978 1989 1999 2003 2020 2051 2053 2060 2061 2081 2082 2092 2095 2111 2113 2137 2138 2146 2151 2152 2163 2166 2168 2176 2198 2217 2218 2229 2249 2261 2272 2274 2283 2289 2300 2308 2310 2314 2317 2318 2320 2324 2339 2340 2355 2358 2359 2374 2388 2395 2396 2400 2402 2421 2423 2447 2470 2471 2484 2499 2525 2536 2537 2561 2569 2581 2621 2625 2631 2644 2648 2652 2656 2664 2683 2684 2703 2707 2710 2726 2730 2733 2767 2777 2786 2787 2809 2812 2833 2835 2846 2851 2857 2865 2868 2873 2876 2886 2892 2893 2914 2923 2937 2939 2941 2953 2954 2956 2966 2968 2970 2977 2978 2981 2988 2997 2998 3004 3011 3012 3024 3031 3036 3056 3070 3071 3073 3075 3076 3077 3080 3082 3088 3090 3103 3117 3121 3127 3128 3152 3157 3176 3182 3198 3199 3201 3203
10267 : 123 243 252 282 303 332 367 380 396 417 464 483 497 536 605 637 675 696 755 849 857 861 867 944 951 964 972 1002 1003 1029 1049 1067 1083 1108 1109 1152 1162 1168 1170 1171 1184 1185 1194 1206 1235 1236 1263 1293 1307 1308 1309 1315 1323 1327 1348 1362 1363 1365 1381 1386 1387 1403 1421 1423 1432 1454 1456 1457 1474 1482 1484 1516 1525 1526 1533 1543 1544 1551 1554 1565 1566 1570 1572 1608 1612 1619 1620 1626 1631 1645 1650 1664 1665 1671 1684 1706 1707 1709 1717 1721 1723 1728 1751 1765 1787 1807 1808 1809 1829 1834 1835 1844 1846 1852 1853 1855 1868 1870 1874 1875 1877 1916 1928 1929 1930 1931 1932 1938 1939 1947 1951 1959 1962 1976 1988 2015 2017 2019 2033 2035 2082 2092 2096 2106 2112 2114 2137 2141 2145 2151 2153 2160 2167 2176 2188 2196 2202 2209 2210 2211 2217 2233 2245 2247 2254 2261 2268 2274 2276 2285 2301 2313 2320 2322 2341 2344 2354 2359 2371 2372 2373 2376 2389 2396 2400 2401 2421 2424 2437 2451 2470 2471 2483 2494 2542 2558 2559 2561 2579 2581 2584 2598 2624 2631 2633 2648 2649 2652 2667 2697 2711 2718 2726 2739 2746 2751 2753 2765 2767 2777 2779 2784 2786 2794 2808 2820 2826 2828 2829 2835 2838 2841 2846 2848 2849 2851 2860 2864 2865 2867 2869 2873 2888 2891 2892 2894 2895 2902 2905 2918 2920 2928 2936 2944 2946 2948 2970 2971 2978 2981 2989 2990 3002 3004 3008 3016 3031 3033 3036 3056 3058 3069 3070 3072 3075 3077 3082 3087 3089 3099 3101 3104 3105 3109 3114 3115 3116 3119 3121 3124 3130 3132 3145 3154 3156 3157 3165 3171 3176 3200
10268 : 70 585 615 759 1002 1172 1252 1282 1348 1366 1393 1427 1430 1465 1470 1534 1608 1620 1636 1672 1710 1727 1754 1767 1782 1785 1805 1811 1928 2061 2092 2127 2167 2186 2192 2232 2254 2261 2318 2324 2343 2390 2451 2453 2481 2484 2518 2610 2722 2727 2739 2808 2833 2843 2880 2901 2939 3052 3077 3095 3099 3104 3131 3133 3135 3148 3149 3203
10269 : 1703 2750
10270 : 321 1172 1341 1595 2469 2711 2721 2979 2996 3080
10272 : 1010 1033 1071 1160 1162 1165 1188 1194 1257 1281 1307 1389 1410 1464 1486 1506 1526 1602 1603 1642 1651 1664 1671 1680 1695 1698 1703 1738 1746 1747 1827 1829 1844 1908 1912 1937 1938 1939 1960 1974 1978 2002 2003 2020 2035 2054 2105 2151 2167 2198 2219 2307 2320 2324 2357 2358 2377 2398 2424 2514 2535 2594 2604 2622 2629 2645 2716 2811 2841 2873 2876 2878 2887 2951 2959 2985 2990 3012 3024 3025 3072 3088 3092 3127 3158
10273 : 300 322 698 1010 1043 1071 1194 1264 1366 1454 1471 1519 1530 1604 1647 1735 1753 1844 1908 2020 2035 2046 2054 2219 2358 2372 2379 2572 2621 2634 2645 2652 2710 2717 2817 2833 2878 2951 3011 3087 3158
10274 : 693 940 941 1144 1181 1211 1292 1350 1363 1398 1409 1424 1456 1469 1503 1523 1544 1649 1691 1708 1744 1782 1855 1891 1961 1997 2032 2051 2142 2196 2217 2261 2274 2365 2377 2421 2434 2471 2500 2561 2580 2625 2648 2699 2722 2747 2753 2767 2832 2847 2856 2877 2904 2947 2954 3002 3005 3013 3033 3041 3077 3087 3095 3100 3117 3120 3129 3135 3141 3147 3156 3164
10275 : 58 320 335 558 585 637 691 827 855 856 865 893 961 972 1010 1014 1034 1047 1050 1115 1135 1144 1164 1188 1200 1214 1231 1255 1260 1278 1281 1282 1290 1323 1333 1334 1341 1401 1409 1411 1415 1427 1430 1433 1454 1468 1505 1525 1526 1534 1542 1564 1571 1609 1615 1623 1641 1649 1653 1657 1664 1674 1700 1705 1706 1711 1727 1738 1767 1785 1805 1852 1853 1854 1860 1891 1908 1909 1923 1931 1932 1936 1939 1948 1956 1957 1960 1972 1973 1988 2033 2062 2111 2134 2142 2163 2166 2174 2188 2214 2216 2233 2246 2252 2275 2343 2344 2354 2375 2401 2408 2420 2421 2424 2437 2438 2439 2481 2498 2501 2514 2516 2517 2518 2519 2523 2524 2544 2561 2582 2620 2621 2622 2625 2646 2657 2665 2682 2695 2697 2698 2701 2716 2720 2721 2727 2740 2744 2746 2749 2771 2777 2786 2827 2828 2829 2849 2855 2856 2859 2866 2871 2873 2882 2883 2887 2893 2896 2897 2903 2905 2906 2927 2929 2937 2938 2943 2954 2970 2993 2994 3014 3015 3021 3031 3033 3047 3057 3066 3075 3078 3084 3087 3090 3094 3101 3103 3108 3115 3128 3134 3137 3156 3175
10276 : 1212 1408 1410 1411 1420 1691 1787 2093 2144 2323 2402 2438 2525 2899 3192
10277 : 1197 1350 1398 1470 1608 1619 1684 1703 1744 1910 2064 2109 2176 2204 2263 2265 2497 2568 2580 2598 2750 2753 2998 3008 3065 3104 3195
10279 : 2572
10280 : 695 1009 1392 1738 1746 1754 1974 2002 2016 2061 2126 2226 2299 2375 2572 2705 2722 2939 2961 3192
10281 : 440 598 1347 1381 1765 1845 1879 1892 2208 2374 2560 2571 2716 2720 2988 3059 3088
10282 : 322 1602 1938 2433 2821
10283 : 251 1001 1381 1623 1641 2081 2287 2559 2718 2720 3059
10284 : 1033 1115 1369 2718
10285 : 104 2095 2343 2967 3005
10286 : 242 1067 1261 1404 1626 1925 2146 2249 2919
10288 : 630 1726
10290 : 1590
10291 : 1847 3081
10293 : 1385
10294 : 3087
10296 : 630 974 2175 2186 2263 2368 2396 2739 2859 3180
10297 : 1590
10298 : 2869
10299 : 2377
10300 : 1195 1474 1534 1828 2015 3014 3021
10301 : 558 585 693 728 1099 1237 1621 1916 2484 2821 2907 3014
10302 : 2882
10303 : 78 615 849 973 1010 1147 1169 1194 1274 1363 1403 1411 1415 1433 1527 1568 1638 1725 1727 1901 2000 2051 2060 2096 2160 2207 2216 2248 2254 2264 2275 2366 2498 2567 2606 2711 2727 2749 2827 2859 3010 3041 3048 3076 3081 3084 3157 3167 3183
10304 : 2096
10306 : 536 615 1029 1030 1143 1147 1197 1206 1281 1402 1403 1514 1525 1536 1566 1568 1645 1672 1725 1727 1766 1784 1874 1932 1976 2060 2144 2148 2160 2216 2261 2264 2266 2342 2354 2535 2610 2686 2692 2696 2809 2835 2850 2862 2893 2956 3001 3040 3046 3052 3055 3094 3157 3183
10307 : 875 1764 1997 2216 2294 2295 2301 2805
10314 : 894
10316 : 3108
10318 : 1677 3066
10319 : 719 850 940 941 964 1195 1280 1292 1331 1398 1589 1643 1649 1696 2004 2095 2218 2344 2366 2544 2568 2609 2657 2670 2686 2741 2766 2801 2863 2901 2923 3001 3002 3005 3058 3081 3097 3199
10320 : 615 990 1052 1073 1171 1381 1386 1398 1470 1536 1568 1605 1626 1658 1693 1694 1709 1807 1878 1951 2050 2060 2169 2193 2203 2261 2320 2449 2569 2570 2670 2710 2835 2851 2866 2988 3001 3033 3034 3040 3043 3069 3072 3077 3081 3094 3098 3128 3157 3201
10321 : 679
10323 : 1045 1344 1347 1404 1435 1605 1632 1637 1650 1935 2216 2375 2970 3167
10324 : 1369 1593 1613 1706 1727 2779 2941 3133
10325 : 1650 1785 3017 3054 3058
10326 : 895
10327 : 2569 2847 3046
10328 : 92 1117 2000 2232 2344 2665 2734 2811 2893 2911 3143
10329 : 1444
10330 : 1084 1143 1633 1703 1752 2217 2245 2344 2646 2855
10331 : 1641 2142 2203 2536 2682 2721 3011 3050
10332 : 2297 2858 2911 3066
10333 : 71 380 397 417 670 719 856 971 1035 1048 1066 1087 1143 1145 1155 1384 1389 1457 1467 1519 1528 1572 1603 1628 1650 1695 1767 1835 1890 1962 2002 2060 2065 2169 2197 2217 2233 2341 2355 2356 2370 2389 2538 2561 2924 3049 3050 3054 3073 3143
10334 : 92 531 585 655 724 854 860 861 971 1051 1052 1071 1099 1145 1173 1233 1236 1288 1307 1345 1427 1457 1463 1465 1474 1534 1592 1616 1619 1672 1680 1695 1724 1726 1748 1749 1754 1824 1826 1877 1997 2003 2082 2140 2167 2202 2233 2272 2277 2298 2314 2319 2326 2343 2355 2396 2437 2454 2457 2470 2471 2494 2517 2519 2525 2558 2568 2634 2644 2668 2682 2709 2730 2734 2740 2751 2798 2810 2864 2873 2883 2892 2915 2948 2951 2971 2987 3006 3008 3023 3049 3054 3064 3078 3101 3137 3138 3143
10335 : 724 981 1349 2254 2570 2828 3183
10336 : 858 1003 2034 2571 2682 2720 3047
10338 : 2233 2951
10339 : 2536 3183
10342 : 2233
10343 : 615 973 1455 1748 2370 2451 2809 3024 3129
10348 : 1528 2099 2194 2249 3015 3016 3115
10349 : 605 1309 1456 1503 2065 2218 2979
10350 : 1456
10353 : 2721
10354 : 320
10355 : 973
10357 : 1415 1488
10358 : 2339
10359 : 2050
10360 : 3022
10364 : 2938
10365 : 396
10366 : 1749 2326 2396 2424 2683 2871 2940 3038 3068 3140
10367 : 3140
10368 : 1868 2543
10370 : 1160 2342 2918 3021
10371 : 2865 2870 2945 3068
10375 : 2299
10376 : 3165
10377 : 123 254 536 630 730 1083 1162 1351 1657 1829 1958 1997 2030 2031 2091 2134 2210 2233 2340 2420 2597 2670 2698 2703 2715 2928 3015 3037 3160
10378 : 123 464 2874 3114
10380 : 854 2019 2062 2387 3052
10381 : 2490 2692 3172
10382 : 1548 2231
10384 : 1847 1961 2189 2490 2630 2692 3139 3156 3172
10385 : 48 205 281 321 441 637 670 724 759 1046 1073 1143 1145 1155 1179 1182 1183 1278 1346 1387 1410 1433 1474 1475 1504 1506 1608 1609 1610 1627 1643 1647 1651 1710 1725 1726 1727 1741 1748 1810 1826 1926 1956 1976 2076 2091 2145 2160 2189 2196 2229 2233 2251 2317 2344 2365 2376 2401 2420 2526 2651 2687 2692 2695 2699 2701 2702 2714 2717 2722 2784 2801 2828 2838 2842 2843 2873 2880 2884 2903 2906 3002 3039 3041 3081 3084 3103 3132 3142
10388 : 974 1171 1194 1476 1697 1886 2193 2343 2358 2359 2492 2582 2600 2730 2831 2862 2873 3020
10389 : 3146
10390 : 1906
10391 : 1430
10392 : 2519
10393 : 1891
10394 : 322 972 1087 1196 1915 2167 2187 2311 2314 2484 2692 2716 2870 3027 3049
10395 : 973 1891 2184 2215 2325 2378 2650 2765 2819 2832 2849 2981 3092 3097
10396 : 1891 2794
10397 : 854 1278
10398 : 1066
10399 : 2187 2959 3147
10402 : 1465
10403 : 1134 2911
10404 : 1210
10406 : 1525 1626 1698 1708 1747 1752 1753 1826 1906 2017 2262 2343 2380 2481 2498 2624 2668 2669 2833 2863 2864 2914 2978 3000 3006 3023
10408 : 1647
10409 : 284 2289 2981 3031 3133 3144
10410 : 2369 2828 3047
10411 : 1413
10413 : 236
10415 : 3095
10416 : 265 462 1978 2751 2984
10417 : 2717
10418 : 1482
10419 : 440 531 1749 1751 2480 2888
10420 : 616 2145
10423 : 1012 1307 2054 2711 2836
10424 : 2584
10426 : 2633
10429 : 40 851 1146 1272 1472 2198 2218 2359
10430 : 2692
10431 : 1475
10432 : 2113 3077
10441 : 1806 2177 3176
10449 : 2378 2572 2838 2866 3097
10451 : 1698 2375 2866 2878
10455 : 3066
10470 : 2082
10471 : 1236
10472 : 1703 2167
10476 : 2196
10480 : 2709
10481 : 1711
10485 : 68 116 123 248 254 284 298 441 585 637 679 848 891 941 964 1002 1003 1008 1025 1108 1113 1161 1168 1170 1182 1183 1197 1223 1235 1238 1258 1264 1288 1290 1314 1315 1385 1397 1403 1411 1415 1432 1453 1454 1455 1468 1506 1515 1523 1529 1554 1564 1572 1591 1592 1595 1605 1616 1623 1647 1665 1671 1680 1742 1764 1784 1811 1829 1909 2002 2017 2035 2064 2093 2096 2097 2105 2147 2151 2153 2154 2197 2201 2217 2218 2233 2268 2303 2305 2339 2354 2379 2383 2439 2471 2497 2534 2538 2567 2603 2650 2656 2667 2692 2716 2721 2753 2786 2812 2823 2887 2897 2902 2922 2928 2930 2949 2993 3035 3060 3066 3090 3091 3092 3145 3160 3174 3202 3204
10489 : 3201
10490 : 2498
10496 : 3102
10499 : 96 1590 1673 2811
10500 : 1590 2754 2811
10503 : 2811
10504 : 40 222 320 462 527 585 675 727 796 1003 1062 1155 1198 1258 1379 1433 1489 1536 1602 1623 1630 1637 1703 1788 1877 1934 2002 2015 2113 2160 2196 2227 2245 2246 2319 2341 2535 2604 2664 2794 2828 2832 2833 2881 2888 2898 2938 3047 3077 3083 3090 3114 3121 3153 3157 3177
10506 : 96 417 440 615 1173 1235 1366 1453 1470 1485 1727 1785 2082 2327 2519 2526 2733 2947 3015 3076
10508 : 281 321 322 435 531 533 595 942 1341 1634 1698 1727 1783 1885 1978 2144 2150 2166 2167 2231 2233 2308 2319 2496 2519 2572 2610 2750 2764 2900 2931 3030 3032 3033 3093 3133 3150 3177 3185 3198
10509 : 2015 2125 2179 2683 2840 3039
10510 : 1612
10511 : 695 1366 2626
10514 : 2177
10516 : 2470
10518 : 2666
10526 : 242 2580 2834
10528 : 2437 2514 2596 2799 2829 2836 2955 3167
10529 : 2499 2568 2829 2836
10530 : 2499
10531 : 1146 1159 1784 2471 3053
10547 : 3090
10548 : 397 409 619 655 675 731 758 865 894 1003 1143 1200 1346 1366 1381 1390 1391 1398 1412 1445 1464 1467 1487 1533 1591 1604 1605 1608 1610 1628 1653 1693 1770 1845 1861 1888 1908 1916 1930 1936 1945 1956 1961 1978 2051 2054 2080 2145 2187 2197 2216 2230 2289 2317 2324 2342 2401 2406 2453 2456 2501 2514 2547 2557 2620 2656 2684 2703 2721 2723 2753 2802 2819 2827 2833 2878 2880 2902 2904 2918 2931 2939 2951 2962 2986 3001 3097 3101 3181
10554 : 68 298 585 619 637 675 942 964 1007 1099 1112 1155 1214 1235 1364 1397 1411 1415 1426 1445 1463 1506 1550 1554 1564 1590 1591 1592 1605 1623 1631 1641 1684 1699 1752 1764 1771 1784 1792 1824 1834 1861 1902 1951 2142 2152 2181 2197 2217 2268 2383 2620 2634 2667 2674 2721 2734 2739 2776 2822 2868 2887 2914 2967 2971 2989 2993 3010 3012 3022 3024 3035 3091 3092 3103 3115 3154 3160 3202
10560 : 2304
10566 : 718 1001 1248 1383 1413 1470 1625 1828 1908 2305 2312 2341 2390 2519 2541 2572 2580 2764 2802 2835 2864 2871 2876 2927 2931 2987 3065 3142 3179
10567 : 116 1162 2233
10570 : 20 95 144 241 321 495 497 545 558 1001 1083 1110 1115 1148 1169 1184 1197 1346 1348 1387 1416 1423 1426 1434 1441 1488 1489 1495 1504 1516 1524 1526 1587 1630 1653 1679 1705 1707 1713 1722 1750 1775 1807 1810 1811 1836 1846 1869 1878 1908 1924 1931 1932 1976 2018 2033 2046 2096 2106 2109 2130 2137 2176 2178 2194 2220 2232 2249 2340 2369 2420 2421 2438 2490 2533 2534 2537 2567 2569 2580 2596 2598 2606 2625 2628 2652 2695 2697 2702 2734 2749 2807 2833 2857 2868 2884 2902 2919 2922 2923 2944 2970 2980 3002 3014 3021 3044 3048 3064 3095 3117 3120 3149 3162 3167 3177
10571 : 1117 1272 2061 2130 2423 2998
10572 : 282 531 533 755 849 851 861 944 1012 1029 1145 1180 1346 1350 1352 1379 1387 1412 1441 1483 1517 1551 1638 1679 1726 1727 1788 1829 1847 1875 1910 1936 2001 2018 2078 2109 2135 2150 2160 2170 2177 2186 2189 2201 2219 2228 2231 2232 2289 2388 2494 2555 2568 2570 2582 2606 2650 2697 2702 2711 2714 2722 2728 2770 2805 2845 2846 2901 2919 2936 2963 2986 3001 3011 3021 3042 3058 3085 3096 3117 3128 3135 3163 3164 3165
10573 : 495 1408 2276 2344 2596 2846 2847 3104 3154
10574 : 894 1543 1664 2998 3104
10575 : 2546 2561
10576 : 531 670 981 1145 1379 1408 1413 1592 1630 1683 1711 1725 1811 1868 1877 1988 2176 2217 2267 2368 2494 2547 2584 2624 2695 2702 2703 2726 2794 2840 2931 2969 2978 3034 3081 3086 3116 3163 3180
10577 : 40 46 69 70 71 95 106 116 146 185 202 224 242 243 251 278 284 319 320 321 329 332 380 405 440 441 462 492 531 533 536 585 595 596 619 637 671 677 678 693 695 696 698 717 728 730 731 755 761 794 796 799 825 848 849 858 893 950 963 964 972 980 982 990 1003 1006 1007 1013 1015 1025 1026 1029 1030 1032 1033 1043 1044 1046 1051 1062 1066 1071 1072 1088 1098 1099 1110 1112 1115 1116 1117 1134 1135 1143 1145 1152 1154 1155 1160 1161 1162 1166 1170 1180 1182 1184 1185 1197 1200 1206 1211 1216 1223 1224 1225 1226 1233 1234 1235 1247 1248 1255 1257 1258 1259 1262 1265 1272 1273 1278 1279 1280 1288 1290 1306 1308 1309 1315 1323 1324 1326 1332 1333 1334 1340 1341 1345 1346 1350 1351 1354 1358 1362 1365 1366 1368 1380 1381 1382 1385 1387 1389 1390 1393 1394 1395 1398 1400 1403 1404 1408 1409 1412 1415 1416 1417 1420 1423 1424 1426 1427 1432 1435 1440 1441 1453 1454 1456 1457 1458 1459 1460 1462 1464 1467 1470 1471 1475 1482 1483 1484 1485 1486 1487 1491 1501 1505 1516 1518 1519 1524 1527 1529 1531 1535 1542 1543 1549 1551 1552 1565 1586 1587 1589 1590 1591 1593 1594 1595 1601 1602 1603 1605 1609 1612 1615 1616 1619 1620 1622 1623 1626 1629 1636 1641 1643 1645 1646 1647 1649 1650 1651 1653 1665 1673 1674 1676 1677 1679 1681 1684 1686 1691 1693 1694 1695 1698 1699 1700 1706 1708 1710 1713 1717 1718 1721 1722 1725 1726 1728 1741 1743 1744 1748 1749 1753 1754 1767 1768 1771 1782 1787 1788 1805 1806 1807 1808 1810 1811 1824 1826 1827 1828 1829 1834 1844 1845 1846 1847 1852 1854 1855 1856 1861 1868 1870 1875 1877 1878 1879 1884 1885 1886 1888 1890 1892 1905 1907 1911 1912 1915 1916 1925 1926 1928 1930 1936 1938 1939 1946 1947 1948 1951 1956 1957 1959 1960 1961 1962 1974 1978 1989 1997 2000 2002 2003 2016 2017 2018 2020 2030 2032 2033 2034 2035 2036 2046 2047 2050 2051 2052 2054 2060 2061 2064 2065 2076 2080 2081 2082 2092 2093 2094 2095 2097 2106 2110 2111 2113 2114 2125 2128 2134 2135 2138 2139 2142 2144 2145 2147 2152 2153 2155 2160 2162 2163 2166 2167 2168 2175 2176 2177 2181 2184 2185 2187 2189 2193 2194 2196 2198 2201 2204 2208 2215 2217 2218 2219 2220 2228 2232 2247 2249 2252 2253 2254 2261 2263 2264 2265 2266 2267 2268 2272 2273 2274 2275 2276 2277 2283 2286 2288 2298 2299 2301 2306 2307 2309 2310 2313 2314 2317 2318 2321 2324 2327 2342 2343 2344 2354 2357 2358 2359 2365 2368 2369 2373 2376 2377 2378 2379 2380 2383 2388 2389 2390 2396 2402 2406 2421 2423 2424 2433 2434 2435 2438 2449 2450 2451 2454 2455 2456 2470 2471 2479 2480 2481 2483 2492 2494 2496 2497 2498 2499 2500 2501 2513 2515 2524 2526 2527 2535 2537 2542 2546 2547 2555 2556 2557 2558 2560 2561 2568 2569 2570 2579 2580 2581 2582 2593 2594 2595 2596 2598 2606 2609 2618 2622 2625 2627 2631 2645 2648 2649 2650 2652 2664 2666 2667 2669 2670 2674 2680 2681 2682 2683 2687 2688 2692 2695 2698 2699 2701 2703 2708 2712 2714 2716 2717 2718 2719 2727 2728 2732 2737 2739 2741 2742 2745 2747 2750 2751 2764 2765 2767 2771 2779 2784 2787 2794 2795 2802 2805 2806 2815 2816 2817 2828 2829 2832 2833 2835 2838 2841 2849 2850 2851 2852 2856 2858 2860 2864 2865 2866 2871 2876 2877 2878 2882 2884 2886 2887 2888 2890 2893 2895 2897 2898 2900 2901 2903 2904 2905 2906 2907 2911 2912 2915 2918 2919 2920 2921 2922 2924 2925 2930 2931 2936 2937 2939 2943 2944 2946 2947 2948 2950 2954 2955 2957 2959 2963 2966 2970 2972 2978 2980 2981 2984 2986 2987 2988 2993 2998 3001 3002 3005 3006 3009 3013 3015 3016 3017 3018 3020 3023 3026 3027 3031 3032 3033 3034 3039 3040 3041 3042 3049 3052 3053 3054 3055 3056 3057 3059 3065 3068 3069 3070 3071 3074 3075 3076 3077 3081 3082 3083 3085 3087 3091 3093 3095 3096 3097 3106 3109 3110 3111 3112 3113 3116 3117 3120 3121 3124 3125 3127 3129 3132 3133 3134 3136 3139 3141 3142 3143 3144 3150 3152 3153 3154 3156 3163 3164 3166 3172 3175 3189 3195 3200 3201 3202 3203
10578 : 397 630 1117 1234 1282 1398 1415 1426 1462 1476 1519 1608 1671 1679 1811 1844 1855 1938 1973 2047 2247 2421 2455 2499 2606 2643 2665 2695 2723 2828 2888 2922 2971 2993 3052 3074 3112 3152
10580 : 1686
10587 : 531 616 891 1307 1381 1454 1764 1862 2003 2082 2155 2167 2219 2595 2777 2786 2878 3010 3066
10588 : 1066 1083 1425 1727 1788 1875 1957 2018
10589 : 527 891 971 1002 1048 1062 1350 1379 1517 1569 1593 1691 1722 1768 1843 1852 1876 1925 1988 2053 2082 2180 2194 2233 2251 2289 2372 2410 2437 2523 2527 2534 2554 2645 2670 2699 2727 2986 3042 3044 3067 3077 3097 3110 3147
10590 : 2307 2340 2941 3016 3060 3176
10591 : 185 670 1135 1155 1384 1519 1603 1745 1892 1956 2065 2135 2194 2203 2285 2314 2375 2538 2592 2705 2926 2979 3054 3080 3148
10592 : 332 1148 1292 1423 1929 2034 2096 2141 2310 2634 2779 3165
10593 : 1389 2837 3028 3078
10594 : 329 1381 2020 2152 2310 2572 2623 2887 3052 3181
10595 : 719 2232
10596 : 2232
10597 : 2978
10610 : 68 71 282 321 329 595 616 619 726 848 865 940 950 1159 1172 1197 1235 1264 1280 1292 1308 1325 1400 1413 1454 1470 1485 1516 1519 1527 1540 1543 1544 1571 1594 1608 1624 1634 1642 1654 1664 1721 1767 1810 1828 1829 1846 1856 1877 1939 1974 1975 2033 2036 2046 2060 2082 2092 2097 2139 2187 2201 2208 2219 2247 2263 2283 2308 2310 2317 2319 2321 2322 2342 2367 2376 2378 2402 2406 2421 2437 2485 2497 2499 2594 2606 2625 2644 2669 2680 2695 2703 2705 2726 2732 2745 2767 2807 2816 2846 2878 2883 2890 2898 2916 2919 2940 3020 3081 3087 3097 3111 3140 3150 3166 3181 3189 3192 3193
10617 : 1438
10618 : 2401 2692
10621 : 2368
10623 : 2368 2471
10625 : 2289
10626 : 2536
10627 : 48
10628 : 2145
10631 : 1674 2150 2302 3074
10632 : 1878 2645 3094
10633 : 1391 1674 2951
10636 : 11 14 23 32 40 48 78 89 103 104 111 123 140 149 167 185 240 243 252 254 263 265 272 276 282 284 319 335 358 369 373 393 396 397 403 414 417 435 441 442 454 503 522 527 533 536 537 596 616 619 628 637 640 644 650 670 675 695 698 699 717 719 724 733 734 755 759 801 824 827 832 839 849 851 854 856 858 861 867 879 880 891 892 893 894 940 941 944 953 960 972 991 996 1001 1002 1003 1008 1010 1012 1015 1032 1033 1038 1043 1044 1045 1047 1048 1051 1052 1066 1067 1072 1082 1099 1108 1113 1143 1146 1152 1155 1159 1160 1161 1163 1165 1167 1169 1170 1171 1173 1180 1183 1188 1194 1197 1198 1199 1200 1206 1215 1223 1225 1226 1233 1234 1235 1237 1238 1253 1257 1258 1260 1261 1262 1263 1264 1265 1267 1274 1280 1281 1282 1290 1294 1295 1304 1307 1319 1324 1325 1326 1333 1341 1346 1350 1352 1359 1362 1365 1366 1380 1381 1385 1386 1387 1390 1391 1392 1393 1396 1402 1404 1405 1408 1409 1410 1412 1416 1421 1423 1424 1425 1427 1432 1441 1454 1455 1456 1464 1474 1476 1485 1487 1488 1502 1504 1506 1515 1516 1523 1525 1529 1530 1533 1536 1540 1544 1547 1548 1549 1550 1551 1556 1564 1565 1568 1571 1572 1573 1588 1589 1591 1593 1594 1602 1603 1605 1608 1609 1610 1612 1613 1614 1615 1622 1623 1626 1628 1638 1641 1642 1646 1647 1650 1652 1657 1658 1665 1668 1671 1672 1673 1674 1677 1680 1682 1685 1693 1695 1696 1697 1698 1699 1700 1703 1705 1707 1709 1711 1718 1721 1724 1735 1738 1741 1744 1750 1751 1765 1767 1769 1774 1786 1787 1810 1811 1822 1824 1827 1829 1835 1844 1845 1846 1852 1853 1854 1855 1860 1862 1871 1874 1885 1888 1889 1890 1902 1905 1906 1907 1913 1915 1917 1919 1923 1928 1929 1930 1931 1933 1936 1937 1938 1939 1946 1956 1958 1959 1961 1962 1965 1975 1976 1977 1978 1980 1989 1995 1997 1998 1999 2002 2003 2004 2016 2017 2018 2019 2030 2033 2034 2035 2037 2044 2046 2048 2049 2051 2054 2060 2061 2062 2064 2065 2078 2080 2081 2082 2092 2094 2095 2096 2097 2106 2107 2113 2118 2126 2127 2130 2134 2135 2138 2140 2144 2145 2146 2147 2148 2150 2153 2155 2166 2169 2175 2177 2181 2184 2186 2187 2188 2189 2193 2196 2198 2200 2201 2202 2210 2211 2216 2217 2226 2229 2233 2245 2247 2249 2251 2252 2253 2254 2262 2263 2266 2268 2273 2274 2275 2276 2277 2283 2288 2289 2297 2298 2299 2300 2304 2308 2316 2319 2320 2332 2337 2340 2342 2344 2355 2356 2358 2359 2364 2365 2366 2367 2377 2378 2379 2383 2388 2390 2395 2396 2398 2399 2401 2405 2406 2410 2413 2420 2421 2437 2438 2439 2450 2453 2454 2455 2456 2457 2470 2480 2481 2483 2485 2487 2494 2497 2500 2501 2515 2516 2523 2524 2525 2526 2534 2535 2536 2537 2542 2544 2546 2547 2550 2554 2555 2559 2560 2561 2567 2569 2580 2592 2596 2598 2602 2605 2606 2609 2610 2619 2620 2621 2622 2623 2625 2626 2628 2631 2632 2634 2644 2646 2648 2656 2667 2668 2669 2674 2682 2683 2684 2687 2688 2692 2695 2697 2698 2700 2703 2704 2705 2708 2710 2711 2712 2714 2717 2720 2721 2722 2726 2727 2728 2730 2733 2737 2738 2739 2749 2753 2754 2764 2765 2766 2767 2771 2772 2785 2786 2795 2799 2800 2807 2809 2810 2811 2812 2815 2818 2820 2826 2827 2828 2836 2837 2838 2841 2843 2845 2849 2856 2859 2863 2869 2873 2874 2876 2878 2884 2885 2887 2888 2889 2892 2896 2897 2899 2901 2902 2903 2905 2907 2911 2915 2916 2918 2921 2922 2923 2926 2929 2931 2933 2938 2939 2940 2941 2943 2946 2947 2948 2952 2953 2956 2962 2967 2969 2970 2985 2987 2990 2997 3001 3005 3006 3008 3010 3011 3013 3014 3015 3017 3018 3021 3022 3023 3024 3026 3027 3032 3033 3034 3035 3036 3039 3041 3043 3045 3046 3047 3052 3053 3054 3055 3056 3064 3069 3070 3073 3074 3077 3079 3081 3082 3087 3089 3091 3092 3096 3097 3098 3099 3103 3107 3110 3113 3114 3121 3125 3127 3128 3131 3132 3133 3134 3136 3138 3142 3145 3148 3150 3153 3156 3157 3158 3164 3166 3181 3182 3185 3187 3189 3192 3195 3197 3198 3202 3203
10637 : 1385
10639 : 265 298 865 971 1052 1066 1098 1226 1235 1254 1262 1348 1359 1379 1409 1412 1420 1487 1523 1540 1571 1590 1647 1652 1671 1682 1719 1826 1827 1855 1856 1869 1906 1908 1911 1936 2019 2081 2106 2152 2187 2262 2265 2286 2302 2320 2372 2380 2389 2438 2492 2536 2538 2547 2555 2697 2703 2734 2784 2810 2828 2869 2870 2885 2893 2911 2915 2926 2959 2973 2978 2997 3015 3018 3025 3086 3135 3163
10640 : 48 322 670 717 855 950 1029 1099 1165 1185 1210 1234 1248 1295 1387 1434 1469 1470 1529 1536 1591 1602 1621 1624 1625 1650 1680 1727 1750 1807 1852 1874 2033 2053 2106 2160 2178 2210 2233 2252 2356 2377 2439 2515 2534 2541 2542 2592 2594 2619 2620 2665 2692 2766 2851 2901 2920 2927 2931 2940 2957 2971 2981 3033 3043 3048 3106 3108 3154 3180 3187 3193 3202 3203
10641 : 675
10656 : 2823 3022
10663 : 329 944 1112 1170 1179 1182 1235 1456 1592 1665 1691 1725 1870 2054 2177 2211 2232 2581 2631 2887 2998 3131 3175
10664 : 48 144 695 851 1051 1112 1182 1235 1314 1487 1525 1665 1693 1700 1725 1750 1843 1855 1879 2051 2064 2233 2423 2450 2486 2581 2631 2697 2710 3176
10665 : 303 464 585 616 617 724 851 855 982 1001 1010 1014 1099 1172 1394 1468 1476 1506 1534 1543 1567 1595 1720 1724 1742 1769 1860 1900 1908 1911 1978 2092 2154 2174 2188 2198 2232 2233 2267 2369 2383 2390 2406 2452 2479 2517 2568 2595 2645 2705 2738 2770 2809 2815 2833 2851 2882 2918 2923 2990 2999 3004 3111 3120 3146
10667 : 1468 1610 2082
10669 : 1385 1571 1748 2450 2931
10670 : 596 616 617 724 799 1012 1391 1425 1458 1476 1621 1751 1792 1868 2035 2061 2091 2187 2277 2314 2373 2434 2450 2522 2582 2595 2714 2764 2863 2914 2996 3067 3146
10671 : 185 2682 2882 2928 2988 3072
10673 : 1976 2092 3147 3176
10674 : 3160
10675 : 1180 2766 2954
10676 : 1698 1856 2311 2572 3077 3146
10678 : 2245 2455 2701 2916 2963 3042 3162
10685 : 558 796 1002 1083 1143 1223 1248 1306 1379 1381 1454 1572 1609 1626 1651 1665 1699 1805 1908 2020 2160 2233 2305 2314 2344 2383 2497 2500 2622 2683 2730 2750 2767 2919 2928 2931 2985 2989 3154
10688 : 2343
10689 : 321 595 964 1155 1282 1366 1389 1433 1454 1455 1588 1651 2310 2526 2895 3145
10690 : 116 2895
10691 : 2946
10692 : 1861
10693 : 282 320 860 865 1028 1135 1179 1183 1248 1262 1471 1781 2017 2138 2146 2150 2305 2316 2356 2526 2906 2912 3004 3145
10694 : 282 728 847 942 971 1117 1145 1161 1168 1183 1214 1215 1264 1305 1315 1334 1345 1348 1391 1403 1424 1427 1439 1464 1468 1469 1486 1498 1503 1523 1542 1549 1564 1591 1625 1671 1676 1680 1705 1741 1811 1854 1926 1939 2002 2092 2096 2217 2233 2317 2356 2383 2439 2456 2471 2483 2519 2645 2812 2850 2912 2937 2939 2943 3005 3080 3127 3160 3189 3199 3201 3202 3204
10695 : 1206
10703 : 366 1501 2260 2695 2786 2791 3013 3057 3085 3115
10713 : 3013
10718 : 3102
10720 : 103 1472 2962
10721 : 63 675 1066 1145 1210 1421 1445 1468 1516 1620 1677 1748 1889 1900 2106 2154 2304 2322 2324 2327 2450 2584 2823 2906 3028 3035
10724 : 1628 1847 1874 2018 2050 2233 2275 2283 2483 2572 2701 2850 3045 3070
10726 : 405 1013 1381 1609 1722 2108 2144 2233 2272 2283 2857 3016 3203
10727 : 1722 1956 2275
10728 : 1111 1272 2200
10729 : 1387 1402 1423 1594 1707 1875 1916 1956 2176 2342 2569 2851 2859 2927 3048 3085 3134
10743 : 1847
10752 : 1409 1524 1638
10753 : 48 1116 1197 1351 1438 1643 2266
10764 : 2721
